PATH	SIZE_BYTES	SHA256
DOCUMENTATION/BUILD_FROM_SOURCE.md	883	4588887c5bee166e4faf4e26df76da0551428aadafe108cb70f66a3bd5512105
DOCUMENTATION/CURRENT_RELEASE_STATUS.md	1577	8dbb30208a38460ee75524e5c93e9ffcbb9cbfefa258e95de6ca47257892a618
DOCUMENTATION/FOSS_SCOPE.md	919	82c41408b0ad27f2db152459dd32f31efb7807eaabb25cf6aaa328393dcbdf63
DOCUMENTATION/INSTALLATION_HANDOFF.md	996	05774ba9586118fc33725a955991c95efe4ae851050842c4b2ab4b4689becdb4
DOCUMENTATION/KNOWN_LIMITATIONS.md	1586	c9c2ca192ee5d1d91b6f185342344062e79d7f5b579b00cbc5595c7e38c31f0f
DOCUMENTATION/OFFLINE_RUST_BUILD.md	511	4f5e7b7fa8fdf7893b947da9671ec4a6237ef1c6965067d99ddeedd3fc5cb084
DOCUMENTATION/SOURCE_TREE_MAP.md	738	c10bdc161400b4fd3f7805c6e219d249e28e0c3b86cbadab42cdca31ac3bffbf
EVIDENCE/13_FINAL_MANIFEST_VERIFY.txt	780	27b8672afef6cd88f8fc0ab5aead53524dfc57c1839dcb4a6f58266856a81520
EVIDENCE/RUST_BUILD_PROVENANCE.json	3970	3d82d64f82c2f29b1ced8c519506bd80565dddc0f8556f4df234258e60c6357e
LICENSES/README.md	681	b177f1da0be5aaa23df03c25762a9f90dd6fadefaa76e6c8580a02535e28e952
MASTER_REFERENCE/00_CONTROL/00_EXECUTIVE_SUMMARY.md	686	59b1da8508d9d3ef52f244e98787152e113a362d3a95885b3f4a3b69947b23f6
MASTER_REFERENCE/00_CONTROL/01_AUTHORITY_AND_SCOPE.md	601	02e08e3b4274f809067878fdb9317888faa951ca5be2988583a205cec90763b3
MASTER_REFERENCE/00_CONTROL/02_PRODUCT_BOUNDARY_AND_CLAIMS.md	586	2746a1270cbb28fa68c2ca978f6e5ba35457704405f735f4fa921e25ef067991
MASTER_REFERENCE/00_CONTROL/03_V2_V3_TRACEABILITY.md	592	d03e67a3d0ad4082def6e409fc29846ca92a2cf3cfb53b9a935c58568b9fdd85
MASTER_REFERENCE/00_CONTROL/04_DECISION_LOG.md	2007	b040878f5fbe45ebe04263d571e2b935b1104d0e984a1adff75d3862507a8f65
MASTER_REFERENCE/00_CONTROL/05_RISK_REGISTER.md	1855	d82e48774c9cb0f9cbbb4c5da495fc810c2226354cc9130a803e5033cfbdd576
MASTER_REFERENCE/00_CONTROL/06_DEFINITION_OF_DONE.md	426	9a4ce651b5c94a5780d96f3d66801115961be3d6738e615545d2cf24d80b52ac
MASTER_REFERENCE/00_CONTROL/07_IMPLEMENTATION_GATES.md	619	9edebc7d57a1b3fc399258ed59078e17c24a70f90636f4070d9b91d65f2cabb4
MASTER_REFERENCE/01_PRODUCT/10_PRODUCT_VISION.md	387	0df60453a390da33b9896ed1b2b6c9b722a8990d5e51a555040efbf40536b63a
MASTER_REFERENCE/01_PRODUCT/11_USER_EXPERIENCE_AND_APPROVED_WEBUI.md	536	277b05248bcdd4756e51bdd42ddabb1703761448bcc2813e0403a5c4ebecd3e7
MASTER_REFERENCE/01_PRODUCT/12_LOCAL_FIRST_PRIVACY_INDICATOR.md	441	28ecc0963fe7e0da5c89e6a408a75ce7b4824e2a28c6429fd982906fde629685
MASTER_REFERENCE/01_PRODUCT/13_EDITIONS_LICENSING_CONTINUITY.md	572	a798a12d16be8215edbf4b465cb760cf59b490080278b0722d8c9db3e685bd76
MASTER_REFERENCE/01_PRODUCT/14_IDENTITY_COLLABORATION.md	493	7fbb4b1efd1454715e741cd47789d1b0608b13a6b276d0191c8c91a35f83af72
MASTER_REFERENCE/01_PRODUCT/15_ACCESSIBILITY_LOCALIZATION_TIMEZONE.md	429	10dc0ee47e8d6456becb7df45b617a72e0a6d4cc27fc688646717a712e3cab6a
MASTER_REFERENCE/02_ARCHITECTURE/20_TARGET_ARCHITECTURE.md	448	578e4726fe5c9f152dbc17c52aa626c8b3376ff6cdbb71b5d6d393d5514abbe3
MASTER_REFERENCE/02_ARCHITECTURE/21_LANGUAGE_AND_STACK_DECISIONS.md	511	6e225a34d02e50d761ee871bd774f9fe31e9264d2fe9e9e60a65309b8ac7d553
MASTER_REFERENCE/02_ARCHITECTURE/22_REPOSITORY_ARCHITECTURE.md	660	85c26940d8c39f4d31473d41c8a43303b44d4426e0054eb5548955d82780f1f8
MASTER_REFERENCE/02_ARCHITECTURE/23_PUBLIC_PRIVATE_COMPONENT_BOUNDARY.md	595	bf430ed55ea549262eb2e323d97a67afae8b6aa45830e712bd787e8a1f603282
MASTER_REFERENCE/02_ARCHITECTURE/24_DATA_STORAGE_ARCHITECTURE.md	628	b803c94728468a135b8e1a457ec8af0c054cfc503979661fea74ac442b2eb3e7
MASTER_REFERENCE/02_ARCHITECTURE/25_INTERFACE_AND_EVENT_CONTRACTS.md	563	f59b81bd449faeb294f00c4b952d72a5213ad4e7ea50b0a35e012ee009937314
MASTER_REFERENCE/02_ARCHITECTURE/26_SINGLE_CONTAINER_DEPLOYMENT.md	554	a6ea6ab74b4be07c37af588833803ff0352ce9cf7bee7e67fd4236a59a37cabd
MASTER_REFERENCE/02_ARCHITECTURE/27_ENTERPRISE_SCALE_OUT.md	431	b0f7c4d8f69cccb831eae0fba9256d99eeef57704045e0e0c2f13930d1322051
MASTER_REFERENCE/05_OPEN_SOURCE_COMMERCIAL/50_DUAL_LICENSING_STRATEGY.md	773	abf4bdd08cb0aadf5e54ca06a7dc70e677029e8b430ab594756e32f5fc076860
MASTER_REFERENCE/05_OPEN_SOURCE_COMMERCIAL/51_PUBLIC_REPOSITORY_GOVERNANCE.md	571	dbfd702a656baad93ac9933eddc69a11e7701e984a5fe226fa16a0f69557f1cd
MASTER_REFERENCE/05_OPEN_SOURCE_COMMERCIAL/52_CONTRIBUTIONS_CLA_DCO.md	518	8279d73c5042e296a27fd7a397c9f138a08ad52f79f4b77d060662af6f48aa7b
MASTER_REFERENCE/05_OPEN_SOURCE_COMMERCIAL/53_TRADEMARK_CERTIFICATION_POLICY.md	480	ad3c0e64d3f68fa57148c65ee5f1994f89c293c096611ba7c99e6c12e3ecb11c
MASTER_REFERENCE/05_OPEN_SOURCE_COMMERCIAL/54_DEPENDENCY_LICENSE_POLICY.md	534	bc466d760038fbb05574b72972dd9f2c4b7b2daa1dcc4ff7682f21c4356c72b0
MASTER_REFERENCE/05_OPEN_SOURCE_COMMERCIAL/55_GRANT_COMPATIBILITY.md	647	09e4e2ddcb57ee2e04bc22d342f19c9b6d4c8a716b53b8e26a855176742dd165
MASTER_REFERENCE/05_OPEN_SOURCE_COMMERCIAL/56_FUNDING_WORK_PACKAGES.md	474	210ff7f23ee72f987551b0b4becb64024126cdfa17b6125b4222fa06cc18ddd4
MASTER_REFERENCE/05_OPEN_SOURCE_COMMERCIAL/57_OPEN_SOURCE_SECURITY_MAINTENANCE.md	427	680968eac02cfcf7eff72797615b7fb1ee3b5179d0474d0d7dd4ec8568d50da2
MASTER_REFERENCE/DESIGN/APPROVED_WEBUI_REFERENCE.png	1437488	42c8b6fa5da6d769d43d32d17aec0350a1106ebe48e283d794f6694671fd7c27
MASTER_REFERENCE/MASTER_SPECIFICATION_V4.md	6102	0c6cdeddba50f0a50963e94d79682ecf9b600c495d213382a445fe63a13190e0
MASTER_REFERENCE/SCHEMAS/capability-manifest.schema.json	1703	5acc863767a64e42b733dfa20fece9590b41f7196988ed1c7caa8abc4db8a251
MASTER_REFERENCE/SCHEMAS/compliance-pack.schema.json	1001	4f8481dd939fbe3cf7bfd4f10b36ee374f45a1a182bbcb229bc544aeb891878d
MASTER_REFERENCE/SCHEMAS/data-classification.schema.json	894	c48b7b10983e03aa86a27042cbab1b2e4b2f6abb23b400c3e7e978a00eb5dce1
MASTER_REFERENCE/SCHEMAS/grant-work-package.schema.json	950	3f11e48eecefe93080e45afad9bc8d713076883fa7108f0fb912605add373ba4
MASTER_REFERENCE/SCHEMAS/industry-module-manifest.schema.json	1445	3be0765c79f3fd79e2e79203c11f8f42a4ac5513eeddaeea78423863512bf26a
MASTER_REFERENCE/SCHEMAS/model-descriptor.schema.json	1391	f7667ffdffe88bb04de298124660c722e371d4b6d28cede3cc38627a96d60845
MASTER_REFERENCE/SCHEMAS/owner-entitlement.schema.json	798	0d56caeb61f6d320da110f939ef459087a0a2322907d47ac697642d671e9ca0a
MASTER_REFERENCE/SCHEMAS/project-state.schema.json	791	b63011c2bd35b97e0fb8c073459e8da8639b618c8b72902982dd6de3100cee68
MASTER_REFERENCE/SCHEMAS/runtime-adapter.schema.json	989	f280d1f33514fb7913ae925bf17ab81466c3df4c738b83ae9fcecb98d9e46f0f
MASTER_REFERENCE/SCHEMAS/update-metadata.schema.json	833	f1302c6af47121dec0a1989c0c42ea5a43f5ef2131e7e0ad1f0aa504e871ef1d
PACKAGE_METADATA.json	2176	aaeaf7d6ac52e7171f5c7d591af44eb85712aa52785ea002844fa3f2514f9362
README.md	1563	25fdea235a0d9edbb74a7822020abb8a04baca3b599a5c731cce5bef14c2f514
SOURCE/PRODUCT/ARCHITECTURE.md	5859	a7d8906bf8e394adb0a55d0db2888e7de67a4d4bcc1972297c4cba2ef2b88e30
SOURCE/PRODUCT/LICENSES/README.md	586	1fc7e2689aae74fe2029315dbedb74e243f4384311e9c664ec44f0397bcdece8
SOURCE/PRODUCT/MANIFEST.sha256	660447	02f3c468593361caa80ae2b14583cd6668961373dea242a7943c3e48a1bbc0fa
SOURCE/PRODUCT/PACKAGE_METADATA.json	4677	76ad0e369e9f45f8d91269bf81b5101ea187ebc4d17a9ea4907d670b05477157
SOURCE/PRODUCT/README.md	2024	219894b2b7e66ac6d3b68eb54346ff31ed20ba7bc21db9f02da8390e4ba3dda8
SOURCE/PRODUCT/SECURITY.md	2959	ad6dc1150635ad09c5edaf3fbb8954b2a9e75e362a1977d2e839a823c01ef028
SOURCE/PRODUCT/STATUS.md	1986	b0e3f4e2ee93e9bb15b377a98ea0ed55a39fc44c4e5f2b28b7759d0d612f8b07
SOURCE/PRODUCT/VERIFY_REPORT.txt	1639	8dc37afae5e18738fdbd4192df0aaa79f0663e4503b68b66c4124c38db6d9918
SOURCE/PRODUCT/apps/webui-react/README.md	412	a7d591d88cb13e177ca75b2d41b038fab91075da4df233f6498b411321df7451
SOURCE/PRODUCT/apps/webui-react/package.json	300	f7d7c0d0c7de675a38ae04f593a70e904e0904f9b4c383c2897ab1c8816ff392
SOURCE/PRODUCT/apps/webui-react/src/privacy.ts	359	aaa33d28d9ff758e2fde5aa8901680979d15dd0fbfdf4742c1a689b501f91e53
SOURCE/PRODUCT/apps/webui-static/app.js	44617	f9a59bbc8055cbce66e9fb3848d2f1efb1497eeeb8a9e5e26f0177418895e311
SOURCE/PRODUCT/apps/webui-static/i18n.js	3461	5f28099bc711c0b65b3430a1596bc6f7f9b6c988a7450ace4b2222d86ce19cb7
SOURCE/PRODUCT/apps/webui-static/index.html	21702	1e7551373b1fa04a1750a9efd0fffe91672e8096db3ad0cc8e5143cba4abae5d
SOURCE/PRODUCT/apps/webui-static/styles.css	10736	7443c90551d39875377dd465565ed247a35c9c823935e94f238aaba5df07a32e
SOURCE/PRODUCT/capabilities/examples/packages/noesar.foundation-public.pem	113	252ce79021911f6c932b74c92002e761b9849304f8e068f3a77cb669cb54b0c6
SOURCE/PRODUCT/capabilities/reference/bin/noesar-capabilityctl.py	4148	f5cc2a19eb5c3a4e51f7d56367b9e6648b157690018e921c6c812c2c7f4d62e6
SOURCE/PRODUCT/capabilities/reference/noesar_capabilities/__init__.py	1125	d8127218b0315da9c37d5ce54e96075f68011afb9f46cd38d07f08c34938dfe0
SOURCE/PRODUCT/capabilities/reference/noesar_capabilities/approval.py	2693	21058b23e4919148db5e3e8138d3893e845b2f1e000ff86a70334deae6d7b415
SOURCE/PRODUCT/capabilities/reference/noesar_capabilities/audit.py	1746	0427815ccce6b2122eb5f4310890cf22e18c18e09495869aa768a31c952e16a4
SOURCE/PRODUCT/capabilities/reference/noesar_capabilities/builtins.py	1166	2a0be7f71f453be41c2273a31cd45bcfcac8fb86da5eb75c4e033c09d4dffa4b
SOURCE/PRODUCT/capabilities/reference/noesar_capabilities/crypto.py	921	095652d90d1ac07860c41c2e5b2f5af1b0085dca41625c5723c4f9bd0ba1babb
SOURCE/PRODUCT/capabilities/reference/noesar_capabilities/execution_authority.py	6567	498e3669e5e32629f5528f32fab5124fea05fda07b9607b2279499215117ae14
SOURCE/PRODUCT/capabilities/reference/noesar_capabilities/execution_ticket.py	6303	ddd9bc7913a095643795eb9a967ea971b84e60f4187578351b1d777d52922118
SOURCE/PRODUCT/capabilities/reference/noesar_capabilities/identity.py	2198	d2ae5ef200580516dea62a5645a6d131dcdc6a0b2162b353a75cdc9aadfc98a5
SOURCE/PRODUCT/capabilities/reference/noesar_capabilities/ipc.py	5353	10f82f265f06c8b36a612f6a3c0e6356c3cd3dc91c294395ad491db669ce81c7
SOURCE/PRODUCT/capabilities/reference/noesar_capabilities/manager.py	21703	3d9ecbc6056d6688ed8d5ea78df28ee4e21c9ccdb994b0f4844002d56d19c06b
SOURCE/PRODUCT/capabilities/reference/noesar_capabilities/policy.py	4695	082eff64314e50d884aeb1ff1f00a48acf5e30804e5d2f4b716c89c6416b47dc
SOURCE/PRODUCT/capabilities/reference/noesar_capabilities/production_evidence.py	7450	efdb61c19453590544feba8d8f8e69057f8b54e3b46bc11b852f8fcf9cd0d6dd
SOURCE/PRODUCT/capabilities/reference/noesar_capabilities/protocols.py	2041	6fa32bacd3c3a4989c0bc0ce03000fed3206fe8134d69c72bd12017abf8219d6
SOURCE/PRODUCT/capabilities/reference/noesar_capabilities/revocation.py	2373	cb87cd6cca557a76f78fcc7072fb441b9e1ad14e65192c99d14ca5add27081f7
SOURCE/PRODUCT/capabilities/reference/noesar_capabilities/sandbox.py	12803	23a48a5ef0c6c3a6280e98993583acbb0ff8e9c071b73ad747fe9c6ad7da3c7b
SOURCE/PRODUCT/capabilities/reference/noesar_capabilities/sandbox_attestation.py	6950	ca5f996e92085a1869b8268c538b006d6b60c29da74482540057da17bf0a5c83
SOURCE/PRODUCT/capabilities/reference/noesar_capabilities/util.py	3690	5ee9259e2bae95edf5b9fc55760be7e706f2c18835b3c8ec3f83e1d8cce8bfc9
SOURCE/PRODUCT/capabilities/reference/tests/e2e_authenticated_lifecycle.py	4721	8dc5c565001335f9377cd870addf37eb48ffd0482748e1560e029c70c58506db
SOURCE/PRODUCT/capabilities/reference/tests/fixtures/echo_worker.py	279	5e4732a55cc498c91b7670ff109484b7681846246fd79e77b6a08feb814903d7
SOURCE/PRODUCT/capabilities/reference/tests/fixtures/memory_worker.py	76	94a478d789a240e7fea3ac312991e2e9fcb0589e53b4ceadff4212517018a118
SOURCE/PRODUCT/capabilities/reference/tests/fixtures/output_worker.py	43	c6506d91367b9d96d0617a5b4762f200d47808542c89979e6e527de6a515969e
SOURCE/PRODUCT/capabilities/reference/tests/fixtures/sleep_worker.py	50	a5e32fbd76918935f2492a1b4c2134bbdd9071a73b97e337eb8a69a5c5108d13
SOURCE/PRODUCT/capabilities/reference/tests/test_capabilities.py	16804	f5330e3376df1a3de6bf0ec8ba52e58ed34bfe0b14c53ad5cca0c811ecd0dff2
SOURCE/PRODUCT/capabilities/reference/tests/test_sandbox.py	11016	d05b01edbfeb3a2bbfb08e4ea40aca1f7f63deee26b771bfd809ff425bba4cfb
SOURCE/PRODUCT/capabilities/reference/tests/test_v040_security.py	13987	73f547a230c1584aed2c8fbd7a79be60ddefef80665306a8384517e0523d6e94
SOURCE/PRODUCT/capabilities/reference/tests/test_v050_production_evidence.py	22311	9678837569ead02988a97dc6cfdbebe6adc1a5bc5ef36899d0ddc240fd4bedb4
SOURCE/PRODUCT/capabilities/sandbox/README.md	683	c3a2b294edd76ac5bacf0a46b1ec7d38cac103228a46f89df370c2d9161eeda9
SOURCE/PRODUCT/capabilities/sandbox/capability-execution-contract.json	454	d544c304334af864390484f72eb273fb6e703b01e559e866407246b0f2baa908
SOURCE/PRODUCT/capabilities/sandbox/wasi-profile.json	437	8f61df26a287acd96ec79ddccc1cb0332bab83c629211ee7cd7f90af6042a262
SOURCE/PRODUCT/capabilities/security/license-policy.json	301	ab737344af7fc7ec04d6cfca48906deb0cb5c17c331f8ae97e36128c68cca627
SOURCE/PRODUCT/capabilities/security/permission-catalog.json	1049	7c949f95d1e65eb8617245167597d409a10161e1fc0842a262170f7f5aa833ee
SOURCE/PRODUCT/capabilities/security/role-action-matrix.json	875	31599b8e77304230a7a7cfcec9ad28cab1a2d25602ed1ad6ad6bd699e2f55c96
SOURCE/PRODUCT/capabilities/security/sandbox-profiles.json	1599	d04474156f37808d2f25abed45ea5a55061e39b1ba0fba206ebade49dfaa37ea
SOURCE/PRODUCT/capabilities/security/trust-level-policy.json	532	64165439aa8dc0cd808662d287eb599279656c7703fa971f9fbbd6ec36a961b0
SOURCE/PRODUCT/capabilities/templates/capability/manifest.template.json	636	108d55e7ccfe518603e1c3f09105a65cb7f1e7f8ab8970f5c8d27c54103526de
SOURCE/PRODUCT/capabilities/templates/hardware-adapter/adapter.template.json	399	0c6329591a760d4b2edcf2b0a7450c582b18ee07d5f78707ca1347967dfb80bf
SOURCE/PRODUCT/capabilities/templates/industry-module/module.template.json	764	f4282f37436189c0d9b9533c5bd1e305baf0f9e01f5d6f127e1002746ab97d54
SOURCE/PRODUCT/capabilities/templates/runtime-adapter/adapter.template.json	529	51661b9e3acc03945a7cf748551ddf6a2c44fea90c27f2972e84354b657390be
SOURCE/PRODUCT/capabilities/tools/build-signed-package.py	2255	cdbe38fc04d05331f834c3781cfb26ce9e99a4443e3b73457f3a96a35f2cd5c1
SOURCE/PRODUCT/capabilities/tools/verify-package.py	1156	215f9926ce4d0b7ff4abba85d400a0a3b6829eef1954a3f4167895e82225205e
SOURCE/PRODUCT/capabilities/tools/verify-production-evidence.py	1362	9997e660202398c0c5627e0ab49214bafcb0f55c7674fc026ee5322cd368aec0
SOURCE/PRODUCT/conformance/authority-vectors.json	5595	2b93eade95e5e7e017dbd4d18ec4450203184163be31ce29661adcca060a8c9f
SOURCE/PRODUCT/database/README.md	372	c1a329c4f11b163bce9954d93ecebacd145b62c956c80ccef93c31b4b68b18ec
SOURCE/PRODUCT/database/postgres-baseline-v0.4.0/0001_schemas_and_extensions.sql	368	4ac650f7b4f8c6c48b755ad1df66c63f7673a2eba2425a3730a2946fcd47404e
SOURCE/PRODUCT/database/postgres-baseline-v0.4.0/0002_identity_and_sessions.sql	1273	4c486d5977a1d828d8fe4debf5f650dd8cdc0641e1e7a075dca29bca42d5aa75
SOURCE/PRODUCT/database/postgres-baseline-v0.4.0/0003_workspaces_projects_members.sql	1158	2fac5ed820ac4f400326e338d2740a97142aa3e57957bd57e59fb2a729fc5c91
SOURCE/PRODUCT/database/postgres-baseline-v0.4.0/0004_audit_ledger.sql	1263	54eed9862346f1f5068bb0b90fb85c5d036b94a2422524f7273719f3ece20530
SOURCE/PRODUCT/database/postgres-baseline-v0.4.0/0005_publishers_capabilities.sql	1801	0f5404f9dc9c79b85b6d93f852c621173b9b28102e06f59fe6fa6da87fcbffc2
SOURCE/PRODUCT/database/postgres-baseline-v0.4.0/0006_documents_memory_models.sql	1803	52dfb544c67502f4938296be12cb6cfcdc661c9a2f7fdfc93478ecfd3b35e0f9
SOURCE/PRODUCT/database/postgres-baseline-v0.4.0/0007_row_level_security.sql	2497	cfcadcc9449a3119ea43548cb24f60098826fedac749099bf350fd22a61c5f91
SOURCE/PRODUCT/database/postgres-baseline-v0.4.0/0008_migration_ledger.sql	791	5e57c0ec8d2b0a255f79cb0411766f91048a2c3f36f3be5725bcedca2dc3c9c0
SOURCE/PRODUCT/database/postgres-baseline-v0.4.0/BASELINE_STATUS.md	202	96fc757a99e1f49bdd0ad7b09c54ec0296aa30ecdfdbaf8470b546babc1e5680
SOURCE/PRODUCT/database/postgres-baseline-v0.4.0/MIGRATIONS.json	1735	7950a18a9cdda26487091a7cb6e81d652eb97d58e3c39523acd0d144f595b236
SOURCE/PRODUCT/database/postgres-baseline-v0.4.0/README.md	499	5fd482fb6681ed2bac62f2aee43dbab2a503ee18f49313f1941ec6255899694d
SOURCE/PRODUCT/database/postgres-baseline-v0.5.0/0001_schemas_and_extensions.sql	368	4ac650f7b4f8c6c48b755ad1df66c63f7673a2eba2425a3730a2946fcd47404e
SOURCE/PRODUCT/database/postgres-baseline-v0.5.0/0002_identity_and_sessions.sql	1273	4c486d5977a1d828d8fe4debf5f650dd8cdc0641e1e7a075dca29bca42d5aa75
SOURCE/PRODUCT/database/postgres-baseline-v0.5.0/0003_workspaces_projects_members.sql	1158	2fac5ed820ac4f400326e338d2740a97142aa3e57957bd57e59fb2a729fc5c91
SOURCE/PRODUCT/database/postgres-baseline-v0.5.0/0004_audit_ledger.sql	1263	54eed9862346f1f5068bb0b90fb85c5d036b94a2422524f7273719f3ece20530
SOURCE/PRODUCT/database/postgres-baseline-v0.5.0/0005_publishers_capabilities.sql	1801	0f5404f9dc9c79b85b6d93f852c621173b9b28102e06f59fe6fa6da87fcbffc2
SOURCE/PRODUCT/database/postgres-baseline-v0.5.0/0006_documents_memory_models.sql	1803	52dfb544c67502f4938296be12cb6cfcdc661c9a2f7fdfc93478ecfd3b35e0f9
SOURCE/PRODUCT/database/postgres-baseline-v0.5.0/0007_row_level_security.sql	2497	cfcadcc9449a3119ea43548cb24f60098826fedac749099bf350fd22a61c5f91
SOURCE/PRODUCT/database/postgres-baseline-v0.5.0/0008_migration_ledger.sql	791	5e57c0ec8d2b0a255f79cb0411766f91048a2c3f36f3be5725bcedca2dc3c9c0
SOURCE/PRODUCT/database/postgres-baseline-v0.5.0/0009_roles_and_privileges.sql	1781	ab5306a31184a38e3a378d0f75a37363a9d69d66b3514c8ca00bd4101607a121
SOURCE/PRODUCT/database/postgres-baseline-v0.5.0/0010_runtime_security_acceptance.sql	2268	9301dd949ae0bc42e75509fc5918d264e2cf5bf801b9d67b6aa1a087d8812d80
SOURCE/PRODUCT/database/postgres-baseline-v0.5.0/BASELINE_STATUS.md	218	0cde435669b01cf13ba1fc997d026b836a6ee009e1236e3c1a236cdc7aa71980
SOURCE/PRODUCT/database/postgres-baseline-v0.5.0/MIGRATIONS.json	2161	e972a82d04b315e7495c41205d8e685f3d52dd7d15c6c5a623d79b8aa2a0f094
SOURCE/PRODUCT/database/postgres-baseline-v0.5.0/README.md	647	88faa39013dee30a9dcd4199833e075fa37cd055e2ac784fb80ddffacd698a27
SOURCE/PRODUCT/database/postgres-legacy-v0.3.0/0001_identity_and_sessions.sql	1295	253437768d7d7d98dfe47834bdcf3b0bd03108b5b7e8a1b189174f2e7bcfe8ab
SOURCE/PRODUCT/database/postgres-legacy-v0.3.0/0002_workspaces_projects.sql	1053	5f7e6d63edc0cbbacc9ed70e961af4899c1e8eaf6ec536c46c8d3bdd2e759f88
SOURCE/PRODUCT/database/postgres-legacy-v0.3.0/0003_audit_ledger.sql	721	2b53d39b51a4e3eaf26ecdc9d57ee047dcfe99e929d86194f07d42786d736701
SOURCE/PRODUCT/database/postgres-legacy-v0.3.0/0004_capabilities_publishers.sql	1625	21b14e034e1fcb665885a3122bf4f07cffd51f26d82504226892d0bfb4d2750d
SOURCE/PRODUCT/database/postgres-legacy-v0.3.0/0005_documents_memory_models.sql	1605	f3fb0c8fe57ff5883c627dd68b06d38efbe65802ffbb7f4622b178a0e1f1d158
SOURCE/PRODUCT/database/postgres-legacy-v0.3.0/0006_row_level_security.sql	1202	941ea2f41a3fc24f067d3d069d0b1e8aa17853399184f5951aefc70716b59c28
SOURCE/PRODUCT/database/postgres-legacy-v0.3.0/0007_migration_ledger.sql	263	f5e955131ef547ad898a93ba51d2f0ddef2818b4b7d8ebf669861c6fa03d2414
SOURCE/PRODUCT/database/postgres-legacy-v0.3.0/LEGACY_STATUS.md	433	9417ee7bbd28a3ab624eb7a4e54118126348ae78bf3208223f52b1f8ad8f940f
SOURCE/PRODUCT/database/postgres-legacy-v0.3.0/MIGRATIONS.json	1302	8aa61193ea0e563bc55062a0b3399ad3ca11559637fc9e9fd9ee079fefb703aa
SOURCE/PRODUCT/database/postgres-legacy-v0.3.0/README.md	556	59c751afe61159849a115a24398f2ed7dcb9c902cc0ffd7e974aafdb19f2a81a
SOURCE/PRODUCT/database/postgres-legacy-v0.3.0/apply-migrations.sh	551	48bd31a66dd1b6152fc57c74371a82e47199589803ebdf436bb1e93d042038c0
SOURCE/PRODUCT/database/postgres/0001_schemas_and_extensions.sql	368	4ac650f7b4f8c6c48b755ad1df66c63f7673a2eba2425a3730a2946fcd47404e
SOURCE/PRODUCT/database/postgres/0002_identity_and_sessions.sql	1273	4c486d5977a1d828d8fe4debf5f650dd8cdc0641e1e7a075dca29bca42d5aa75
SOURCE/PRODUCT/database/postgres/0003_workspaces_projects_members.sql	1158	2fac5ed820ac4f400326e338d2740a97142aa3e57957bd57e59fb2a729fc5c91
SOURCE/PRODUCT/database/postgres/0004_audit_ledger.sql	1263	54eed9862346f1f5068bb0b90fb85c5d036b94a2422524f7273719f3ece20530
SOURCE/PRODUCT/database/postgres/0005_publishers_capabilities.sql	1801	0f5404f9dc9c79b85b6d93f852c621173b9b28102e06f59fe6fa6da87fcbffc2
SOURCE/PRODUCT/database/postgres/0006_documents_memory_models.sql	1803	52dfb544c67502f4938296be12cb6cfcdc661c9a2f7fdfc93478ecfd3b35e0f9
SOURCE/PRODUCT/database/postgres/0007_row_level_security.sql	2497	cfcadcc9449a3119ea43548cb24f60098826fedac749099bf350fd22a61c5f91
SOURCE/PRODUCT/database/postgres/0008_migration_ledger.sql	791	5e57c0ec8d2b0a255f79cb0411766f91048a2c3f36f3be5725bcedca2dc3c9c0
SOURCE/PRODUCT/database/postgres/0009_roles_and_privileges.sql	1781	ab5306a31184a38e3a378d0f75a37363a9d69d66b3514c8ca00bd4101607a121
SOURCE/PRODUCT/database/postgres/0010_runtime_security_acceptance.sql	2268	9301dd949ae0bc42e75509fc5918d264e2cf5bf801b9d67b6aa1a087d8812d80
SOURCE/PRODUCT/database/postgres/0011_production_attestation_ledger.sql	3417	5f6111d839abe0aa5653aeb8c2cdd1f1ece807b1c1729a9daed04216bed30e76
SOURCE/PRODUCT/database/postgres/0012_audit_chain_and_release_gate.sql	3109	2818a4ab0ca39760ac02fc1e70914fda298df5f69d6cde97900580f521c4a558
SOURCE/PRODUCT/database/postgres/MIGRATIONS.json	2597	6bf1565c7a5188eb9043f79bf8d3262c2d758979def05b1c825a17fc84af2ff1
SOURCE/PRODUCT/database/postgres/README.md	671	8634767177597c1dc16d79926757a270ecbc0cd31fa990ac0f16a4be152eb153
SOURCE/PRODUCT/deployment/docker/build.sh	213	b73f32e73a459f07004bde1567f68663a12f92984bc166037fb8d73b5a379111
SOURCE/PRODUCT/deployment/docker/run.sh	1562	31f7d0aa402619391b024d80e16907e14d360206f8a66f7baf05fc240c206d24
SOURCE/PRODUCT/deployment/linux/install-portable.sh	1238	73b4cdc400821dec4eb8ae65bc653e20ec0943c3b9699bd07b88eeceb2e873bf
SOURCE/PRODUCT/deployment/linux/noesar-evolution.service	1177	3490a6dd685a02cf62ed90702604db9328887ba402bdf5710995c95cd2c6afe1
SOURCE/PRODUCT/deployment/linux/uninstall-portable.sh	238	14515595863a0ae86e95c7bf6f3c9abed59b69a246ca03dda4cb1acc8b171283
SOURCE/PRODUCT/deployment/macos/com.noesar.evolution.plist	1033	45065a15c84b3bef885d9df48ccfe3621ac066d5a6e96dfa8c27eb549ba5e82d
SOURCE/PRODUCT/deployment/macos/install-portable.sh	1070	5f872b2c3c265547f3e34f50648465ef3be7943c42637d0fa43c7bfdd0cd8560
SOURCE/PRODUCT/deployment/podman/build.sh	226	5b03052743e2d87c2dc8c3565f1ddfa1232b0966258d83de3f1393f0fa0ae040
SOURCE/PRODUCT/deployment/podman/run.sh	1281	7dd745654fa00f32522eecb6d0c109ae52d14da29d61df38473e7036b1283f02
SOURCE/PRODUCT/deployment/production/README.md	598	a6f6be42fe1d898c08ca01813423d57e8b0f612dbb2be0f1137320d1f877c03c
SOURCE/PRODUCT/deployment/production/noesar-production.env.example	367	37cd706a13d733554178b291ff2dbec9edf5ad838aaeae37d3695a23dafa6f19
SOURCE/PRODUCT/deployment/reverse-proxy/Caddyfile.example	190	5fd1dbe70940af3d2c130960b4003be14dd8c65a3a5ba9d0da63371a62f40186
SOURCE/PRODUCT/deployment/reverse-proxy/nginx.conf.example	395	6d9fce76a14d97e21dbe6c809ec88426e20ed22c30c7c77574bbd00b7767d508
SOURCE/PRODUCT/deployment/unraid/install-complete.sh	2443	98e0aa7c1d828b66cd15f056f20db20489a3ab6dcd577c493bc494fcb503b802
SOURCE/PRODUCT/deployment/unraid/noesar-evolution.xml	1650	aa9c9ce3bcff71f9b2b918025e325e7090064bb8ccb83195c174909719474380
SOURCE/PRODUCT/deployment/windows/Install-Noesar.ps1	1160	a29e1808db550bbb822cbf167a94817184af07df5205229236b74bf8c80d0358
SOURCE/PRODUCT/deployment/windows/Show-FirstOwnerToken.ps1	260	7c48dc5ccd801686bfb00e7de7043345dd5c411ed97670c42fc38568df5253bf
SOURCE/PRODUCT/deployment/windows/Start-Noesar.ps1	1153	18ea12598ed1a1c3a68c3d7c1a943c2a79cc1db106eb4e2400838958c183d48e
SOURCE/PRODUCT/deployment/windows/Test-Noesar.ps1	258	6d80172a53ff39fb51f0d6d2d7886c935013f8beb31873f80c71b1bdc7666edc
SOURCE/PRODUCT/deployment/windows/Uninstall-Noesar.ps1	212	b5748d8de7715a30f182e9fcbabbddc25a85978d4743f38bcf0e7ea87b70a813
SOURCE/PRODUCT/docs/AUDIT_HASH_CHAIN_V060.md	394	0767ce831c62cc71aaf2a5dfb47f958148571431e3e8016b295d4180eedfc65b
SOURCE/PRODUCT/docs/AUTHORITY_DAEMON_V060.md	525	bf7f89b5ea581d6dbff828cb555977a1565cbbdad5c50d09930863de1c492132
SOURCE/PRODUCT/docs/AUTHORITY_IPC_PROTOCOL.md	450	692ec6ba8c941a3a834486fe39c1a17c1284b48eab248fcb25c4a6d6614c4bc5
SOURCE/PRODUCT/docs/AUTHORITY_TRANSPORT_V050.md	457	094d8da8694365c6919a4e2ef0b4b514b66542bf04873e8b59c11f781f699c9b
SOURCE/PRODUCT/docs/BUILD_CONTEXT_CONTRACT.md	6722	0e726bd99085dead21d662f30dcea6ebaa2956c88e09bd00bce80006a4b0f8cc
SOURCE/PRODUCT/docs/MIGRATION_COMPATIBILITY_REPORT.md	728	531083ebc8782edfd5735c94394a4047f0b7075edffc204eb5155fb1e97a3002
SOURCE/PRODUCT/docs/POSTGRES_PRODUCTION_GATE_V060.md	403	2f9d968d87672d0e738c0ddba77fa099eef9ebbc7b38b55a03704bb15442d90e
SOURCE/PRODUCT/docs/POSTGRES_REPOSITORY_ADAPTER.md	469	d4083b1f85f3f1c23bc660cfea7ab609a4a4529877517439330397b32fcf2688
SOURCE/PRODUCT/docs/POSTGRES_SECURITY_ACCEPTANCE_V050.md	408	3fd1cbab85427bf55e4c4097803beef4468106d2d9db0c7bb43bee507dc1e2ac
SOURCE/PRODUCT/docs/PRODUCTION_READINESS_V050.md	497	7a3ea0a5b2e0103b06ac00121512c95ff36f2841285d60ce3c7a9e9fe6f24441
SOURCE/PRODUCT/docs/RUST_BUILD_PROVENANCE_V060.md	472	9a8c2a02f50a57bf74823fdf56911ee242832b4a9b0dc28fc1c979bf11137f9b
SOURCE/PRODUCT/docs/ai-workspace/AI_WORKSPACE_P0_IMPLEMENTATION.md	2564	a9b2b6d74d12b45bc1699520d701cb8b015f83f14094fe461748fa9df8c4ae53
SOURCE/PRODUCT/docs/ai-workspace/CONTEXT_GRAPH_AND_MEMORY.md	833	f78e6a5b0122b54e0bef363b9654ab773dfcc6acba49085c5daab0d168466cca
SOURCE/PRODUCT/docs/ai-workspace/EXTERNAL_MODEL_PROVIDERS.md	1356	c9752c95b119e377758dbd1da0eb7b550283707551e70be73ca472f95f45cb91
SOURCE/PRODUCT/docs/ai-workspace/FILES_RAG_MULTIMODAL.md	949	9ff0a37e42271e4a6ddbee3e7baa050f021318f871c4fa2b524a0247e61ca967
SOURCE/PRODUCT/docs/ai-workspace/P0_TRACEABILITY.tsv	3292	f4a7dd3fe9e69c46c96e87c78b69875b754885f02e938eaed0fec2d5b844275c
SOURCE/PRODUCT/docs/ai-workspace/PRIVACY_EXPORT_RETENTION.md	906	3539fcbba76184406b830ff6f85d0e3e222293b3fb04c11b94d2505fd11a5bbc
SOURCE/PRODUCT/docs/ai-workspace/TOOLS_AGENTS_MCP_OPENAPI.md	998	947058f5d8eb4b2ee2006e7dc1781157a35c8702977bc9e1ad2514913f9b224e
SOURCE/PRODUCT/docs/ai-workspace/USER_RESEARCH_INPUT_2026-07-24.md	1037	125544bc878fe1a94a3bba90c5efb22a9ab9ac3f2f119ce568af517fe107fe45
SOURCE/PRODUCT/docs/ai-workspace/VERIFICATION_REPORT.md	1054	a61f486d97ca9ae9633f874905c7c4087fcdb1443a1c6cbfd5ce0b70ab99b8ac
SOURCE/PRODUCT/docs/capabilities/AUTHENTICATED_CAPABILITY_LIFECYCLE.md	454	5399a6edce9cf79293b28b6d661f3b7839c9814794c2117307653ff5a0180aca
SOURCE/PRODUCT/docs/capabilities/BROKER_FAIL_CLOSED_V050.md	360	dda08a7012817647a14d086009f5d61f40b92b35acb4e0f817d95e2be4540990
SOURCE/PRODUCT/docs/capabilities/CAPABILITY_IPC.md	236	8e27344e4190306a347eec2f398b94f4e6e6481218cf13ef679d8110f61ba8c3
SOURCE/PRODUCT/docs/capabilities/CAPABILITY_IPC_V2.md	379	923da21cd2e83586a544009df9c69ced123dce455dec871840a06e440c83024a
SOURCE/PRODUCT/docs/capabilities/DEVELOPER_GUIDE.md	638	733aa6c669a1de86924b7d4eba42b7fa350959f352d6ba5e86c21e02f6a9d1e2
SOURCE/PRODUCT/docs/capabilities/EXECUTION_AUTHORITY.md	550	68f5d4de381373c006feaf2267286b67be506a172880d6f937b381ec31305dab
SOURCE/PRODUCT/docs/capabilities/EXECUTION_BROKER.md	549	d7c396b71eb6edae56e7aec42c47629ced5ac2989f1dce323dbf070bf02db226
SOURCE/PRODUCT/docs/capabilities/EXECUTION_TICKET_V1.md	364	e38afdb45860fc15882353949b7e097f21ebbd4f19855995eca5fb9e1aae7302
SOURCE/PRODUCT/docs/capabilities/INDUSTRY_MODULE_ACTIVATION.md	434	4c299239574aba2420472673678b96ab490e430d21b5115b337283668da791e6
SOURCE/PRODUCT/docs/capabilities/INDUSTRY_MODULE_FRAMEWORK.md	619	ccb104df213f07caea4e7c9b7fda80d00d72358ad72e0d3fcf407ac0a5f2351c
SOURCE/PRODUCT/docs/capabilities/OS_SANDBOX_ARCHITECTURE.md	959	b06c0d78ba9843f933d44fc2f173f2094b06d890b20054dcb4712a8afa501062
SOURCE/PRODUCT/docs/capabilities/PRODUCTION_EVIDENCE_CHAIN.md	416	6d9104610f4cde006601378f21c3ae98f95e5557c52de25f4b2e50425f039630
SOURCE/PRODUCT/docs/capabilities/PUBLIC_PRIVATE_BOUNDARY.md	427	b12d97febde3f96037fdad0513bad7a835ee9adbffbfb4c77798cddf93918e11
SOURCE/PRODUCT/docs/capabilities/PUBLISHER_AND_SIGNING.md	511	aef37cd07a8e3f8653b3e864fcce7155710f13ccea01f9600ee2d40ad50e2c9a
SOURCE/PRODUCT/docs/capabilities/PUBLISHER_REVOCATION.md	371	0a2d5d3351fae5af31b4f791c0e37c5ed2bd2e20bdf4911057dd7e16dcc998c9
SOURCE/PRODUCT/docs/capabilities/SANDBOX_ATTESTATION.md	339	5ff91b3c4519ed021480b27ce08339af9bbe88c6dd400b6a9c57787266ceba3d
SOURCE/PRODUCT/docs/capabilities/SANDBOX_ATTESTATION_V2.md	627	d36082ad62848eb48ee75efacf4aae447d3a5b2d8e78902292596e6490e33894
SOURCE/PRODUCT/docs/design/APPROVED_WEBUI_REFERENCE.png	1437488	42c8b6fa5da6d769d43d32d17aec0350a1106ebe48e283d794f6694671fd7c27
SOURCE/PRODUCT/docs/governance/capability-permission-catalog.csv	658	af1dcda87a3c4ed8707a1b7cd2b2dddcc2f4347333ed6ba50a152d520b15d3e5
SOURCE/PRODUCT/docs/governance/licensing-matrix.csv	580	8f5c1825fb9bfd28a925ede880a3fd4f4029739277c15a173cb5eba98822e81c
SOURCE/PRODUCT/docs/governance/public-private-matrix.csv	847	7712e32ee3f7bdf612a93efa9d93ff522a7c17c002f839c9cdf0da9596b1913b
SOURCE/PRODUCT/docs/governance/repository-map.json	873	31b8012a9dbcba91712c11c2110142cf46dcc7d6e9db1d38c6a65b65223b91ba
SOURCE/PRODUCT/docs/governance/technology-radar-seed.json	1630	3355490b1b7f1d1a1980391654a2a3eaeae7679a585ba7ab6b024c017fa75348
SOURCE/PRODUCT/docs/operations/AIR_GAPPED_OPERATIONS.md	220	96d18198dc2a42de1b9a575c04d26bce3138d6b626f7bc3303d9a145f4213274
SOURCE/PRODUCT/docs/operations/AUTHORITY_OPERATIONS.md	290	b9a609fb658dcc38491b8d1209fefec5fd8d85b72718f876670fbc874b12fb52
SOURCE/PRODUCT/docs/operations/BACKUP_RESTORE.md	259	d941a2fcc26825fa855201468a150d22be345063f196774d733ab1da7bb670de
SOURCE/PRODUCT/docs/operations/CAPABILITY_OPERATIONS.md	439	193a49f5e93d8ec9551ee752b92d597923d06cfca5115f409b33ca7ec6ed370c
SOURCE/PRODUCT/docs/operations/FINAL_PROMOTION_CHECKLIST.md	298	cbda68084ee1eb67e7048b0b68b6a2d34e90134436eca63bd8ec40c16f7209b9
SOURCE/PRODUCT/docs/operations/INCIDENT_RESPONSE.md	390	c2934f28d46c53e88ad7779beb0037f6661657f9a58a9a25ae52b8fa0b22cb50
SOURCE/PRODUCT/docs/operations/INSTALLATION_GUIDE.md	299	0605cf8d9c2a6f8eea370c7bb168a586bd4ae88f180306f60baf15f7b7c629a0
SOURCE/PRODUCT/docs/operations/POSTGRESQL_OPERATIONS.md	379	23ff34b4db864cda444c22436d231beeb896f1406e60d89bde0ebc402d75a34f
SOURCE/PRODUCT/docs/operations/PRODUCTION_PROMOTION_GATE.md	573	639c6c6611b233243a208f91f729582eb137a354ac955c7edf88a6566c15228a
SOURCE/PRODUCT/docs/operations/SUPPORT_LIFECYCLE.md	228	c1e9bd7c3c2f4706f089b64b24ace3f2ba9ecdcb85193d9109833755a37a527a
SOURCE/PRODUCT/docs/operations/UPDATE_AND_ROLLBACK.md	301	81f23b3ea3fe6ab667680052334ce8f450908cd80f8705e268a88b6dd97acf42
SOURCE/PRODUCT/docs/runtime/FIRST_OWNER_SETUP.md	430	4ee65db1d92edf9c9a64f2e1041008d5309969abd212ed0ec72ead9a24c6ba25
SOURCE/PRODUCT/docs/runtime/POSTGRESQL_OPERATIONS.md	439	db8548cb33beaf3c45986aaeb0b7b4dd1b0dc1c50606f0fb17b6d924daf1dc2d
SOURCE/PRODUCT/docs/runtime/PRODUCTION_ATTESTATION_V3.md	687	ec8d1c08e7da9788484211f9c052a6109443bb7f598e452815c805538ed4bad4
SOURCE/PRODUCT/docs/runtime/PRODUCTION_READINESS_COMPILER.md	295	267c1d004780b1a4eb12f006a9c0e4c9798b2abf5aec8b3694c2746e09668090
SOURCE/PRODUCT/docs/runtime/PRODUCTION_READINESS_GATE.md	589	945348964dbf8811570a3845204e880865ebcbcbfdc8a88289285c0c705d45f6
SOURCE/PRODUCT/docs/runtime/ROLLBACK.md	235	a676df0abab993b855503b622b9677a576953fe7f30034db8dfc1b151c87e17c
SOURCE/PRODUCT/docs/runtime/RUNTIME_SECRET_POLICY.md	464	22d0f3c1683f886edacc354524829cbb03ec1c397c9546faec74778a1035115c
SOURCE/PRODUCT/docs/runtime/RUST_AUTHORITY_DEPLOYMENT.md	407	dca884c06c18e2c44f6aa39ed6060d8b63d07bd41962b1d873ad4e0d46ec1a8e
SOURCE/PRODUCT/docs/runtime/TLS_AND_REVERSE_PROXY.md	337	d6d9a536fc9b90a226541e7378c0cf165f938f91356418ba2dba98a2d88fbd4e
SOURCE/PRODUCT/docs/security/ASSURANCE_BOUNDARY.md	416	17fc943800d00493977e73a6f675e1df0b9911d24716c1222137985e78eeef11
SOURCE/PRODUCT/docs/security/AUTHORITY_ASSURANCE.md	394	883d69a917b9d539a97af78a3e2298b0eafd39751ef5aa52396ca717109094e3
SOURCE/PRODUCT/docs/security/CAPABILITY_ASSURANCE.md	404	2eec58530de8031de8305bbbce2b95130637fcf25d9893fa76cee652fd5b89f3
SOURCE/PRODUCT/docs/security/POSTGRES_ASSURANCE.md	346	698dda130950f4c04466263750ee1bde6f55e11281e9f477f771e6bb93d7cff2
SOURCE/PRODUCT/evidence/LINEAGE.json	885	282dcf8cc29012f7ba3f9b07bf5469369214ab9eec525bd86d74d1204784fbe5
SOURCE/PRODUCT/evidence/TOOLCHAIN_AVAILABILITY.json	341	1cbe26087947e9bb2229622bcaa3e065372d27f77e76ac610b9f5ddaa30ae09a
SOURCE/PRODUCT/evidence/V050_RELEASE_REFERENCE.md	365	def63bd4660b563318eefc352492ffc61a8efcf264c056c588582959b18bd960
SOURCE/PRODUCT/evidence/history/master-packaging/NOESAR_EVOLUTION_MASTER_PROJECT_V4.zip.sha256	105	db51942dade6b2b12ff8cf5622a3e7089163ff509c82d2e166aaaad46de7fd98
SOURCE/PRODUCT/evidence/history/master-packaging/NOESAR_EVOLUTION_MASTER_PROJECT_V4_PACKAGING_REPORT.txt	571	78369b24e2822c96607f18141c0d61022fe2709aa3fa3984bd170c717519f553
SOURCE/PRODUCT/evidence/history/v0.5.0/operations/ZIP4_ACCEPTANCE_RESULTS.json	11711	7bc2c0f45f169d6511310f84d870eeb1d818eadc9fe2c8971ba0394d1a95e9a2
SOURCE/PRODUCT/evidence/history/v0.5.0/operations/ZIP4_AUDIT_RESULTS.json	17154	34f09456611309bc1dab0a6731d6cf0fc436b95e7ced94cd58644ebbe9fb0805
SOURCE/PRODUCT/evidence/history/v0.5.0/operations/ZIP4_FINDINGS.json	7261	938ede34650d84ed8fd6e8574c1d3a7750eff04be9e455c016478fed355cbc3d
SOURCE/PRODUCT/evidence/history/v0.5.0/operations/ZIP4_FINDING_REGISTER.md	5780	880aa64381c31c3fb74641a2e45af5ba5cb9f6887b0db1a5858c241208a28aa4
SOURCE/PRODUCT/evidence/history/v0.5.0/operations/ZIP4_PACKAGE_METADATA.json	2290	9fcf9df25385efc3ba4bc1f50bcc1f6890c013a06c91a0dd652024ec94cb8551
SOURCE/PRODUCT/evidence/history/v0.5.0/operations/ZIP4_RED_TEAM_RESULTS.json	7119	5b34322fb4bf291ff550792b72db50dae1771c66d6989d6e7634676751fb2859
SOURCE/PRODUCT/evidence/history/v0.5.0/operations/ZIP4_STATUS.md	781	fe50cb76e2e1c183a73208f11aac38bbee2f9cdabf96779132b4951ba3f7e305
SOURCE/PRODUCT/evidence/history/v0.5.0/packages/sdk-skeleton/package.json	113	6e4b559cb758ed26c1fddcad971c36ceb593944172788e37fbc1088ac0d2f55c
SOURCE/PRODUCT/evidence/history/v0.5.0/packages/sdk-skeleton/src/index.ts	723	cc1086f7913f4f1369b923fb5eb78e60c71f6dad4e7d084176ee5acac0dd3a96
SOURCE/PRODUCT/evidence/history/v0.5.0/release/release/ACCEPTANCE_STATUS.json	7397	6fd769b80a07e385e240240993b0bb1a955a3884fee9f0b88a2a0bfcc1854abe
SOURCE/PRODUCT/evidence/history/v0.5.0/release/release/RELEASE_INDEX.json	3994	b20ed4ce590960be677099b2e7d446db0e18380ad9bb9c1e2eb61d4e1a1cb5f5
SOURCE/PRODUCT/evidence/history/v0.5.0/release/release/RELEASE_NOTES.json	1154	028080e98ce7e6b8243d1bdc800ee802b3a2caa8a339a53b91cc9897b1962cc6
SOURCE/PRODUCT/evidence/history/v0.5.0/release/scripts/releasectl.py	10478	b2b1093d211f5a9e173cbb953d7312d639db9bc9da99a4b33ee0cddefe2d7f36
SOURCE/PRODUCT/evidence/history/v0.5.0/release/scripts/verify.ps1	142	726e869fc3a26caad5ebf0d47b73d054c95b4401a1ba1581820f5d546032395d
SOURCE/PRODUCT/evidence/history/v0.5.0/release/scripts/verify.sh	130	0dcfba4bf30084d3713755c9b21f0bcf5556ec3242c89e7272564ccd939ccbcf
SOURCE/PRODUCT/evidence/history/v0.5.0/schemas/capability-manifest.schema.json	6803	8a02c02add90072303cff6085b974cf7dec0ddeccf410b63ade22ea63072d29a
SOURCE/PRODUCT/evidence/history/v0.5.0/schemas/industry-module-manifest.schema.json	3086	a42d389a99962be374f9e9f5a269aa4e18c785bfbdb99089175085fb279433d1
SOURCE/PRODUCT/evidence/history/v0.5.0/schemas/runtime-adapter.schema.json	2328	aefec4be7223d725a56ae0d74ea1de0eb9eae21cc0ff5217de680f229f7bca6c
SOURCE/PRODUCT/evidence/history/v0.5.0/security/acceptance/CRITERIA.json	7091	415717a0388d591b9f756ef3ed00df382a01aa697b602c7e602930fc10b08c1b
SOURCE/PRODUCT/evidence/history/v0.5.0/security/acceptance/RESULTS.json	11711	7bc2c0f45f169d6511310f84d870eeb1d818eadc9fe2c8971ba0394d1a95e9a2
SOURCE/PRODUCT/evidence/history/v0.5.0/security/findings/FINDINGS.json	7261	938ede34650d84ed8fd6e8574c1d3a7750eff04be9e455c016478fed355cbc3d
SOURCE/PRODUCT/evidence/history/v0.5.0/security/findings/FINDING_REGISTER.md	5780	880aa64381c31c3fb74641a2e45af5ba5cb9f6887b0db1a5858c241208a28aa4
SOURCE/PRODUCT/evidence/history/v0.5.0/security/red-team/EXECUTION_RESULTS.json	7119	5b34322fb4bf291ff550792b72db50dae1771c66d6989d6e7634676751fb2859
SOURCE/PRODUCT/evidence/history/v0.5.0/security/red-team/cases.json	3529	959123dbbf011ecfe434fad987632bcb0d21e55c95e00b90c1ae2423dd10bf38
SOURCE/PRODUCT/evidence/history/v0.5.0/tools/verify-distribution.py	8055	4f437bc26b3126abddb2d6920845126d38a5f24e43b62a5c55eb875ff0e283eb
SOURCE/PRODUCT/hardware-probes/linux.sh	758	8dfb93c852a6d688a2b01e97f13e2a238fd538972cf3099b3717fca3549d3a0c
SOURCE/PRODUCT/hardware-probes/macos.sh	247	0500fc744e5a7f572be49fc5c508d36903536f8f909c7a0698029da178b98bf7
SOURCE/PRODUCT/hardware-probes/windows.ps1	381	857b5927c635a511ff4680dab831e8fc2ff407f42381127293fa2769ec3df097
SOURCE/PRODUCT/oci/.dockerignore	81	1f14008528b0b5c301df7c299629b0fcf7eb2f1036046b486b1efd4c498338f3
SOURCE/PRODUCT/oci/Containerfile	2027	3753515ad5489811452a0bfb6443622f22dd05ca6b1334c19a6440fcb9c067d0
SOURCE/PRODUCT/oci/Dockerfile	2027	3753515ad5489811452a0bfb6443622f22dd05ca6b1334c19a6440fcb9c067d0
SOURCE/PRODUCT/operations/runtime/backup.sh	448	f1a5344bbf53b7a179dc4beb320d0f718478af5e0477aff00f46308107150aa3
SOURCE/PRODUCT/operations/runtime/compile-production-readiness.py	3447	4802d06eec7719ce1e5605102daada2e9175b07cbabe231a39d340d6ce57e34c
SOURCE/PRODUCT/operations/runtime/create-support-bundle.py	2940	ef42cf3073dafb48892b4984632191c2640b5af5b4f2df0454a57f0cc7a1b1fd
SOURCE/PRODUCT/operations/runtime/export-oci-image.sh	264	a52f4c3deef0de952fad9890b5e56e363af7b056ac61a4ebced2bb0d20b5fee3
SOURCE/PRODUCT/operations/runtime/import-oci-image.sh	215	e28676de1798e2fdcb681d14d273fa154a04ded4ffe4508df58c1e297d4ef6df
SOURCE/PRODUCT/operations/runtime/postgres/README.md	315	e5a77c6c142b3498281069bc03a8c4cc08b4a77cdfcf6b355b9cd81ac15e254f
SOURCE/PRODUCT/operations/runtime/postgres/acceptance.sql	1172	fe57b5a1fc5a3e0351e2f911daf85740c32cbf130c1bdc96796539fe1e5ec8e7
SOURCE/PRODUCT/operations/runtime/postgres/apply-migrations.sh	1897	f44f945ba3559c5a9abe176ed41cc3952d1dc3b42be2bc161257d1d7ba00c706
SOURCE/PRODUCT/operations/runtime/postgres/backup.sh	742	24b883b2b344215968febb623347eb430c87cc7c7a866cbf824132ed15860598
SOURCE/PRODUCT/operations/runtime/postgres/migration-plan.py	2854	7e66d7a8c9ae1739b8ed3866dfe0ff6da2df3d05457d478fa1fb27af88819fd8
SOURCE/PRODUCT/operations/runtime/postgres/restore.sh	775	3372b8387935d2fab2905581779bc8bc5f565aeab73b9d482a8a17dee903bce9
SOURCE/PRODUCT/operations/runtime/postgres/run-live-acceptance.sh	672	b576f077060dc02030d20fffbaa82de10f8b27d758377b70a46fd88c2eb13908
SOURCE/PRODUCT/operations/runtime/postgres/verify-migrations.py	192	c8f86bb2d71c18eed98b6872f86afcb5f8a3b4c020f2bf12657acf8a79366fb6
SOURCE/PRODUCT/operations/runtime/restore.sh	968	5f12daa672e95de55972b32b723dfd6d53238c53dea4da7f821df053612a2b95
SOURCE/PRODUCT/operations/runtime/safe_extract_backup.py	1369	69f4b7398432561649d9b630612c26930416bce80e555e55300ca98fcc2b8b46
SOURCE/PRODUCT/operations/runtime/system-doctor.mjs	3030	9a197867b36d0318ad8f90bff96f7e5b16253b3870d7f33519ae6695216cfc5b
SOURCE/PRODUCT/operations/runtime/verify-runtime.sh	421	7434bbfd25550559df66c113dc70af8fbb12148317f4d720b2baec3be287ffe5
SOURCE/PRODUCT/package.json	1585	e9c3a3d86fd861b9b629a4f668668e920869874c389bad3edbe1dacb665056d4
SOURCE/PRODUCT/packages/sdk/package.json	171	1cc9dade51695693564d122afcd8d5a62c220eb1c30fd4eb8d8ccf72eef251d8
SOURCE/PRODUCT/packages/sdk/python/noesar_sdk/__init__.py	992	181b9b6fad2423ee3f1238b5370ad981724241a99b6573e343dc47514530330f
SOURCE/PRODUCT/packages/sdk/python/noesar_sdk/build.py	236	092f90f4a50d3e5c625a9ccaeff912f50a6179aaf85ce24036ba4584f367d944
SOURCE/PRODUCT/packages/sdk/python/noesar_sdk/contracts.py	4495	16dad29c30e97778638928f0d06a4ce7c8181af35c4e9af6593517909cbf3463
SOURCE/PRODUCT/packages/sdk/python/pyproject.toml	226	2baa6ab2afb58ef8b02a76e9f10b003fbac121f9d4fcb121850808e624a8c122
SOURCE/PRODUCT/packages/sdk/src/index.ts	6824	9ae2d90679264b5f1b3e6b66e6644626dbcbf127f658891300ded13a1aafc31c
SOURCE/PRODUCT/private-boundary/README.md	512	f3ed372701bade46135fe2f5650e6fd7cd303021a1903d48e0eec80e3afc348c
SOURCE/PRODUCT/private-boundary/atom-provider.schema.json	501	c0e5558eef844d5c55e17d461fb50dfaf5866d55a253dd7f68d4766816c53332
SOURCE/PRODUCT/rust/.cargo/config.toml	101	77e9219c27274120197571fd165cbe4121963b5ad3bc0b20b383c86ef0ce6c2b
SOURCE/PRODUCT/rust/BUILD_STATUS.md	1298	be8988118b409c4ba5b0a83c6ba84e0faf7b0d18c98407bbb2126d19728548fd
SOURCE/PRODUCT/rust/Cargo.lock	28573	6cbc6d3267b93e00bf83815ac149454f880c5f8db52a98ca8df2c1b9e696514b
SOURCE/PRODUCT/rust/Cargo.toml	1072	6dedb3e5881595bdf63fa933405b9cff2f8c9634dd1c506217b11de8435c11d9
SOURCE/PRODUCT/rust/IMPLEMENTATION_STATUS.md	1406	7fac24a4df89ea2deb3504c323b59f29f7c202f2405c2a858b6fb478478a80cc
SOURCE/PRODUCT/rust/build-authority-release.sh	1287	ab7872b8cbdbe4daafd21fc2763fbe2b7e0f57cc0a6cf93026778f82d6db3e42
SOURCE/PRODUCT/rust/crates/noesar-audit-ledger/Cargo.toml	299	bd36016aa43b57e368c742d2680cb9e7c9c0e2a4495bfc8d571e09e6ecd387c7
SOURCE/PRODUCT/rust/crates/noesar-audit-ledger/src/lib.rs	779	d8e24b7e9b0c179d57ac7321d2c8f0bb8e7624bc46176955d5474995262f787f
SOURCE/PRODUCT/rust/crates/noesar-auth/Cargo.toml	442	4760524ff639144b01c032539116c828eab260fbc337e4b665653ad74628762c
SOURCE/PRODUCT/rust/crates/noesar-auth/src/lib.rs	2665	b74c4003a0fc8ac7b532b138ff7306c557c35ab6088e248c20c1aa3b86847309
SOURCE/PRODUCT/rust/crates/noesar-authority-api/Cargo.toml	184	6e64228afd85dcc9609c1625e69ae8f553a3053fc6b1e973ede005564679f8d3
SOURCE/PRODUCT/rust/crates/noesar-authority-api/src/lib.rs	2215	80d80092e335ccc50d7bb0286d51affea579f566cad7920d0792bd0fa3c28dbc
SOURCE/PRODUCT/rust/crates/noesar-authority-daemon/Cargo.toml	484	3d6aee031d96a2a8dc681ddd916b9f98c4192c262750091a19cbdb6fe5ea3c79
SOURCE/PRODUCT/rust/crates/noesar-authority-daemon/src/lib.rs	7994	d532fa6c287ec4b685820a3fb510b585493da58aec5c08b14eba3265a455d04a
SOURCE/PRODUCT/rust/crates/noesar-authority-daemon/src/main.rs	3254	d3913ee8b336c492165a1e1dbfe6b55efa7af6055d4c66509c070101bb5f086c
SOURCE/PRODUCT/rust/crates/noesar-authority-protocol/Cargo.toml	372	773e246cdba1d8da115278f48021fc51f09fac8274dd53dfed8ffb4d5ed5192d
SOURCE/PRODUCT/rust/crates/noesar-authority-protocol/src/lib.rs	5072	ad94f5fea727c85b690a75b16dd472dff5ff527988dca0c894cb6d24373a9cd3
SOURCE/PRODUCT/rust/crates/noesar-authority-transport/Cargo.toml	280	0979c7dbbd3cb4577fedcaf05715e0d407fbdeae8722ec1f705fa2c229f7067b
SOURCE/PRODUCT/rust/crates/noesar-authority-transport/src/lib.rs	3557	c3cacad8242a08d4b4443c22d2297d5060497f73b08fe17846f93d1af7177d22
SOURCE/PRODUCT/rust/crates/noesar-canonical-json/Cargo.toml	190	f2fdd9b8d3bb9f7ce5a658177a259fb5291c1a1cbd7b6af9157d2cf840a00c97
SOURCE/PRODUCT/rust/crates/noesar-canonical-json/src/lib.rs	2451	5f01fd0ec21de707c7ada12af664d9ebb79003d4b77558245cdaa948757240f3
SOURCE/PRODUCT/rust/crates/noesar-contracts/Cargo.toml	201	041fd1232bf550b97353dff212411259ca8ac87de55461aa8e183ad48dfcc0ed
SOURCE/PRODUCT/rust/crates/noesar-contracts/src/lib.rs	1128	7d108b79c855acf68607b3b1cc1e18040ed71cfd1464dd241f292d033043fe27
SOURCE/PRODUCT/rust/crates/noesar-control-plane/Cargo.toml	682	3529a9e256d2879f07939cf92277a0e10b61909e7b57ea721b8fcb4d2f1b8f29
SOURCE/PRODUCT/rust/crates/noesar-control-plane/src/main.rs	2054	b563cd2fca8714d5a025ce4c5ac56cca0822b7e0021c8ef512de1eca43ebcc0e
SOURCE/PRODUCT/rust/crates/noesar-data-plane/Cargo.toml	181	4763523ddd5995a75364ba96c1f72a0436d1ca6df3ada4615d62d928cc16f1c4
SOURCE/PRODUCT/rust/crates/noesar-data-plane/src/lib.rs	3509	d9d0dbb8ac49ac3e661f69c97f58daaf8154f646f4970e4280d9b66b188ff667
SOURCE/PRODUCT/rust/crates/noesar-hardware-orchestrator/Cargo.toml	191	7fa35de1792f5814747206502c6399fb5ed2d1e7254ce88a2f8e7a1f5a3446fe
SOURCE/PRODUCT/rust/crates/noesar-hardware-orchestrator/src/lib.rs	1487	73ba767092a809b962928e3bed6c756ee03ae62fbf8b5d2344bf014518782911
SOURCE/PRODUCT/rust/crates/noesar-security-kernel/Cargo.toml	278	eb95610ccccf8b743e23cbfb4e7cca8ce18484377aa8b9bbc6c88ed7dd04586c
SOURCE/PRODUCT/rust/crates/noesar-security-kernel/src/lib.rs	1955	78e86ec8d90ef76c424df4a6e417cddc373f38511b6f179a7024708736b83129
SOURCE/PRODUCT/rust/rust-toolchain.toml	86	7458b2d74495e6fb1c1edeea4d5a793705476431dadb60627187111f91441e13
SOURCE/PRODUCT/rust/vendor/android_system_properties-0.1.5/.cargo-checksum.json	1073	77ac212235096ad82436bb2ae236c1e4f4688a932c704f3c77372efc336e9a3f
SOURCE/PRODUCT/rust/vendor/android_system_properties-0.1.5/.cargo_vcs_info.json	94	86f505a9258ea3098b18bb2b6c02cb45a2e0c368a9bef6814ee8865a3f169797
SOURCE/PRODUCT/rust/vendor/android_system_properties-0.1.5/CONTRIBUTING.md	1780	0834cb3b5e092977688d73d219a05bed23ae0ecb54b6d6e5d866ce07f6583b5e
SOURCE/PRODUCT/rust/vendor/android_system_properties-0.1.5/Cargo.lock	387	37ffc00dbbbec58fd27b4f4cb597e5402d6cf615ce0458f62a73a7f0d987e5bd
SOURCE/PRODUCT/rust/vendor/android_system_properties-0.1.5/Cargo.toml	1173	e9e8c037cdef7adc9794b17c13e5a014421524d67ea5048bc09cf70ef13c782c
SOURCE/PRODUCT/rust/vendor/android_system_properties-0.1.5/Cargo.toml.orig	678	749ab935be1cb6485115a677e36d680c2be95dcea8eb00c7b115006224ff926a
SOURCE/PRODUCT/rust/vendor/android_system_properties-0.1.5/LICENSE-APACHE	554	216486f29671a4262efe32af6d84a75bef398127f8c5f369b5c8305983887a06
SOURCE/PRODUCT/rust/vendor/android_system_properties-0.1.5/LICENSE-MIT	1080	80f275e90d799911ed3830a7f242a2ef5a4ade2092fe0aa07bfb2d2cf2f2b95e
SOURCE/PRODUCT/rust/vendor/android_system_properties-0.1.5/README.md	1138	aba8ff5dbd0712326d97d32bc6a3b66b24d1980a446c238f7e14b96784766cd1
SOURCE/PRODUCT/rust/vendor/android_system_properties-0.1.5/examples/time_zone.rs	340	8edb32a946ef2680146ba9ac16c233dd94391ac9f98464e9fb6f87d3954b72a9
SOURCE/PRODUCT/rust/vendor/android_system_properties-0.1.5/src/lib.rs	7251	0004133d6c3805bf449e7183d2931e9640167511bea6cd12b400805073c4305d
SOURCE/PRODUCT/rust/vendor/anyhow-1.0.104/.cargo-checksum.json	4954	877ece8426c0b41b4f78f78402d0c663bdb202e17528e92ed593ee0d9f078a90
SOURCE/PRODUCT/rust/vendor/anyhow-1.0.104/.cargo_vcs_info.json	94	9f5691d9965b8418415cfe8872a667089542a23a1d746bad08476ccda5e6269c
SOURCE/PRODUCT/rust/vendor/anyhow-1.0.104/.github/FUNDING.yml	16	b017158736b3c9751a2d21edfce7fe61c8954e2fced8da8dd3013c2f3e295bd9
SOURCE/PRODUCT/rust/vendor/anyhow-1.0.104/.github/workflows/ci.yml	3799	40e9434834e8ba84207ef6a401da6b154fa4220a4847230284d6aae63d8a39ac
SOURCE/PRODUCT/rust/vendor/anyhow-1.0.104/Cargo.lock	9328	c7b6dd9adcad0b26ce812afdb8539e1d93994a0735a90eb0dd7ce8535e3e7ffa
SOURCE/PRODUCT/rust/vendor/anyhow-1.0.104/Cargo.toml	2606	249789761ff37004dda628765f0c9e60a61fa43cbbd2d364789dca0c789eeb59
SOURCE/PRODUCT/rust/vendor/anyhow-1.0.104/Cargo.toml.orig	1159	1b03bd9d21f63835f0449cf1456e6143a15efd6b7803bc5b7787643db62b6f53
SOURCE/PRODUCT/rust/vendor/anyhow-1.0.104/LICENSE-APACHE	9723	62c7a1e35f56406896d7aa7ca52d0cc0d272ac022b5d2796e7d6905db8a3636a
SOURCE/PRODUCT/rust/vendor/anyhow-1.0.104/LICENSE-MIT	1023	23f18e03dc49df91622fe2a76176497404e46ced8a715d9d2b67a7446571cca3
SOURCE/PRODUCT/rust/vendor/anyhow-1.0.104/README.md	6059	86f5b88c45b2b9b7eefa0ad66c11918a607319cad683f01123ff38db68b4a49b
SOURCE/PRODUCT/rust/vendor/anyhow-1.0.104/build.rs	6936	89d1baedcff59822ed692d3a33f131c211a213bdec33c83f68b54110d9c64223
SOURCE/PRODUCT/rust/vendor/anyhow-1.0.104/rust-toolchain.toml	38	6bbb61302978c736b2da03e4fb40e3beab908f85d533ab46fd541e637b5f3e0f
SOURCE/PRODUCT/rust/vendor/anyhow-1.0.104/src/backtrace.rs	979	621ec5d9e2f31883d0384ae00fc536d1ea359da989d2e0d1be1ba03482c8f920
SOURCE/PRODUCT/rust/vendor/anyhow-1.0.104/src/chain.rs	2723	85af447405f075633fab186b7f1c94d7f33a36474f239c50a961b2d6197d5426
SOURCE/PRODUCT/rust/vendor/anyhow-1.0.104/src/context.rs	4691	8b106e43df7a66fbc3e85b87a4d7f8a780d43d3ee0cd1ae86c571950ecf07d13
SOURCE/PRODUCT/rust/vendor/anyhow-1.0.104/src/ensure.rs	51113	709524741c8f9365e01cb36fc2349a8724513de02cf9e253809a93af8d6a7b6e
SOURCE/PRODUCT/rust/vendor/anyhow-1.0.104/src/error.rs	39200	2a78ee4e5f8d6b4476c761f77473362b9ed12f5402e4701001e7d04d628ba030
SOURCE/PRODUCT/rust/vendor/anyhow-1.0.104/src/fmt.rs	4233	2cca8c7f3cab636fdb17433ca2b1fda0e8d28bb20d4647b87c991dacd8f06cdf
SOURCE/PRODUCT/rust/vendor/anyhow-1.0.104/src/kind.rs	3230	ddcabf15b3b47a4ef16ed361c45cc0cc82e7be90622995ff6c04b3fec78bb04f
SOURCE/PRODUCT/rust/vendor/anyhow-1.0.104/src/lib.rs	21195	ea7f436f6bf4b356ff30ec922b50b40ead0ade28b123341a8de7f310311fd44c
SOURCE/PRODUCT/rust/vendor/anyhow-1.0.104/src/macros.rs	7072	696e6a8aac614525a29697aedc7561e98beccf3d43aed3ada1cc93daa99da8ba
SOURCE/PRODUCT/rust/vendor/anyhow-1.0.104/src/nightly.rs	1563	1c0aeadfcdbe22f8f807b185dec1a7448c378bddb37689714944b60473b58049
SOURCE/PRODUCT/rust/vendor/anyhow-1.0.104/src/ptr.rs	3265	a114639d26f4feca7e186106342334cdf2e2176f892149aa331ace72e5d81410
SOURCE/PRODUCT/rust/vendor/anyhow-1.0.104/src/wrapper.rs	1964	079218e1d8c9374f52311b1c7971f7fbdeba4d7af1b0749c0d535010f1232697
SOURCE/PRODUCT/rust/vendor/anyhow-1.0.104/tests/common/mod.rs	271	f9088c2d7afafa64ff730b629272045b776bfafc2f5957508242da630635f2e1
SOURCE/PRODUCT/rust/vendor/anyhow-1.0.104/tests/compiletest.rs	214	4e381aa8ca3eabb7ac14d1e0c3700b3223e47640547a6988cfa13ad68255f60f
SOURCE/PRODUCT/rust/vendor/anyhow-1.0.104/tests/drop/mod.rs	1068	08c3e553c1cc0d2dbd936fc45f4b5b1105057186affd6865e8d261e05f0f0646
SOURCE/PRODUCT/rust/vendor/anyhow-1.0.104/tests/test_autotrait.rs	631	ba9bc18416115cb48fd08675a3e7fc89584de7926dad6b2be6645dc13d5931df
SOURCE/PRODUCT/rust/vendor/anyhow-1.0.104/tests/test_backtrace.rs	282	60afdd7ee5850dc22625ff486fe41c47fd322db874a93c4871ddfed2bf603930
SOURCE/PRODUCT/rust/vendor/anyhow-1.0.104/tests/test_boxed.rs	1059	6b26db0e2eb72afe9af7352ea820837aab90f8d486294616dd5dc34c1b94038c
SOURCE/PRODUCT/rust/vendor/anyhow-1.0.104/tests/test_chain.rs	2163	3a8a8d7569913bd98c0e27c69d0bda35101e7fde7c056ed57cdd8ed018e4cbcb
SOURCE/PRODUCT/rust/vendor/anyhow-1.0.104/tests/test_context.rs	4521	a4cb7d9a6d488d902eb5ac516d2b5e4135f46caaa2d151580ed9ba83c2a90b57
SOURCE/PRODUCT/rust/vendor/anyhow-1.0.104/tests/test_convert.rs	1149	7e7a8b4772a427a911014ac4d1083f9519000e786177f898808980dd9bdfde61
SOURCE/PRODUCT/rust/vendor/anyhow-1.0.104/tests/test_downcast.rs	3088	797e69a72d125758c4c4897e5dc776d549d52cc9a6a633e0a33193f588a62b88
SOURCE/PRODUCT/rust/vendor/anyhow-1.0.104/tests/test_ensure.rs	22400	6ef8823153d6aba31dda8438b9e51984e6b7377d585addbaf87162b39d733cd9
SOURCE/PRODUCT/rust/vendor/anyhow-1.0.104/tests/test_ffi.rs	426	c6e6bf39e6b2cf9aacea12e3e4da4e1e1edb7fc906d231e5baf45812a08de3c4
SOURCE/PRODUCT/rust/vendor/anyhow-1.0.104/tests/test_fmt.rs	1970	0e49b48f08e4faaf03e2f202e1efc5250018876c4e1b01b8379d7a38ae8df870
SOURCE/PRODUCT/rust/vendor/anyhow-1.0.104/tests/test_macros.rs	2300	3eb6ec9024cf8812da48de35b733d5a69ed942907fb4e6c67ec471cd4bcef562
SOURCE/PRODUCT/rust/vendor/anyhow-1.0.104/tests/test_repr.rs	614	034dee888abd08741e11ac2e95ef4fcb2ab3943d0a76e8e976db404658e1a252
SOURCE/PRODUCT/rust/vendor/anyhow-1.0.104/tests/test_source.rs	1380	b80723cf635a4f8c4df21891b34bfab9ed2b2aa407e7a2f826d24e334cd5f88e
SOURCE/PRODUCT/rust/vendor/anyhow-1.0.104/tests/ui/chained-comparison.rs	252	6504b03d95b5acc232a7f4defc9f343b2be6733bf475fa0992e8e6545b912bd4
SOURCE/PRODUCT/rust/vendor/anyhow-1.0.104/tests/ui/chained-comparison.stderr	300	7f1d0a8c251b0ede2d30b3087ec157fc660945c97a642c4a5acf5a14ec58de34
SOURCE/PRODUCT/rust/vendor/anyhow-1.0.104/tests/ui/empty-ensure.rs	85	ab5bf37c846a0d689f26ce9257a27228411ed64154f9c950f1602d88a355d94b
SOURCE/PRODUCT/rust/vendor/anyhow-1.0.104/tests/ui/empty-ensure.stderr	471	315782f5f4246290fe190e3767b22c3dcaffaabc19c5ace0373537d53e765278
SOURCE/PRODUCT/rust/vendor/anyhow-1.0.104/tests/ui/ensure-nonbool.rs	612	7e57cb93fbcd82959b36586ed6bd2ad978b051fe5facd5274651fde6b1600905
SOURCE/PRODUCT/rust/vendor/anyhow-1.0.104/tests/ui/ensure-nonbool.stderr	3906	e3dfbaedd66fdfc524f8462305760c7978c4268ca7e1cd872d7ecde5d3b455bd
SOURCE/PRODUCT/rust/vendor/anyhow-1.0.104/tests/ui/must-use.rs	177	fb59860b43f673bf4a430a6036ba463e95028844d8dd4243cfe5ebc7f2be582f
SOURCE/PRODUCT/rust/vendor/anyhow-1.0.104/tests/ui/must-use.stderr	432	8b1cb7fca632396a22bb3a642f2df3ab62b3e9a87951e20fa40bdd548d002162
SOURCE/PRODUCT/rust/vendor/anyhow-1.0.104/tests/ui/no-impl.rs	95	fab6cbf2f6ea510b86f567dfb3b7c31250a9fd71ae5d110dbb9188be569ec593
SOURCE/PRODUCT/rust/vendor/anyhow-1.0.104/tests/ui/no-impl.stderr	1543	c472de95483aa234728c7f57039c88fc3456892838329976a75cd167c3c172c9
SOURCE/PRODUCT/rust/vendor/anyhow-1.0.104/tests/ui/temporary-value.rs	72	4dcc96271b2403e6372cf4cfc813445e5ce4365fc6e156b6bc38274098499a70
SOURCE/PRODUCT/rust/vendor/anyhow-1.0.104/tests/ui/temporary-value.stderr	628	7f99cd914d2d423d77274e1b859b5ad151cde8224e42687e50622c26118fd47f
SOURCE/PRODUCT/rust/vendor/anyhow-1.0.104/tests/ui/wrong-interpolation.rs	84	9c44d4674c2dccd27b9dedd03341346ec02d993b41793ee89b5755202e7e367e
SOURCE/PRODUCT/rust/vendor/anyhow-1.0.104/tests/ui/wrong-interpolation.stderr	170	301e60e2eb9401782c7dc0b3580613a4cb2aafd4cc8065734a630a62e1161aa5
SOURCE/PRODUCT/rust/vendor/argon2-0.5.3/.cargo-checksum.json	1577	b4948ca589a523414219b93e29c17ca12b944f08566ca2e89788dfd46e630147
SOURCE/PRODUCT/rust/vendor/argon2-0.5.3/.cargo_vcs_info.json	100	1e48f28552f9d12886e475f04efc87f37cccde08941ade92ea39ef05000d7516
SOURCE/PRODUCT/rust/vendor/argon2-0.5.3/CHANGELOG.md	6923	31d741c25e3a80d8b20332a01aee54a543c6b983a714bd1b89beb0a5f527708b
SOURCE/PRODUCT/rust/vendor/argon2-0.5.3/Cargo.toml	1854	a5425d64a793e1a2e5a5c102364f26b3a601b6e6f753edd0c3872318ab832bc2
SOURCE/PRODUCT/rust/vendor/argon2-0.5.3/Cargo.toml.orig	1275	22cc7ce2d11c81ef97e4c273415a5145c5e5d0084e76325db204f150fc8da458
SOURCE/PRODUCT/rust/vendor/argon2-0.5.3/LICENSE-APACHE	10849	a9040321c3712d8fd0b09cf52b17445de04a23a10165049ae187cd39e5c86be5
SOURCE/PRODUCT/rust/vendor/argon2-0.5.3/LICENSE-MIT	1082	33f702959c0ea91c08b21b65cf1f08b6c122ec9e6db0b5db784a7b367d942330
SOURCE/PRODUCT/rust/vendor/argon2-0.5.3/README.md	2493	b9ef80190d233da5761284bded0e5ebbe79794ac230b08b08cb24ac1454d5724
SOURCE/PRODUCT/rust/vendor/argon2-0.5.3/src/algorithm.rs	4218	147013d8476ef71da944636de336db3006471f7b70b04a3061d3cf1e631235ef
SOURCE/PRODUCT/rust/vendor/argon2-0.5.3/src/blake2b_long.rs	2462	bc4ed31907946ff5d99ddc8641944d794a91cd108e6f2bd356ba29a2f9620983
SOURCE/PRODUCT/rust/vendor/argon2-0.5.3/src/block.rs	4266	08b0c81b9d273f08047a27175520513eab08015a1b7ea887272a533237bae8f7
SOURCE/PRODUCT/rust/vendor/argon2-0.5.3/src/error.rs	4232	be431ea75ef7161ad919737c3d129e2d2fdc26c16100d7edd2af5154f8603b73
SOURCE/PRODUCT/rust/vendor/argon2-0.5.3/src/lib.rs	23292	c1ed703c605d55d4b82f807a891bb3eb9d79e061bf129ac5637ab41325817a9a
SOURCE/PRODUCT/rust/vendor/argon2-0.5.3/src/params.rs	15986	54e4c29dd876be643aa0d0d6466133346cd4ffeae75fe3f316a5196b39cf4fb5
SOURCE/PRODUCT/rust/vendor/argon2-0.5.3/src/version.rs	954	f6d0cadcfc094d4050b2075384795da1415d2d1490f90d9dd52c4c395245f6e9
SOURCE/PRODUCT/rust/vendor/argon2-0.5.3/tests/kat.rs	25675	5d37362a512d8563c4523f9bde563ff043e88291857bc7dc97bba997404275c5
SOURCE/PRODUCT/rust/vendor/argon2-0.5.3/tests/phc_strings.rs	8251	75ffd36929bd1103565e08da36979e67cfd067ef2654a70854a6d3e838326c21
SOURCE/PRODUCT/rust/vendor/atomic-waker-1.1.2/.cargo-checksum.json	1158	a05265445822f2ca4ad1116eade04d61338ea4affc53b20c13251f291b28035f
SOURCE/PRODUCT/rust/vendor/atomic-waker-1.1.2/.cargo_vcs_info.json	94	ba25df7fe67f4ed9be7a620837fbf8ff435597ee5dfa276ceb8bf4701bc1b5dc
SOURCE/PRODUCT/rust/vendor/atomic-waker-1.1.2/CHANGELOG.md	256	cc4994b303e1f0926c064585b6a3177c9e8f6a5f3dae21c0692310e55ed4f24b
SOURCE/PRODUCT/rust/vendor/atomic-waker-1.1.2/Cargo.toml	1297	0bcc14ea808935bf632dfaa6746dce30e4fdfc0902e1320df8ab36763dc76250
SOURCE/PRODUCT/rust/vendor/atomic-waker-1.1.2/Cargo.toml.orig	880	b7942dd5e1c083b2cc1a66a09b7301edb45f96c51c89a91792e807b224109852
SOURCE/PRODUCT/rust/vendor/atomic-waker-1.1.2/LICENSE-APACHE	10847	a60eea817514531668d7e00765731449fe14d059d3249e0bc93b36de45f759f2
SOURCE/PRODUCT/rust/vendor/atomic-waker-1.1.2/LICENSE-MIT	1023	23f18e03dc49df91622fe2a76176497404e46ced8a715d9d2b67a7446571cca3
SOURCE/PRODUCT/rust/vendor/atomic-waker-1.1.2/LICENSE-THIRD-PARTY	1849	6226d0632e2e1a80c23597e964da9812ae193c535fe058154afb034e94167aa5
SOURCE/PRODUCT/rust/vendor/atomic-waker-1.1.2/README.md	1028	59f887c1f6ed5f5b29fbf2b8b24fa57e9d9e48aee263afba44d2a662701409c7
SOURCE/PRODUCT/rust/vendor/atomic-waker-1.1.2/benches/waker.rs	2404	bed37f8d598bc940a9db834785b54a122c105c0ae51fb49af75a119dcb3e18a9
SOURCE/PRODUCT/rust/vendor/atomic-waker-1.1.2/src/lib.rs	18088	d6ad9d585a8ea6c1c1810ae5151304a6858ff5e74966552f5556cfd962314710
SOURCE/PRODUCT/rust/vendor/atomic-waker-1.1.2/tests/basic.rs	1333	3200dbc6f9c7738c15b323f7eddd74f2b5150cb7219d17bc27fa981fb1c988ec
SOURCE/PRODUCT/rust/vendor/autocfg-1.5.1/.cargo-checksum.json	2105	cfe8baff66611fa461633707f1cd8ba639d1f08cc010c8984a8604b51826789d
SOURCE/PRODUCT/rust/vendor/autocfg-1.5.1/.cargo_vcs_info.json	94	5713fb5e9d7124071a4fb0d0f8f80535560c7cef1995c42fe168af1c2627a050
SOURCE/PRODUCT/rust/vendor/autocfg-1.5.1/Cargo.lock	139	dc8d767ba9ab277c030476ca736afce4ecb4999a01bd3db8c8210a12ef79e81c
SOURCE/PRODUCT/rust/vendor/autocfg-1.5.1/Cargo.toml	1581	ed7c832b4250c3be736e040d68688c2b83a5b164a93ef533e61532cbe0d44e99
SOURCE/PRODUCT/rust/vendor/autocfg-1.5.1/Cargo.toml.orig	552	57d2aec0d4157bd9446f97705aa2acff86cc3d1883f470526fed089e7cf9754e
SOURCE/PRODUCT/rust/vendor/autocfg-1.5.1/LICENSE-APACHE	10847	a60eea817514531668d7e00765731449fe14d059d3249e0bc93b36de45f759f2
SOURCE/PRODUCT/rust/vendor/autocfg-1.5.1/LICENSE-MIT	1054	27995d58ad5c1145c1a8cd86244ce844886958a35eb2b78c6b772748669999ac
SOURCE/PRODUCT/rust/vendor/autocfg-1.5.1/README.md	3792	1c6c43f1d22ab1c6411b82862c356c550947f3cecbb4c7eede5edefc8890ff32
SOURCE/PRODUCT/rust/vendor/autocfg-1.5.1/examples/integers.rs	235	589ff4271566dfa322becddf3e2c7b592e6e0bc97b02892ce75619b7e452e930
SOURCE/PRODUCT/rust/vendor/autocfg-1.5.1/examples/nightly.rs	575	ac8b5a9aa1e04465e44f5053b3c899b635e07af058c73aa8b45176bf4b5912f9
SOURCE/PRODUCT/rust/vendor/autocfg-1.5.1/examples/paths.rs	672	1b30e466b824ce8df7ad0a55334424131d9d2573d6cf9f7d5d50c09c8901d526
SOURCE/PRODUCT/rust/vendor/autocfg-1.5.1/examples/traits.rs	826	cbee6a3e1f7db60b02ae25b714926517144a77cb492021f492774cf0e1865a9e
SOURCE/PRODUCT/rust/vendor/autocfg-1.5.1/examples/versions.rs	223	38535e6d9f5bfae0de474a3db79a40e8f5da8ba9334c5ff4c363de9bc99d4d12
SOURCE/PRODUCT/rust/vendor/autocfg-1.5.1/src/error.rs	1806	fd8ff67c64f7cd1b9f81325a81de4baa34c39d6ae298bdb33f9829cc91acac39
SOURCE/PRODUCT/rust/vendor/autocfg-1.5.1/src/lib.rs	22431	772630d0e09d06f343fd72284c8330eacde87d2a4ee22f70af62a0e2119fbf05
SOURCE/PRODUCT/rust/vendor/autocfg-1.5.1/src/rustc.rs	2732	a8a213ddb64a05c1a1af933bcb331a98879e942b167c33d8f94f9f60ebb14e29
SOURCE/PRODUCT/rust/vendor/autocfg-1.5.1/src/tests.rs	1499	b39f4d880ad343e65307a9e0c381954ea27adce4732f825516ce7952e2e5a91d
SOURCE/PRODUCT/rust/vendor/autocfg-1.5.1/src/version.rs	2172	4f7d23b36f01c7be1871be86c038d6cb4689e145d67c82d3793690e9aa05b133
SOURCE/PRODUCT/rust/vendor/autocfg-1.5.1/tests/no_std.rs	742	18859dc4992fe1769887bde05f03d28f1ce524eafd17646d3fbcb4379422761a
SOURCE/PRODUCT/rust/vendor/autocfg-1.5.1/tests/rustflags.rs	1136	e8ded4d57ba25379a38ab48456d67df14f82abbbb5f6bb66221c6decbcb517a3
SOURCE/PRODUCT/rust/vendor/autocfg-1.5.1/tests/support/mod.rs	619	32087d365b438ac3f62df9bb066d8d648b80cb130a5c777afcb2f21fbb68d88e
SOURCE/PRODUCT/rust/vendor/autocfg-1.5.1/tests/tests.rs	5395	39149fe69a45f577eeb531587a5e600d8bc9f8d937480172dac9402939d856f0
SOURCE/PRODUCT/rust/vendor/autocfg-1.5.1/tests/wrappers.rs	2941	96aee2217fbfc7a3aff16e70609c885620a4704dfd708de8b2d0bad4a8c6247d
SOURCE/PRODUCT/rust/vendor/axum-0.8.9/.cargo-checksum.json	8523	46dd7e19603da562d9ad81830b9ca0b830ffcfe1c403a090f5cfa206b0dc7a91
SOURCE/PRODUCT/rust/vendor/axum-0.8.9/.cargo_vcs_info.json	98	b0a9e5ef3087d547e82a857367b154860c5a8984947a26efde53bc5dd54926e2
SOURCE/PRODUCT/rust/vendor/axum-0.8.9/CHANGELOG.md	99818	3226641ee081e76ef9d0591bc080f9b3881846354ffaaf2aad9018bd662df6b5
SOURCE/PRODUCT/rust/vendor/axum-0.8.9/Cargo.lock	47920	8ad40ce1d6f3c380bb66e17665a27ce061cbdb5f274e4f509de68b71edbf52c9
SOURCE/PRODUCT/rust/vendor/axum-0.8.9/Cargo.toml	8126	ed35dc0f840f27c8b953d9789fff678c0f5b2f10229c8f50d70a1a5857bdd83f
SOURCE/PRODUCT/rust/vendor/axum-0.8.9/Cargo.toml.orig	6425	33fa07ebf37f268bfb4c0ccbf1245a80c58a92884789e358c695329772f0b9fc
SOURCE/PRODUCT/rust/vendor/axum-0.8.9/LICENSE	1061	6a13bc24a100a6812f053879ec51b126b103af7cda6dbf48c4188722da44da9f
SOURCE/PRODUCT/rust/vendor/axum-0.8.9/README.md	5346	0e8950436ad984d610e7cf1db354b634767f698b8352de247ad9156594c44218
SOURCE/PRODUCT/rust/vendor/axum-0.8.9/benches/benches.rs	6604	33b88575e5efdcc3803d6402925f72992bcbe9ef77016160f1061fe561d28a7e
SOURCE/PRODUCT/rust/vendor/axum-0.8.9/src/body/mod.rs	1430	83a6632a770e9f3c0ddcdafc26dce4729a1c305f12eef0006c9200f38e774a5a
SOURCE/PRODUCT/rust/vendor/axum-0.8.9/src/boxed.rs	4409	013079e838244787b0d4d78500092a3ee6408efae0b80a58b5a69e8b635e3a50
SOURCE/PRODUCT/rust/vendor/axum-0.8.9/src/docs/debugging_handler_type_errors.md	1614	a934859b6464575afbf20c07bfd838d5c7c4baad51aeccee29a9b18f44e7cecb
SOURCE/PRODUCT/rust/vendor/axum-0.8.9/src/docs/error_handling.md	5529	5c094b9e17507b2a4350aed632e8410f40efe4c9fbd5fb2fffe7a4d875eeac78
SOURCE/PRODUCT/rust/vendor/axum-0.8.9/src/docs/extract.md	19050	6e011cc8c4c6837e32066b7de1aee6e73f1b5b17049daefe512194bee8fe90dc
SOURCE/PRODUCT/rust/vendor/axum-0.8.9/src/docs/handlers_intro.md	392	44be7d8c2087380d3e512b6724cba41c9637dd7177c9b545d45cda244b6ec861
SOURCE/PRODUCT/rust/vendor/axum-0.8.9/src/docs/method_routing/fallback.md	1500	a50eb78881b5dfa0f74536db1caf45ba7013103de4f897142c3fa00faff2f9d2
SOURCE/PRODUCT/rust/vendor/axum-0.8.9/src/docs/method_routing/layer.md	790	a54cbe8b067f675d95eb2b2b482022fe098aefda9d8dd60ad48c01e8517487e8
SOURCE/PRODUCT/rust/vendor/axum-0.8.9/src/docs/method_routing/merge.md	385	b031f00fe984fc705a0d83ec0000d6665e812168ad87bc8ac0ccfe283179486e
SOURCE/PRODUCT/rust/vendor/axum-0.8.9/src/docs/method_routing/route_layer.md	1065	63044770de58d25bfc01e54a9151aa66355bbabd3c2f8ad9f3db0677b43e1068
SOURCE/PRODUCT/rust/vendor/axum-0.8.9/src/docs/middleware.md	18439	ea8230b01447f074f5b321f6f75305f52d4484f4c9f38c08e1b087eb9154f518
SOURCE/PRODUCT/rust/vendor/axum-0.8.9/src/docs/response.md	8339	d52c4a393f47d920bea350f2037ad6b67ccb5183c17b64b180483cbcafc3e6b8
SOURCE/PRODUCT/rust/vendor/axum-0.8.9/src/docs/routing/fallback.md	1633	82a4bb7293e5fe5d9d2d6a87fe03349fc84c55a357a417ed34a95fcaac3928a0
SOURCE/PRODUCT/rust/vendor/axum-0.8.9/src/docs/routing/into_make_service_with_connect_info.md	1957	bf8dc5f1e895da0a78ba5580a772a002b80113550271301a49ca411c413b3f2c
SOURCE/PRODUCT/rust/vendor/axum-0.8.9/src/docs/routing/layer.md	2025	574b295f64d4571df834ca0140c385755b7f67b334e887fc92f96801df9956c6
SOURCE/PRODUCT/rust/vendor/axum-0.8.9/src/docs/routing/merge.md	1850	63632f72e8b079087cda049c528f97b66b6941826cb50fd7ae834805391f19bf
SOURCE/PRODUCT/rust/vendor/axum-0.8.9/src/docs/routing/method_not_allowed_fallback.md	1250	2637b2bc9773befcc54af70dcef7ebe19282cffbcf273f987d0d0b6335c5bba9
SOURCE/PRODUCT/rust/vendor/axum-0.8.9/src/docs/routing/nest.md	4800	23db0a99ad0d3f837eb7c9657cdc6ad340cfa35b8d1e116d3f1e814fb2f97dfd
SOURCE/PRODUCT/rust/vendor/axum-0.8.9/src/docs/routing/route.md	3744	d505aa7e5b04b67ba3f419bf02c8d1b2dc94fc3ecde54299b1b13ca7d33b856d
SOURCE/PRODUCT/rust/vendor/axum-0.8.9/src/docs/routing/route_layer.md	1311	75aa29e4bd02f13f6beacb56098c8ecdbbd624267fa45edf8974bfbb3e2da36a
SOURCE/PRODUCT/rust/vendor/axum-0.8.9/src/docs/routing/route_service.md	2015	7ae83b922b2ecc29108702c2d4b64199a8b63fbfd4cfd7cfc268b1b124cd34f3
SOURCE/PRODUCT/rust/vendor/axum-0.8.9/src/docs/routing/with_state.md	7233	34e08878ebc8a7516f498d099c50894abc04577f1730d9ae115fc967127d0294
SOURCE/PRODUCT/rust/vendor/axum-0.8.9/src/docs/routing/without_v07_checks.md	1027	ba559147af4ee8f1b6d6a80376ce0dc18bd14db27a7f4f99f19e21550d2191b1
SOURCE/PRODUCT/rust/vendor/axum-0.8.9/src/error_handling/mod.rs	7343	31244358a1d14744ec60d9a15e6acf97cbfdd891a07b066535cb38ac733814e5
SOURCE/PRODUCT/rust/vendor/axum-0.8.9/src/extension.rs	6787	afecc958be6d00da1813ee3ca623265d3c7ec7d32a8b72859f11fef364e701ef
SOURCE/PRODUCT/rust/vendor/axum-0.8.9/src/extract/connect_info.rs	10727	d179339934e306b059a613ffa38432cffe268dccafd6452f8511485d6afb972a
SOURCE/PRODUCT/rust/vendor/axum-0.8.9/src/extract/matched_path.rs	12193	8b05d4cfe1a6ba378ff4836349162963026a865389ea60e055157680fffa215d
SOURCE/PRODUCT/rust/vendor/axum-0.8.9/src/extract/mod.rs	2464	a8ccbf6ed0288780b9df53786d11fdc864e3d4c100fbacf5e8703541852e0a63
SOURCE/PRODUCT/rust/vendor/axum-0.8.9/src/extract/multipart.rs	14658	0916d72cb8d6686ce99b709b1520f8e5813c13987bab8c3c164e9cf15e68c9fa
SOURCE/PRODUCT/rust/vendor/axum-0.8.9/src/extract/nested_path.rs	5963	47d8227d72db97ca1fc580dc80005b2b51681732184301fd0db6a082d355a739
SOURCE/PRODUCT/rust/vendor/axum-0.8.9/src/extract/original_uri.rs	2584	2bf51e953a2da3e22b8cc986e2583acef42ef5e06d439ac5c2e96148853db2dd
SOURCE/PRODUCT/rust/vendor/axum-0.8.9/src/extract/path/de.rs	28604	d66b931638a0d8c24c30d9c1c787b1060b8ef045d41272c9d1887765f1016089
SOURCE/PRODUCT/rust/vendor/axum-0.8.9/src/extract/path/mod.rs	32233	d75df8f7586bd6e7ef69953335f71cab6ba7bfe8e4c21c7caed3b175ff7806af
SOURCE/PRODUCT/rust/vendor/axum-0.8.9/src/extract/query.rs	5734	26854506503a90152ed25dae4c3b7594c8521cc17ed2d96f3126bcc780c426bb
SOURCE/PRODUCT/rust/vendor/axum-0.8.9/src/extract/raw_form.rs	2882	7f75091199f478e19275a1449582f0aab4243184ddd825f017bb27577749eab0
SOURCE/PRODUCT/rust/vendor/axum-0.8.9/src/extract/raw_query.rs	852	81634d03ba188c670fbc6440ed1e2f856c343f0cb8e95e3fb51aef56586e9a9d
SOURCE/PRODUCT/rust/vendor/axum-0.8.9/src/extract/rejection.rs	6343	1e9866397c2e59178dd1f5948e55cc2ecf168d8a2fee328d25832eaa1cee6a72
SOURCE/PRODUCT/rust/vendor/axum-0.8.9/src/extract/state.rs	9284	5fd4d586438a95d47d7de1830d727d52c4fdb3dac6f6c283e8c676ffdc784ef6
SOURCE/PRODUCT/rust/vendor/axum-0.8.9/src/extract/ws.rs	42150	1d2145ee8500333c511bbb43ba470f05e0dc65d6be411c0d42bb3bf507d0fdc5
SOURCE/PRODUCT/rust/vendor/axum-0.8.9/src/form.rs	8226	f20a1cc31c8109bc20a9946463c39c9435814a0bed5a1f0cf4a1a64e940d7a4c
SOURCE/PRODUCT/rust/vendor/axum-0.8.9/src/handler/future.rs	1238	eaff9732ce0607e5631860642bfe109d183246e2e4bfdf47ed0917c21417fef2
SOURCE/PRODUCT/rust/vendor/axum-0.8.9/src/handler/mod.rs	14682	09353766e4a95254a0126bf99ad924241ad458edbfd8a09e3ea998d87f8103ff
SOURCE/PRODUCT/rust/vendor/axum-0.8.9/src/handler/service.rs	5869	990bf13fbb02ee4c94e8404e924c0742bd6ba092c9c3f9c9b895fc967f4fffa5
SOURCE/PRODUCT/rust/vendor/axum-0.8.9/src/json.rs	11554	feaad1fce714c48cad69b3a1e6ccac9a49966e7c6b5f85f7d8a7c392af667f7a
SOURCE/PRODUCT/rust/vendor/axum-0.8.9/src/lib.rs	17485	6dde9a13818139d63476bfe1562f1956b5e5c34bf6df3fe595f502cac3dad87a
SOURCE/PRODUCT/rust/vendor/axum-0.8.9/src/macros.rs	2776	c853759c285a324149b6e143c84dd275233b52c4b8fd2a69f090ce72cc7438f2
SOURCE/PRODUCT/rust/vendor/axum-0.8.9/src/middleware/from_extractor.rs	10479	02fce7b89e20004fe26c105561b396337a2c89789a1671de4d559363337daea6
SOURCE/PRODUCT/rust/vendor/axum-0.8.9/src/middleware/from_fn.rs	11342	1365f074e0d46b99b69069a5e01f5575e2067d4826744eac96a352082b550367
SOURCE/PRODUCT/rust/vendor/axum-0.8.9/src/middleware/map_request.rs	12270	9ed050830ffdcd750f1e3da5db22afada633babdc080b3bf77a8d0e0e644b40d
SOURCE/PRODUCT/rust/vendor/axum-0.8.9/src/middleware/map_response.rs	10169	5e6bea36d836f6788a7df141dcd710c4963712643a578b1f98ae92f8abc34dff
SOURCE/PRODUCT/rust/vendor/axum-0.8.9/src/middleware/mod.rs	1107	70506db469eb23f1839c81a797de300b03e2d09541cbacdb48088b0c0c7d3c32
SOURCE/PRODUCT/rust/vendor/axum-0.8.9/src/middleware/response_axum_body.rs	2051	0f0fad4ecf8f74e610bf6bc2cc91204a4bd001e4c80f9e39d234ba2ac09cec41
SOURCE/PRODUCT/rust/vendor/axum-0.8.9/src/response/mod.rs	7183	6042a997245196e826698577db883159a54c2f0f95240c9443d53a978629f97b
SOURCE/PRODUCT/rust/vendor/axum-0.8.9/src/response/redirect.rs	4407	9e2701b2fe093b9a2f68d3fc65487e1fe1d09028e6593fe9882333d644b90a51
SOURCE/PRODUCT/rust/vendor/axum-0.8.9/src/response/sse.rs	25237	7df949388820fb32ddb6726a6860832cf588abcb4f3302d235c57f0a99ac6bcb
SOURCE/PRODUCT/rust/vendor/axum-0.8.9/src/routing/future.rs	134	c0610a9b104f64f02deec5fdf79e148c09e72e6f325b62afc174f42b36f295c5
SOURCE/PRODUCT/rust/vendor/axum-0.8.9/src/routing/into_make_service.rs	1143	be40a59846270094b76d6a29cf36afe5f2ec23d4e8779c34eb2a7eea9c327b00
SOURCE/PRODUCT/rust/vendor/axum-0.8.9/src/routing/method_filter.rs	5080	ba400ca4d955cc963900a83abb8312fe6703505d8af791347a11db17d52b03f3
SOURCE/PRODUCT/rust/vendor/axum-0.8.9/src/routing/method_routing.rs	51311	e5b220bc45a33b2a04d53041952b0edc114fe93be00a871a45d5c40d7ff5f6cd
SOURCE/PRODUCT/rust/vendor/axum-0.8.9/src/routing/mod.rs	26016	1c6c4dd9d2b9085ebd1873a7753860779f35b6a162c9fb6a9365e02c19374a8a
SOURCE/PRODUCT/rust/vendor/axum-0.8.9/src/routing/not_found.rs	913	14145bf876006a603a1819d28454a7e8c2d45fdbc23046ea041b4e62cda4d2a4
SOURCE/PRODUCT/rust/vendor/axum-0.8.9/src/routing/path_router.rs	17456	9e3b1a566cc9986c352e682600680f55556a5f6c3fc3303aa4653e86f0f845b5
SOURCE/PRODUCT/rust/vendor/axum-0.8.9/src/routing/route.rs	7031	d4b24b803c4dd9fb389da53f267ae06ec40531399f1062148a99dc4336982bd7
SOURCE/PRODUCT/rust/vendor/axum-0.8.9/src/routing/strip_prefix.rs	11824	1a0370935ea3cec519e7fa5c9147fa9dd812be86e1e6c6674c059ac9a3fe6a22
SOURCE/PRODUCT/rust/vendor/axum-0.8.9/src/routing/tests/fallback.rs	11682	f8320561d1a495ced3c7e5b8b18da1fc10d114e6416afa183147f5328de1cef8
SOURCE/PRODUCT/rust/vendor/axum-0.8.9/src/routing/tests/get_to_head.rs	2023	239896501902ad4b549ab5b88287095ce623b3e092353b00a2d39f2d8e23d0ad
SOURCE/PRODUCT/rust/vendor/axum-0.8.9/src/routing/tests/handle_error.rs	2385	25a87355a7f0f0f976686fa86b8a39949e444e848f5c43fa2d8b52fe5e31d139
SOURCE/PRODUCT/rust/vendor/axum-0.8.9/src/routing/tests/merge.rs	11312	770e78fed76f9d5bf3eba6b0a56f84532468f24e660ef7f1e991be2d3e8e8d0b
SOURCE/PRODUCT/rust/vendor/axum-0.8.9/src/routing/tests/mod.rs	32700	48c54f725094786e778cd8bb79c96dd2c31d760187a64962c403477e805538c9
SOURCE/PRODUCT/rust/vendor/axum-0.8.9/src/routing/tests/nest.rs	12419	ae253d891d2c8e4517ef0d7ce4d8387b54631dbfb9c65ffa025d35cab7107e29
SOURCE/PRODUCT/rust/vendor/axum-0.8.9/src/routing/url_params.rs	1504	8113a01bcd12af313fbf592840c8b764495cde4a2bae521f98d63db9b39c5ca8
SOURCE/PRODUCT/rust/vendor/axum-0.8.9/src/serve/listener.rs	4683	ebb73d7994afc802adc5ad6bd187abb3e0d64b8bca59c237852c8610254c524e
SOURCE/PRODUCT/rust/vendor/axum-0.8.9/src/serve/mod.rs	22086	063ccc352890e97c82d497b32888cf261921bb99687240120643d1d85c59324a
SOURCE/PRODUCT/rust/vendor/axum-0.8.9/src/service_ext.rs	2447	e212b899108791b586d442e9c0a294ef908cfa97652b68c8770c782d1efd07cb
SOURCE/PRODUCT/rust/vendor/axum-0.8.9/src/test_helpers/counting_cloneable_state.rs	1362	72bb0bc19cf7c3b9967cea896395c35dfa033ffbf3eb6ea999de66481dc3621a
SOURCE/PRODUCT/rust/vendor/axum-0.8.9/src/test_helpers/mod.rs	414	e1abdb0671b2d63bbbef4a938b280fd578449003a6e5459427d666311cde6e78
SOURCE/PRODUCT/rust/vendor/axum-0.8.9/src/test_helpers/test_client.rs	4558	8c43f74ef5d7c87bda0c48aa3779257f0a21e62e92c382d08665ca1d5aef6861
SOURCE/PRODUCT/rust/vendor/axum-0.8.9/src/test_helpers/tracing_helpers.rs	3502	7048698b042f9010590bfccba959171a33eeab5d10de564f7f8e431a5740e7fc
SOURCE/PRODUCT/rust/vendor/axum-0.8.9/src/util.rs	2547	687ea91590f562caa0459455fabbc91a69ae152f8910d55241503969938a764b
SOURCE/PRODUCT/rust/vendor/axum-0.8.9/tests/panic_location.rs	1141	6d0d3602c1b080d888c1c4a3683beaa7551961efc739e7fb54cee2e1e38477fb
SOURCE/PRODUCT/rust/vendor/axum-core-0.5.6/.cargo-checksum.json	2474	21adf2e375aec7f66d2619f4237b5708e394446c20696c298bd77161865ea3a1
SOURCE/PRODUCT/rust/vendor/axum-core-0.5.6/.cargo_vcs_info.json	103	5c1fa867787eede3059521715dba5b12209bc99ba93a0dc569bdaa57a548a59f
SOURCE/PRODUCT/rust/vendor/axum-core-0.5.6/CHANGELOG.md	12271	346edcbb253fa2bdc3737392e66fbabd7eafb429a21e99c111b301e4cf5f16f2
SOURCE/PRODUCT/rust/vendor/axum-core-0.5.6/Cargo.lock	9681	d26e87db087447cd68db6ae35b759a25e2e0e275a5e6eac0c7e96bb23b25ab9d
SOURCE/PRODUCT/rust/vendor/axum-core-0.5.6/Cargo.toml	3418	c7c1b6246fc8c4c4ba2482d85d0d15cc4d5ab4eed320ecd0f9bd03d7c683b8c5
SOURCE/PRODUCT/rust/vendor/axum-core-0.5.6/Cargo.toml.orig	1675	b602170feb7387274ec37f777fe70730bb20f51b0f311f09777b32ff9e76a51c
SOURCE/PRODUCT/rust/vendor/axum-core-0.5.6/LICENSE	1080	008c87afcd2e626eaf564093250bed06dd7efb5732113264bba3dda8f1c556a1
SOURCE/PRODUCT/rust/vendor/axum-core-0.5.6/README.md	1442	7cdbf181d88f894f16c587d2611fb7cef18a04df836f70af6ef5bd68ae8fc00d
SOURCE/PRODUCT/rust/vendor/axum-core-0.5.6/src/body.rs	5715	a737b8441863a95a84fbd91a02c5711121d029ef24e7890f2fcbafc30c60a0f8
SOURCE/PRODUCT/rust/vendor/axum-core-0.5.6/src/error.rs	757	907b8b102575affae6d703c7d3c73cae364f11e3ad3e589e244897e2a175f326
SOURCE/PRODUCT/rust/vendor/axum-core-0.5.6/src/ext_traits/mod.rs	1268	533890b41906c43b6796041cd329494f1cae887fc63ec273b1d6c92110fe1a21
SOURCE/PRODUCT/rust/vendor/axum-core-0.5.6/src/ext_traits/request.rs	13300	630a931c1c4ee0f6232e7934a0ff4d08a2cc1854587e48c87af12cb93611b935
SOURCE/PRODUCT/rust/vendor/axum-core-0.5.6/src/ext_traits/request_parts.rs	5553	54271e7e1b099826d08c919bf0bd6d899b73d3a25382a92618b1ca10934ad6bd
SOURCE/PRODUCT/rust/vendor/axum-core-0.5.6/src/extract/default_body_limit.rs	7329	1a749c637239600e68271fc71b5eef46c6a72abb32c0dc60757fe36a57fba155
SOURCE/PRODUCT/rust/vendor/axum-core-0.5.6/src/extract/from_ref.rs	843	92af30692eb3dd1607cd730913e8d1a1b01a8c208c17083280e9f85fed48e18c
SOURCE/PRODUCT/rust/vendor/axum-core-0.5.6/src/extract/mod.rs	3996	d636b894e6a90cb3ac74f0e5f551a2a87a549c12a49d7ccea5a7422da66d71b2
SOURCE/PRODUCT/rust/vendor/axum-core-0.5.6/src/extract/option.rs	2026	31a244740cf0cc31912984404382c26cb71e9ecab5ba0dec3fad0338bd0dbe91
SOURCE/PRODUCT/rust/vendor/axum-core-0.5.6/src/extract/rejection.rs	2596	5a29ae9f7ef35316d4cb0978cb1abb455d681e2ae5fe8dc163272b550692b4a7
SOURCE/PRODUCT/rust/vendor/axum-core-0.5.6/src/extract/request_parts.rs	5024	5e791539e708afde58143eb82c7a61c6a4dfc5c61cbde87429165e03b33d29b1
SOURCE/PRODUCT/rust/vendor/axum-core-0.5.6/src/extract/tuple.rs	3523	2ca52e18b17e95c60d6d05b05de82fa7e371d2b293fcdc0ddcea26c990c7deff
SOURCE/PRODUCT/rust/vendor/axum-core-0.5.6/src/lib.rs	1030	45b6a88a33f61a5a82add60e6fe0a448609b6f78d599f814e9158540f7f215a3
SOURCE/PRODUCT/rust/vendor/axum-core-0.5.6/src/macros.rs	10253	d05abefae3b886d726be7b8c75a23016a34b413eee5936e9ad280aeed7827e5c
SOURCE/PRODUCT/rust/vendor/axum-core-0.5.6/src/response/append_headers.rs	2021	fd0f53ae7721e3c588ed5492b282f3b9126667af73f53d0d9793fb53e69c3fe5
SOURCE/PRODUCT/rust/vendor/axum-core-0.5.6/src/response/into_response.rs	12699	31abd6b9c3a19167388be4d66dbe1f96ac7d4ff707292fc172f8fa33b1a4edcd
SOURCE/PRODUCT/rust/vendor/axum-core-0.5.6/src/response/into_response_parts.rs	7716	5d1fdef00bb3b8b5de53f8318b0f155a7305b55d63470407cc01213bb147e784
SOURCE/PRODUCT/rust/vendor/axum-core-0.5.6/src/response/mod.rs	3297	a785652ac0c19d311b2dcb67a8b9910d5e12c3b8b6fea8cffee0761a17b5f334
SOURCE/PRODUCT/rust/vendor/base64-0.22.1/.cargo-checksum.json	3528	1343497bbafb073b9df2831009bcc2b95e0136349f1da28eebe060c479c85823
SOURCE/PRODUCT/rust/vendor/base64-0.22.1/.cargo_vcs_info.json	94	4d505b174c7ecd854ad5668b1750be31305ca69e4634131e7bb262e98f3cf50e
SOURCE/PRODUCT/rust/vendor/base64-0.22.1/.circleci/config.yml	4955	c44defbad42a19f8c5fb8aeb9e71beaf1d0e920d615a06f42e4936c29e53547f
SOURCE/PRODUCT/rust/vendor/base64-0.22.1/.github/ISSUE_TEMPLATE/general-purpose-issue.md	268	9e89c069e50dc24a09ece40bd6d02618ab044b2b53d2e5221defd6c884c96964
SOURCE/PRODUCT/rust/vendor/base64-0.22.1/Cargo.lock	39288	cee37732975a1ffc1f956d3d05b6edf1baec72841cfabc384a21b02b3bfa0275
SOURCE/PRODUCT/rust/vendor/base64-0.22.1/Cargo.toml	1750	52bee6a418e14918d37058fd15fccfd0f417a06fe4f9668b6f97866bf7f991e3
SOURCE/PRODUCT/rust/vendor/base64-0.22.1/Cargo.toml.orig	1567	ff2d361bc5f6ec9b4738c293b3dfa65278e93a2664040f75ef6c944441818afe
SOURCE/PRODUCT/rust/vendor/base64-0.22.1/LICENSE-APACHE	10847	a60eea817514531668d7e00765731449fe14d059d3249e0bc93b36de45f759f2
SOURCE/PRODUCT/rust/vendor/base64-0.22.1/LICENSE-MIT	1076	0dd882e53de11566d50f8e8e2d5a651bcf3fabee4987d70f306233cf39094ba7
SOURCE/PRODUCT/rust/vendor/base64-0.22.1/README.md	8055	df01f5b4317d601e7de86743f9818aec9196abf9e298f5e47679b7a966ecd945
SOURCE/PRODUCT/rust/vendor/base64-0.22.1/RELEASE-NOTES.md	11269	997a5193317a8bff266ecfe4f015ba070b782b6df7d3a1738b9b52584d57f9c6
SOURCE/PRODUCT/rust/vendor/base64-0.22.1/benches/benchmarks.rs	7281	cebbcc8649e760e569c6be04f5e727aee2c2568ced7faab580fc0aa0d0426d26
SOURCE/PRODUCT/rust/vendor/base64-0.22.1/clippy.toml	16	b26be4d15ed059985ce6994f11817fd7562046f46e460a0dc64dbb71cfc246d1
SOURCE/PRODUCT/rust/vendor/base64-0.22.1/examples/base64.rs	2318	b75ead2199a9b4389c69fe6f1ae988176a263b8fc84e7a4fea1d7e5a41592078
SOURCE/PRODUCT/rust/vendor/base64-0.22.1/icon_CLion.svg	2244	cffa044ba75cb998ee3306991dc4a3755ec2f39ab95ddd4b74bc21988389020f
SOURCE/PRODUCT/rust/vendor/base64-0.22.1/src/alphabet.rs	8985	5de2beb8fcccb078c61cac2c0477ebbde145122d6c10a0f7ea2e57e8159318e0
SOURCE/PRODUCT/rust/vendor/base64-0.22.1/src/chunked_encoder.rs	5291	edfdbb9a4329b80fb2c769ada81e234e00839e0fa85faaa70bacf40ce12e951c
SOURCE/PRODUCT/rust/vendor/base64-0.22.1/src/decode.rs	12892	b046a72d62eaac58dc42efcf7848d9d96d022f6594e851cf87074b77ce45c04a
SOURCE/PRODUCT/rust/vendor/base64-0.22.1/src/display.rs	2731	31bf3e19274a0b80dd8948a81ea535944f756ef5b88736124c940f5fe1e8c71c
SOURCE/PRODUCT/rust/vendor/base64-0.22.1/src/encode.rs	15841	44ddcc162f3fe9817b6e857dda0a3b9197b90a657e5f71c44aacabf5431ccf7d
SOURCE/PRODUCT/rust/vendor/base64-0.22.1/src/engine/general_purpose/decode.rs	11407	d865b057e5788e7fefd189cf57ec913df263e6a0742dfa52513f587e14fa1a92
SOURCE/PRODUCT/rust/vendor/base64-0.22.1/src/engine/general_purpose/decode_suffix.rs	6877	689688f7bf442b232d3b9f56a1b41c56d9393ace88556a165c224b93dd19b74e
SOURCE/PRODUCT/rust/vendor/base64-0.22.1/src/engine/general_purpose/mod.rs	15626	901760a7f5721ec3bafad5fea6251f57de0f767ecb2e1e2fdfe64d661404ec34
SOURCE/PRODUCT/rust/vendor/base64-0.22.1/src/engine/mod.rs	18013	5e4a6c0e86417f3b62350264ef383f91e9864390f7c315d786ecd8e9c920ee9f
SOURCE/PRODUCT/rust/vendor/base64-0.22.1/src/engine/naive.rs	6528	70de29d909c3fe7918d2965782088b05047b8b6e30d1d2bf11ba073d3f8633ff
SOURCE/PRODUCT/rust/vendor/base64-0.22.1/src/engine/tests.rs	53780	2cc8d1431f40f5b9c3ad8970e6fb73bba8be3f2317553dd026539f41908aaa19
SOURCE/PRODUCT/rust/vendor/base64-0.22.1/src/lib.rs	10571	c4db7bd31ace78aec2ecd151cef3ad90dfdc76097ba12027bde79d3c82612f7c
SOURCE/PRODUCT/rust/vendor/base64-0.22.1/src/prelude.rs	844	c1587138e5301ac797c5c362cb3638649b33f79c20c16db6f38ad44330540752
SOURCE/PRODUCT/rust/vendor/base64-0.22.1/src/read/decoder.rs	13891	00aaa0553a54fcf12762658c4e56663a9705cc30c07af30976291e6f69d78c3d
SOURCE/PRODUCT/rust/vendor/base64-0.22.1/src/read/decoder_tests.rs	15858	66ec39bf6e86f21f4db1afd6c5cd63d4a4931ab896b9c38de25d99b803804bbf
SOURCE/PRODUCT/rust/vendor/base64-0.22.1/src/read/mod.rs	150	e0b714eda02d16b1ffa6f78fd09b2f963e01c881b1f7c17b39db4e904be5e746
SOURCE/PRODUCT/rust/vendor/base64-0.22.1/src/tests.rs	3274	90cb9f8a1ccb7c4ddc4f8618208e0031fc97e0df0e5aa466d6a5cf45d25967d8
SOURCE/PRODUCT/rust/vendor/base64-0.22.1/src/write/encoder.rs	17261	c889c853249220fe2ddaeb77ee6e2ee2945f7db88cd6658ef89ff71b81255ea8
SOURCE/PRODUCT/rust/vendor/base64-0.22.1/src/write/encoder_string_writer.rs	6244	0326c9d120369b9bbc35697b5b9b141bed24283374c93d5af1052eb042e47799
SOURCE/PRODUCT/rust/vendor/base64-0.22.1/src/write/encoder_tests.rs	17008	28695a485b17cf5db73656aae5d90127f726e02c6d70efd83e5ab53a4cc17b38
SOURCE/PRODUCT/rust/vendor/base64-0.22.1/src/write/mod.rs	251	73cd98dadc9d712b3fefd9449d97e825e097397441b90588e0051e4d3b0911b9
SOURCE/PRODUCT/rust/vendor/base64-0.22.1/tests/encode.rs	2755	5309f4538b1df611436f7bfba7409c725161b6f841b1bbf8d9890ae185de7d88
SOURCE/PRODUCT/rust/vendor/base64-0.22.1/tests/tests.rs	4762	78efcf0dc4bb6ae52f7a91fcad89e44e4dce578224c36b4e6c1c306459be8500
SOURCE/PRODUCT/rust/vendor/base64ct-1.8.3/.cargo-checksum.json	3006	892e814f248b7ce3d69bdd98a040406d2f24170d985e573e7430d337cd06ba6a
SOURCE/PRODUCT/rust/vendor/base64ct-1.8.3/.cargo_vcs_info.json	102	a93e2029c21186a89a660e5a415a8bd3f303b35abd42cc126432bc48a16c10c7
SOURCE/PRODUCT/rust/vendor/base64ct-1.8.3/CHANGELOG.md	5525	983a8a4b94fd02e47bb5413393240e8e7da2f5cf39907a501efb46b68e83e103
SOURCE/PRODUCT/rust/vendor/base64ct-1.8.3/Cargo.lock	5505	e42439098848e25a461c832877fd8a1a84bcf97eefd66db2302a4263065d5306
SOURCE/PRODUCT/rust/vendor/base64ct-1.8.3/Cargo.toml	2041	950ec911574afbf038e970968c9bcd03df0fe56d78eabee157012e54d487cb29
SOURCE/PRODUCT/rust/vendor/base64ct-1.8.3/Cargo.toml.orig	928	8e6fa6e3eaf17939ca7b61fe0a5b013e356d7d895750a620b5a84f086123b9cd
SOURCE/PRODUCT/rust/vendor/base64ct-1.8.3/LICENSE-APACHE	10849	a9040321c3712d8fd0b09cf52b17445de04a23a10165049ae187cd39e5c86be5
SOURCE/PRODUCT/rust/vendor/base64ct-1.8.3/LICENSE-MIT	1148	2d1c57bff28344b9e698f51063bc8509799cc4c99a4e0cf2aa3f7e7c3e1f9a9d
SOURCE/PRODUCT/rust/vendor/base64ct-1.8.3/README.md	3502	538b431a4ffd2fc83538a0d49d7da5b6d10a9c7d9319af9733ad8d69d12a5e1b
SOURCE/PRODUCT/rust/vendor/base64ct-1.8.3/benches/mod.rs	1556	006f2402e8673e93177c22b6514165f5fd1e19b34c8771b0a23ef0385d50d492
SOURCE/PRODUCT/rust/vendor/base64ct-1.8.3/src/alphabet.rs	3803	4a65137e34f9b8a45608554c5cc312f2f7780f6f4e2c8dfe90ffa341bd1a1b5f
SOURCE/PRODUCT/rust/vendor/base64ct-1.8.3/src/alphabet/bcrypt.rs	840	91ff8ea7356930ce6215211837748269266b81da9ba8c61b5fc714a2fc5cf611
SOURCE/PRODUCT/rust/vendor/base64ct-1.8.3/src/alphabet/crypt.rs	1141	85f6d7f56db8192b7b79809d6766ad15a5da84912c2aaa95005f777a3ce1902b
SOURCE/PRODUCT/rust/vendor/base64ct-1.8.3/src/alphabet/pbkdf2.rs	1005	73d7e4822405e4dfafbafafa8fbf3bce05adac03d24bbf05ee105b8115fa2a85
SOURCE/PRODUCT/rust/vendor/base64ct-1.8.3/src/alphabet/shacrypt.rs	2033	d1e6ed75f1452f4e6b475325d1e0d1dc5b104c9cd85179b40a691dc2914099a3
SOURCE/PRODUCT/rust/vendor/base64ct-1.8.3/src/alphabet/standard.rs	1543	f4a2ddc3ce658cba403da074ef2f0fd1fddb6b7f940cd39d209ec83d9d15b56a
SOURCE/PRODUCT/rust/vendor/base64ct-1.8.3/src/alphabet/url.rs	1558	8558099e95df2cfc404bb6a64d077ad4b5c2a1de4d259062212213d9a6c82f64
SOURCE/PRODUCT/rust/vendor/base64ct-1.8.3/src/decoder.rs	20701	be00bffbe72318bd46976fcfee35ab3354d3108d6f0f2d30079cbf509f39b87b
SOURCE/PRODUCT/rust/vendor/base64ct-1.8.3/src/encoder.rs	11438	5bf0fcd3ba5c40e43bd420fc5fe6bbb0b36cf25aea04a4f29e05635fee927c5c
SOURCE/PRODUCT/rust/vendor/base64ct-1.8.3/src/encoding.rs	12685	18828be1ed13a89e3cf723675b30addf8703be5c78583eb41bbea7b08de4b03f
SOURCE/PRODUCT/rust/vendor/base64ct-1.8.3/src/errors.rs	2116	6c74f8cc350eba41488cb0a52514185cfc644e3ca480a0a8e09e38d0dd6cd713
SOURCE/PRODUCT/rust/vendor/base64ct-1.8.3/src/lib.rs	2817	ebb6d9fe0d1199bb6aefaecb4e44524358c99d0db8d82e39b01a0b27f084b087
SOURCE/PRODUCT/rust/vendor/base64ct-1.8.3/src/line_ending.rs	1336	fd8cdb28e947817cbb91e07147590f124aa88a9d3944484b42151aba67589be3
SOURCE/PRODUCT/rust/vendor/base64ct-1.8.3/src/test_vectors.rs	5052	a194b755fab0649d6de702b9aaa220821f881806792a54c046dec5982fe128f7
SOURCE/PRODUCT/rust/vendor/base64ct-1.8.3/tests/bcrypt.rs	1718	ed5ae2b87ad3d91200e34d9019e4b5df038510c4e77da7f35a650c0031ee131b
SOURCE/PRODUCT/rust/vendor/base64ct-1.8.3/tests/common/mod.rs	2656	9ca32161bac1d8cb19bf62566229808e301308ec513299ba532152805abff01c
SOURCE/PRODUCT/rust/vendor/base64ct-1.8.3/tests/crypt.rs	1741	f23e71a456668958832bcde51a28921422718274517a7e1c7d2eacdc848b35d7
SOURCE/PRODUCT/rust/vendor/base64ct-1.8.3/tests/pbkdf2.rs	1922	a257fa0cf624c1ead5c86d953167e381b53c0bf1efb964c7c1660904ff09fad9
SOURCE/PRODUCT/rust/vendor/base64ct-1.8.3/tests/proptests.proptest-regressions	5297	2a01eb7f3dc8f73490704630aa88362141fc260a9af42bf8896c131a4687076f
SOURCE/PRODUCT/rust/vendor/base64ct-1.8.3/tests/proptests.rs	6264	0d1f172426a98267498fdcf4beccc7cb10e9977bd9121696791eec7e23ff0aed
SOURCE/PRODUCT/rust/vendor/base64ct-1.8.3/tests/shacrypt.rs	2281	564c6e8ce2759d987b234642a4e910d82d0e892d974f2455805e93376506c51e
SOURCE/PRODUCT/rust/vendor/base64ct-1.8.3/tests/standard.rs	4083	e72109a7a2aa7885ecdadffb6f51947e43e5e29609baef7e53eb1119dbfc2447
SOURCE/PRODUCT/rust/vendor/base64ct-1.8.3/tests/url.rs	3698	076c4421e5f314da73f7a6da0c1c1657e30ead7938afd01cb510a77cd5d8f9e2
SOURCE/PRODUCT/rust/vendor/bitflags-2.13.1/.cargo-checksum.json	5829	ac9eeac7b974b8b0719f9fddcf183e323e06dd7fbcc102aadfa34b56291b809a
SOURCE/PRODUCT/rust/vendor/bitflags-2.13.1/.cargo_vcs_info.json	94	37595b219cebbe76d18b357eae5b6337e30928537ed33c6ce25104a94252b90b
SOURCE/PRODUCT/rust/vendor/bitflags-2.13.1/CHANGELOG.md	30526	316fdbfa4b2d39ea9549e2d6fe55655bf0efe904d5828e7da4902b4a881bcba2
SOURCE/PRODUCT/rust/vendor/bitflags-2.13.1/CODE_OF_CONDUCT.md	3222	42634d0f6d922f49857175af991802822f7f920487aefa2ee250a50d12251a66
SOURCE/PRODUCT/rust/vendor/bitflags-2.13.1/CONTRIBUTING.md	385	6c9f96eacb20af877ae2d16f024904f3038b93448a8488e9dbcac0df7f6439a5
SOURCE/PRODUCT/rust/vendor/bitflags-2.13.1/Cargo.lock	8280	665af3769e05d8c372a7f8c0b5c5cca2b053edd95e52eba42c83fb27e7d20a99
SOURCE/PRODUCT/rust/vendor/bitflags-2.13.1/Cargo.toml	2354	b13b9b7edbbb039205f57f107acdba1840b7c8452c6fdf4e04bc58124f7b5e0c
SOURCE/PRODUCT/rust/vendor/bitflags-2.13.1/Cargo.toml.orig	1260	42430a5f6cde159d53036daaf2b20cea3d2847d728a43967d67d9521e389b24b
SOURCE/PRODUCT/rust/vendor/bitflags-2.13.1/LICENSE-APACHE	10847	a60eea817514531668d7e00765731449fe14d059d3249e0bc93b36de45f759f2
SOURCE/PRODUCT/rust/vendor/bitflags-2.13.1/LICENSE-MIT	1071	6485b8ed310d3f0340bf1ad1f47645069ce4069dcc6bb46c7d5c6faf41de1fdb
SOURCE/PRODUCT/rust/vendor/bitflags-2.13.1/README.md	2935	4fd0ec3852228260bf74e3e4f3bf0214b6887b98568da47870edb6cbe3483647
SOURCE/PRODUCT/rust/vendor/bitflags-2.13.1/SECURITY.md	690	68704c8128fa2e776ed7cbda741fbf61ad52f998a96350ee7ee4dbf64c6573bc
SOURCE/PRODUCT/rust/vendor/bitflags-2.13.1/benches/parse.rs	2122	f1390d62322c6880d65bd931e183d49b313f287879a6bfaa36b1cb1921090b51
SOURCE/PRODUCT/rust/vendor/bitflags-2.13.1/examples/custom_bits_type.rs	2176	e53b32051adc5d97860e0b48c8f3a301a041d73b4939c0d7caa5f0cfcc0b9739
SOURCE/PRODUCT/rust/vendor/bitflags-2.13.1/examples/custom_derive.rs	691	730589695eb68dda21d0d9f69e90cbdbf9823b13d6f16c5f22b0083c00981813
SOURCE/PRODUCT/rust/vendor/bitflags-2.13.1/examples/fmt.rs	1175	87ba37a1fb8528570c74ea26d8e8948e1179c3d867b928bea1080880258e0a99
SOURCE/PRODUCT/rust/vendor/bitflags-2.13.1/examples/macro_free.rs	1534	69e7f284b53b5214d51228a686e87f127b52a3b74711e45537ebfa5583a180e5
SOURCE/PRODUCT/rust/vendor/bitflags-2.13.1/examples/serde.rs	1116	dfc7cd50232c6763f7cd05b4089ef9408db9368ee42c3fd5c116ff424810a2b0
SOURCE/PRODUCT/rust/vendor/bitflags-2.13.1/spec.md	10768	f0657642c7cf470e6d6e55362aaab224b3df0f22cb7796b109bb41687acea8b1
SOURCE/PRODUCT/rust/vendor/bitflags-2.13.1/src/example_generated.rs	1844	b924402c6ae9ed1ed0d67bdc0d8de1c0c557e10b5945e27cf6eca89fd26b4675
SOURCE/PRODUCT/rust/vendor/bitflags-2.13.1/src/external.rs	7417	635bd48b03252b2bf1a48f22325c10a03a024019f054e0cbb6a061453fdcb557
SOURCE/PRODUCT/rust/vendor/bitflags-2.13.1/src/external/arbitrary.rs	779	43908bb4fe0a076078dcb3fa70c654aaed8c7b38aa66574414165a82037def83
SOURCE/PRODUCT/rust/vendor/bitflags-2.13.1/src/external/bytemuck.rs	399	3afcef382122867040fddd5e4153d633d1ed5596fe5d7dfac66a8e61c2513df5
SOURCE/PRODUCT/rust/vendor/bitflags-2.13.1/src/external/serde.rs	2797	0f7339036f41cd93f29b21b954bc1f0fd747762f7a4f20d4ebfc848b20584dc8
SOURCE/PRODUCT/rust/vendor/bitflags-2.13.1/src/internal.rs	4779	645b13af0c7302258df61239073a4b8203d09f27b6c17f8a6f1f8c3e427f5334
SOURCE/PRODUCT/rust/vendor/bitflags-2.13.1/src/iter.rs	5727	5865e1763858b9064bab98913b85ce7ce88a28ad8d688b80dbd2c5c394b2b757
SOURCE/PRODUCT/rust/vendor/bitflags-2.13.1/src/lib.rs	35195	41e4e87cc47b9e54bdea72a8692f3923c8ec03caa942c6327e7e9fce8c660c7f
SOURCE/PRODUCT/rust/vendor/bitflags-2.13.1/src/parser.rs	8340	4e788b29f5d0542c409a8b43c703bcb4a6c2a57c181cadd17f565f0abb39681e
SOURCE/PRODUCT/rust/vendor/bitflags-2.13.1/src/public.rs	21007	0af218c84f4597e803f69c62c89d51e834c6880369266d7af12855226af2655f
SOURCE/PRODUCT/rust/vendor/bitflags-2.13.1/src/tests.rs	3370	4850df3086d8a9d37095d918c07d250a7ef46bf9999f2f361605aa3495515379
SOURCE/PRODUCT/rust/vendor/bitflags-2.13.1/src/tests/all.rs	460	e99a865cd4271a524c2fe95503e96d851b35990570aed6fb2e9dac7a14da31b6
SOURCE/PRODUCT/rust/vendor/bitflags-2.13.1/src/tests/all_named.rs	491	532cd2548a34aaa8ee1b283558f8910184fcaeb773ce33c806e21bd1896f2d4d
SOURCE/PRODUCT/rust/vendor/bitflags-2.13.1/src/tests/bitflags_match.rs	2996	601ad186930908b681f24312132000518fc927ba569d394e5c4440462f037aec
SOURCE/PRODUCT/rust/vendor/bitflags-2.13.1/src/tests/bits.rs	958	3840c34b2ea5d1802404b9ce5bcc1d3fa6ccd8dfba2e29e6d07c605f817d90df
SOURCE/PRODUCT/rust/vendor/bitflags-2.13.1/src/tests/clear.rs	534	6976fcda2f3367c8219485d33bd5d754da6769770cf164c12baace010ad7686d
SOURCE/PRODUCT/rust/vendor/bitflags-2.13.1/src/tests/complement.rs	1324	d0e6d4c3daf49e0a7438c9f1c1ac91fad1b37f258c03593f6cd6a695ee626f5e
SOURCE/PRODUCT/rust/vendor/bitflags-2.13.1/src/tests/contains.rs	2570	58bb3cb8c86550e775d11134da1d4aca85c83f943ea454e3a5f222772c674a24
SOURCE/PRODUCT/rust/vendor/bitflags-2.13.1/src/tests/difference.rs	2144	d0d2b96bb52658b8ac019210da74ca75a53e76622f668855142ea6e97c28cb0e
SOURCE/PRODUCT/rust/vendor/bitflags-2.13.1/src/tests/empty.rs	455	817d6e93ced7cb7576ff0e334aa1a44703f3f96871ff2c6bdcb8f207e6551f67
SOURCE/PRODUCT/rust/vendor/bitflags-2.13.1/src/tests/eq.rs	303	b816767680a029e9c163e37af074dd4e604c4a3e4936f829f0ca3774fd5f0e37
SOURCE/PRODUCT/rust/vendor/bitflags-2.13.1/src/tests/extend.rs	898	5fabb9fd0254c64da019149c24063fceff72da3eb4ad73b57c1cc4c04b008364
SOURCE/PRODUCT/rust/vendor/bitflags-2.13.1/src/tests/flag_name.rs	1035	b9e84e45252e740a8c44e3555c7356c3a2982bb12ebdc38502996fda9848799c
SOURCE/PRODUCT/rust/vendor/bitflags-2.13.1/src/tests/flags.rs	901	2f48d3a25db1cf66fe98c9959abc70875deb9f7b38b2c278dc70c46e0d4ec277
SOURCE/PRODUCT/rust/vendor/bitflags-2.13.1/src/tests/fmt.rs	1971	a2d4148491f3202f030f63633eee941b741e3be29a68cf376f008dbe5cb11e5c
SOURCE/PRODUCT/rust/vendor/bitflags-2.13.1/src/tests/from_bits.rs	1006	d94c65b88bf89961d0cfc1b3152a7f1acc285bae160a1628438effda11b8e2c1
SOURCE/PRODUCT/rust/vendor/bitflags-2.13.1/src/tests/from_bits_retain.rs	871	980591dfaf91e940f42d9a1ce890f237514dd59d458fc264abcf9ceabbc40677
SOURCE/PRODUCT/rust/vendor/bitflags-2.13.1/src/tests/from_bits_truncate.rs	1010	d3406b5e107ebb6449b98a59eee6cc5d84f947d4aaee1ee7e80dc7202de179f0
SOURCE/PRODUCT/rust/vendor/bitflags-2.13.1/src/tests/from_name.rs	1035	f4a055d1f3c86decef70ef8f3020cef5c4e229718c20b3d59d5a3abc3a8b1298
SOURCE/PRODUCT/rust/vendor/bitflags-2.13.1/src/tests/insert.rs	2059	3fab5da800a6fc0654dfb5f859f95da65a507eb9fda8695083c2712266dff0b9
SOURCE/PRODUCT/rust/vendor/bitflags-2.13.1/src/tests/intersection.rs	1804	baf1454c9e4eba552264870a556ee0032d9f2bb8cac361833d571235e0b52221
SOURCE/PRODUCT/rust/vendor/bitflags-2.13.1/src/tests/intersects.rs	2201	c55e36179fd8bc636f04ea9bbce346dcaafe57915d13f1df28c5b83117dbd08e
SOURCE/PRODUCT/rust/vendor/bitflags-2.13.1/src/tests/is_all.rs	749	b2f11faa7c954bd85c8fb39999e0c37d983cf7895152bc13c7ddde106aa33b6d
SOURCE/PRODUCT/rust/vendor/bitflags-2.13.1/src/tests/is_empty.rs	750	11f21323cdca7ff92dd89e09de667dba69e8dce88e2d3e27ea68ace91d15d070
SOURCE/PRODUCT/rust/vendor/bitflags-2.13.1/src/tests/iter.rs	8582	db96736e94686f4c66c012b20e4059fc3e61205feda8b4f1ad7aa16615071c18
SOURCE/PRODUCT/rust/vendor/bitflags-2.13.1/src/tests/iter_equal_names.rs	2011	33d122bd49c59b94bbacbd8bad74dd831241e429904470c3720958a4030a7184
SOURCE/PRODUCT/rust/vendor/bitflags-2.13.1/src/tests/known_bits.rs	1032	37399438c7c89aae34bbf1917c636ea29b44383bf4aede46b62221a8b7d73cae
SOURCE/PRODUCT/rust/vendor/bitflags-2.13.1/src/tests/parser.rs	9004	fa2fb8dedcf16601af609a5e21d9c5840c7f96a1e3a587f7f2ea3dc8387f7628
SOURCE/PRODUCT/rust/vendor/bitflags-2.13.1/src/tests/remove.rs	2205	6e75f8508d2dc1a2cba89ef691f4387a665a4fd13853bb1dd0fd80c783b89947
SOURCE/PRODUCT/rust/vendor/bitflags-2.13.1/src/tests/symmetric_difference.rs	2638	0a89f084f9de1dd5b1932fe72c3b10a3c93cbaa16832b3a31b6a85e3bbd3ba6e
SOURCE/PRODUCT/rust/vendor/bitflags-2.13.1/src/tests/truncate.rs	574	683430af4a0e47ec73c737a6908fac5d851bed7c41d47c73a642e96d966aa5ae
SOURCE/PRODUCT/rust/vendor/bitflags-2.13.1/src/tests/union.rs	1605	88f398ee4600bb1e59bf6d02d1f6ff33f5f853eab5a6c700bd8a683c6ee4651a
SOURCE/PRODUCT/rust/vendor/bitflags-2.13.1/src/tests/unknown.rs	994	fa9e8ee461f176c0d892cde487fef0fe66df2aa5906aaef21b093102e590f5f5
SOURCE/PRODUCT/rust/vendor/bitflags-2.13.1/src/tests/unknown_bits.rs	1143	4108713e5c4903112cca1d0b49ce1a6cc6d9764824138248e5396adb889a5b5f
SOURCE/PRODUCT/rust/vendor/bitflags-2.13.1/src/traits.rs	12951	154244d22577c4825ab573e9b251084555d6b4f45d7660d6967559c0dc6798e2
SOURCE/PRODUCT/rust/vendor/blake2-0.10.6/.cargo-checksum.json	2604	acc35204ec809245e0dec0aac180d92734eba2eda84ca7ad405b4f23854db6ee
SOURCE/PRODUCT/rust/vendor/blake2-0.10.6/.cargo_vcs_info.json	100	4a6647eae78567b5ffee84c768035d1cc1291d305162b99d7add8c72d05a3441
SOURCE/PRODUCT/rust/vendor/blake2-0.10.6/CHANGELOG.md	3646	3ef44e9baac1fd907756799009f4452ace487c9e80b32518fe2bdb758929255f
SOURCE/PRODUCT/rust/vendor/blake2-0.10.6/Cargo.toml	1173	44e9d8775828733264ddd041abf6faab096ddc25b4d6138c0274a5c98b000bda
SOURCE/PRODUCT/rust/vendor/blake2-0.10.6/Cargo.toml.orig	747	52e3b2e2163a7fa9c44f030daf65707bbcadb5f620657acaa47c7574909a6319
SOURCE/PRODUCT/rust/vendor/blake2-0.10.6/LICENSE-APACHE	10849	a9040321c3712d8fd0b09cf52b17445de04a23a10165049ae187cd39e5c86be5
SOURCE/PRODUCT/rust/vendor/blake2-0.10.6/LICENSE-MIT	1121	9c768944eb4a0422ca2efc25ea9fb2fb9e7fbd3fdb04e86b87366339cb7466db
SOURCE/PRODUCT/rust/vendor/blake2-0.10.6/README.md	1803	b0218e8484d85a340ca0e21c13752355e7a24e17497e62bdb674717f5eb88bec
SOURCE/PRODUCT/rust/vendor/blake2-0.10.6/benches/mod.rs	413	f61c6cacfe1a3f70940806d0213572f7887dc1ecc9c1946a868baad3e8a6c341
SOURCE/PRODUCT/rust/vendor/blake2-0.10.6/src/as_bytes.rs	1212	01e8e60ef0a9b68fa6bae6c1577f3967aef442c245003967604eef7e9ccae5a9
SOURCE/PRODUCT/rust/vendor/blake2-0.10.6/src/consts.rs	1613	03edc1d4697a6074c9389202324444f27625ef11f17d34cc86b83d0dda920e79
SOURCE/PRODUCT/rust/vendor/blake2-0.10.6/src/lib.rs	4951	4014e33ab4dbe879ebf8168a4cbe88f71b837589e1cd238fd469e0579337f9ff
SOURCE/PRODUCT/rust/vendor/blake2-0.10.6/src/macros.rs	15918	4d92b71adb3f464758635fa00058d478b814bb5004e5677055815547acf3a698
SOURCE/PRODUCT/rust/vendor/blake2-0.10.6/src/simd.rs	4238	79d6d11d14664c908c2f6a2120c23e8de0e0422b610a8b838aa95ba469ef43fc
SOURCE/PRODUCT/rust/vendor/blake2-0.10.6/src/simd/simd_opt.rs	1508	b254d82005e288f1d07531ef71b2468be0bc70ae9bdba1b46001acac4db283fe
SOURCE/PRODUCT/rust/vendor/blake2-0.10.6/src/simd/simd_opt/u32x4.rs	1963	f87ab763a2f7a60e0192c9eb16df3fd172f7e1747cd26e081b5e7f074701b13c
SOURCE/PRODUCT/rust/vendor/blake2-0.10.6/src/simd/simd_opt/u64x4.rs	4176	6f9e371ec300bbb3af4f4f6d9b052257eb4da669b5595b16b17f4710559f5b85
SOURCE/PRODUCT/rust/vendor/blake2-0.10.6/src/simd/simdint.rs	906	3b506bb05761752142f61ca8de138958af9a050ddcfe5bbf454dd9a003bf71c3
SOURCE/PRODUCT/rust/vendor/blake2-0.10.6/src/simd/simdop.rs	3012	6154f31c9675f33ba476eb6d5378deda657afc79ad43be1c9257f4f4306e43ce
SOURCE/PRODUCT/rust/vendor/blake2-0.10.6/src/simd/simdty.rs	2237	24e6e7eac6005eec0aceec7b96b3a8e04ca695479bfd22e704f51926515f6f13
SOURCE/PRODUCT/rust/vendor/blake2-0.10.6/tests/data/blake2b/fixed.blb	178	b8e100fe195f7c201973fdcb6cfcd23cc752f5c8c9431a3076208ec81709d658
SOURCE/PRODUCT/rust/vendor/blake2-0.10.6/tests/data/blake2b/mac.blb	50313	79b14e080b63c0860823c7837b8b005d9b9fbeab6cd2eaa072621ff377eafd7a
SOURCE/PRODUCT/rust/vendor/blake2-0.10.6/tests/data/blake2b/variable.blb	47	c91130bc29c9fad4c952b79c4126bebd752073d033bf41bfe54dd656b37698e9
SOURCE/PRODUCT/rust/vendor/blake2-0.10.6/tests/data/blake2s/mac.blb	41833	4bca0c66c84951babf34ff95b9d8b0d5f6332403000bbd40cebcc142ff22d832
SOURCE/PRODUCT/rust/vendor/blake2-0.10.6/tests/data/blake2s/variable.blb	34	ef88d9f6407013337ac8ed587ec1552b502f1001e029291c6075b40e44e3d63a
SOURCE/PRODUCT/rust/vendor/blake2-0.10.6/tests/mac.rs	896	1e5c414e1cd44cc023ea3b7dc8a154fe8a6b36dce496a3b7a5b933e412ed51c0
SOURCE/PRODUCT/rust/vendor/blake2-0.10.6/tests/mod.rs	514	d2da3d57ecaddbfcf292fd0475ebfd988efd52f992bd08113ef4b990f961087d
SOURCE/PRODUCT/rust/vendor/blake2-0.10.6/tests/persona.rs	1090	5e7131d30c3b4a777cc8bd8c74c00cf418d80241da10a7b74e12282c8e3fd775
SOURCE/PRODUCT/rust/vendor/block-buffer-0.10.4/.cargo-checksum.json	1064	0691600c336bc2ef683e3737febaa545439b044b88f9937f6d17d89bd38c462e
SOURCE/PRODUCT/rust/vendor/block-buffer-0.10.4/.cargo_vcs_info.json	106	83f3846b9d1b0a039b5ca05f910516a6b6f1039e04f5eaadf915456b1259ef71
SOURCE/PRODUCT/rust/vendor/block-buffer-0.10.4/CHANGELOG.md	1570	aa53da4c09163e6c269f9536ade5363ae62549295b4f4a85bdf923540f6442e1
SOURCE/PRODUCT/rust/vendor/block-buffer-0.10.4/Cargo.toml	917	c76e4bd298cd6223882238449e31939d75613e82757ca87e249df843decf5f9a
SOURCE/PRODUCT/rust/vendor/block-buffer-0.10.4/Cargo.toml.orig	420	fa80221c48c162058fb829ff845746f7db0ffbc274067b5850bc3d50a437495f
SOURCE/PRODUCT/rust/vendor/block-buffer-0.10.4/LICENSE-APACHE	10849	a9040321c3712d8fd0b09cf52b17445de04a23a10165049ae187cd39e5c86be5
SOURCE/PRODUCT/rust/vendor/block-buffer-0.10.4/LICENSE-MIT	1082	d5c22aa3118d240e877ad41c5d9fa232f9c77d757d4aac0c2f943afc0a95e0ef
SOURCE/PRODUCT/rust/vendor/block-buffer-0.10.4/README.md	1552	9bf3545872bdad2fb41557be5cefc21a48f0c7804f8124e24b67760429036472
SOURCE/PRODUCT/rust/vendor/block-buffer-0.10.4/src/lib.rs	10700	b437252d389042d894b1ef17859b043e827d2bd2a1bca4b5311c67dff565274d
SOURCE/PRODUCT/rust/vendor/block-buffer-0.10.4/src/sealed.rs	2159	9327ee3e567ae779b83c2b7f4f3ff56fcb2117163e023e7b0e37759e7e8d1f5c
SOURCE/PRODUCT/rust/vendor/block-buffer-0.10.4/tests/mod.rs	5683	a42403629557eea432a8797f2d81a4ab65de15ce9a2db933496c53f05669e1d7
SOURCE/PRODUCT/rust/vendor/bumpalo-3.20.3/.cargo-checksum.json	1893	5fd8e54dcb023e13a3196dd876b21d595247dee7bf3ea33118cb1e88fa0e2b9d
SOURCE/PRODUCT/rust/vendor/bumpalo-3.20.3/.cargo_vcs_info.json	94	b1ed86135b2a0bf33517a9f38484fbb9409cf12f3c0667f8c3282cbd77b6aa72
SOURCE/PRODUCT/rust/vendor/bumpalo-3.20.3/CHANGELOG.md	27270	ea0358e7d2ca93b2a6f0a1cd192bb671a5bec93bf43c593df341f7dc213cbf06
SOURCE/PRODUCT/rust/vendor/bumpalo-3.20.3/Cargo.lock	17802	892e89a25464ab84e41aea30af956ae6b9370e618deda2f05bf880131e780537
SOURCE/PRODUCT/rust/vendor/bumpalo-3.20.3/Cargo.toml	1983	a6d2d81f09f1c739f738032bbcb5ecf4d3ce56d2f75e2e8bae9c753b09a6db4c
SOURCE/PRODUCT/rust/vendor/bumpalo-3.20.3/Cargo.toml.orig	1936	1102797ebfedc54126105c71195ec74e9643d709ec5f4b956f10fae225f83746
SOURCE/PRODUCT/rust/vendor/bumpalo-3.20.3/LICENSE-APACHE	10847	a60eea817514531668d7e00765731449fe14d059d3249e0bc93b36de45f759f2
SOURCE/PRODUCT/rust/vendor/bumpalo-3.20.3/LICENSE-MIT	1059	65f94e99ddaf4f5d1782a6dae23f35d4293a9a01444a13135a6887017d353cee
SOURCE/PRODUCT/rust/vendor/bumpalo-3.20.3/README.md	8207	050b1853333be74aa06088e47f5d53bc18840319d4dd256760d3d860e5e52879
SOURCE/PRODUCT/rust/vendor/bumpalo-3.20.3/rustfmt.toml	17	a2538728f61824b4adab4a970c812fe7bba765b70ccc007303e9d894895f9ad8
SOURCE/PRODUCT/rust/vendor/bumpalo-3.20.3/src/alloc.rs	31452	3a9645d9e8db1f2a8549ee928cafa5263a828f25c88ce4d2b07996ecc14bfa81
SOURCE/PRODUCT/rust/vendor/bumpalo-3.20.3/src/boxed.rs	22704	ad0ead49343b0eb66464d8c7ec645e145d00558e6a2507d7d7a8c777fc9f5c68
SOURCE/PRODUCT/rust/vendor/bumpalo-3.20.3/src/collections/collect_in.rs	4686	0588a4ff3967a4323abb4218bbd615af4b123639ab4fae9130c6590c258b3d15
SOURCE/PRODUCT/rust/vendor/bumpalo-3.20.3/src/collections/mod.rs	2526	d58dc46eb4f9fcdde574f09bc5b8646f53e42d49c169561d98e0c23e5b36848a
SOURCE/PRODUCT/rust/vendor/bumpalo-3.20.3/src/collections/raw_vec.rs	29387	c045b13f3ac191f1c597f87a7385f59078a3d091f7888d8449d65b9e6f67e315
SOURCE/PRODUCT/rust/vendor/bumpalo-3.20.3/src/collections/str/lossy.rs	6661	c5d62b16e01071e2a574ae41ef6693ad12f1e6c786c5d38f7a13ebd6cb23c088
SOURCE/PRODUCT/rust/vendor/bumpalo-3.20.3/src/collections/str/mod.rs	1446	d82a8bd417fbf52a589d89a16ea2a0ac4f6ac920c3976ab1f5b6ac0c8493c4f2
SOURCE/PRODUCT/rust/vendor/bumpalo-3.20.3/src/collections/string.rs	63220	9cbca6a0c6ae8b9c961d7a140d5146ba4c1f2e7a317c33e2e693911f2848044d
SOURCE/PRODUCT/rust/vendor/bumpalo-3.20.3/src/collections/vec.rs	95319	ebb91c051e92c00c192c7b25eea9a5961ff9895a4fe195b29a2d71d0422b4a8c
SOURCE/PRODUCT/rust/vendor/bumpalo-3.20.3/src/lib.rs	97682	55dff8791dc6a799e8302439c0b89e532f83677422ebfd0f7a6cacb59aa63bbc
SOURCE/PRODUCT/rust/vendor/bytes-1.12.1/.cargo-checksum.json	3685	5dae30b0f4d6e9d943f2b6626fd843cf456ccbf0ddc103b821a983cd063d81b9
SOURCE/PRODUCT/rust/vendor/bytes-1.12.1/.cargo_vcs_info.json	94	d635e8adac4b12eb20a70167844eccde198939ca3fcb20ce7ba6fd4d26c33faf
SOURCE/PRODUCT/rust/vendor/bytes-1.12.1/CHANGELOG.md	12646	0c4407c0700f0d64663f5c07579ac734e70b5febcbd491fb53367232e22ab820
SOURCE/PRODUCT/rust/vendor/bytes-1.12.1/Cargo.lock	11573	261a2e56650806259b188d7ef434d31406cc2b77aac69869becdf0fe24b500b3
SOURCE/PRODUCT/rust/vendor/bytes-1.12.1/Cargo.toml	2520	dc260d0d04b58aea819f8d6762c2feb51e66f8edd77e4e64cc1eac6f447a8143
SOURCE/PRODUCT/rust/vendor/bytes-1.12.1/Cargo.toml.orig	1407	4fc0d14d77a47a1fac1fbb445890db63e67360535c940dd47ffd69badc30cdc6
SOURCE/PRODUCT/rust/vendor/bytes-1.12.1/LICENSE	1055	45f522cacecb1023856e46df79ca625dfc550c94910078bd8aec6e02880b3d42
SOURCE/PRODUCT/rust/vendor/bytes-1.12.1/README.md	1878	275ac7bc295e3cc659d28f05261645ac5bd6286476afe2ee3c1ed719f7b6df02
SOURCE/PRODUCT/rust/vendor/bytes-1.12.1/SECURITY.md	348	a3335079977c2f13bad59e323fdc1056bdae5adfe55f18d15ac2c930d741828c
SOURCE/PRODUCT/rust/vendor/bytes-1.12.1/clippy.toml	14	583b79f56f20c85fb7820fcfa97985e03a4b41da31c8bbe6c03b721d3df5e800
SOURCE/PRODUCT/rust/vendor/bytes-1.12.1/src/buf/buf_impl.rs	86641	f1095872bba7c9d5170207750f4ebe4fa61c4e35a282569491c2ee8ea2dc6714
SOURCE/PRODUCT/rust/vendor/bytes-1.12.1/src/buf/buf_mut.rs	44275	c76d0a846cf6e2c42af7acf0bbedc49a30ce3b9185392835c6a6f8b06a128b9e
SOURCE/PRODUCT/rust/vendor/bytes-1.12.1/src/buf/chain.rs	5505	27ff0a6fce049c51a24d45003b9741b655c28330b48af23ad1514587760b0c93
SOURCE/PRODUCT/rust/vendor/bytes-1.12.1/src/buf/iter.rs	2925	d4dca5b7f9b1cb441f22ac1862e28b10086721879163a810955aefb5cd7f3e58
SOURCE/PRODUCT/rust/vendor/bytes-1.12.1/src/buf/limit.rs	1951	e005ba140b70f68654877c96b981a220477e415ff5c92438c1b0cb9bc866d872
SOURCE/PRODUCT/rust/vendor/bytes-1.12.1/src/buf/mod.rs	1135	3f60295316d44b510b942abb31a0d975ae488bd4b52c87f5252d73f88f82715a
SOURCE/PRODUCT/rust/vendor/bytes-1.12.1/src/buf/reader.rs	1908	cda8bc221a1de06c7395d5c6e80f8a5924198eafbc2decc0909082ce8781d789
SOURCE/PRODUCT/rust/vendor/bytes-1.12.1/src/buf/take.rs	4845	443766677fae38b398271693ed6134c7cc14949cdb9fce299c44dd55ecf84fb3
SOURCE/PRODUCT/rust/vendor/bytes-1.12.1/src/buf/uninit_slice.rs	7348	52629b93ff7a08db45fc69395580b34fa3609fd9309ea01f86e58488b02b08a3
SOURCE/PRODUCT/rust/vendor/bytes-1.12.1/src/buf/vec_deque.rs	815	baac165527d1bdfc3bb259380bb4722e70c3f11e8a901e8bab6e4f951b060711
SOURCE/PRODUCT/rust/vendor/bytes-1.12.1/src/buf/writer.rs	2036	b137608cb40944a5c3e061a73087c5a48e50048dae002d0334a23cf4d3547065
SOURCE/PRODUCT/rust/vendor/bytes-1.12.1/src/bytes.rs	48531	eee15c02105022837d6ed01c6863fee58802ce7bd7c300e158521c9ae61257fc
SOURCE/PRODUCT/rust/vendor/bytes-1.12.1/src/bytes_mut.rs	62221	48bf55ffb1e3062082cae343c223e063104e3eee0a18f291a72942026062adbd
SOURCE/PRODUCT/rust/vendor/bytes-1.12.1/src/fmt/debug.rs	1329	4d217b8f43e489925bb6904010df617efc63b50a3cc1ab126eec54b43b66eb3e
SOURCE/PRODUCT/rust/vendor/bytes-1.12.1/src/fmt/hex.rs	595	54c05ab7d95d7381e499079d63773fabd2672f3c4929b56b02ab87d4495902b5
SOURCE/PRODUCT/rust/vendor/bytes-1.12.1/src/fmt/mod.rs	340	b38222dcfff70eb3ffb6ce305b95f3fcfd9fa68cca85693eb2ed01d3da7ddb88
SOURCE/PRODUCT/rust/vendor/bytes-1.12.1/src/lib.rs	6183	053fc1b7e028cd1ccab019ea695f3e620129ef26a5b3f80a747b402a9871dfbf
SOURCE/PRODUCT/rust/vendor/bytes-1.12.1/src/loom.rs	941	7c89f9f5f900d5b9b7c43d08d467957933eba90d5dcff1b38cf9a7e48494a577
SOURCE/PRODUCT/rust/vendor/bytes-1.12.1/src/serde.rs	2591	3ecd7e828cd4c2b7db93c807cb1548fad209e674df493edf7cda69a7b04d405d
SOURCE/PRODUCT/rust/vendor/bytes-1.12.1/tests/test_buf.rs	16117	941b6ac1c547aa522a1576fefa3da98edc7636f1f322feebc5768701199caa83
SOURCE/PRODUCT/rust/vendor/bytes-1.12.1/tests/test_buf_mut.rs	6865	1f28f3d125e98b81a813a414a89a8c9b5d45369b10dda187a68614ff285c820e
SOURCE/PRODUCT/rust/vendor/bytes-1.12.1/tests/test_bytes.rs	44823	2b102b8c04cd45076940691d11ae3962c6e31f32ae8f283bcbcf0b8e93c46545
SOURCE/PRODUCT/rust/vendor/bytes-1.12.1/tests/test_bytes_odd_alloc.rs	3920	ad5df84a35038359413199762c65017989d905e6e965a7b863beaa9962a7e1e8
SOURCE/PRODUCT/rust/vendor/bytes-1.12.1/tests/test_bytes_vec_alloc.rs	4129	5a0e77cab12b32374b2822df8d9a6479afe68b55c1cba1511ebf4199be532caa
SOURCE/PRODUCT/rust/vendor/bytes-1.12.1/tests/test_chain.rs	4663	1784287560d45e0225b2cd9d24498264031c36f42cebb7e92108e11641d1cce0
SOURCE/PRODUCT/rust/vendor/bytes-1.12.1/tests/test_debug.rs	1351	13299107172809e8cbbd823964ac9450cd0d6b6de79f2e6a2e0f44b9225a0593
SOURCE/PRODUCT/rust/vendor/bytes-1.12.1/tests/test_iter.rs	434	665e1837c1294d7695ffa352a666ce8673fb46fa603164556524e87d5517a6cb
SOURCE/PRODUCT/rust/vendor/bytes-1.12.1/tests/test_limit.rs	1865	6c5801f1e94f0abb2b4994aa1ade8e36464f26bf9e13e3dcac02d0f2f6f08ed5
SOURCE/PRODUCT/rust/vendor/bytes-1.12.1/tests/test_reader.rs	944	050b872d89376b3b83841839b4334066d8357b01aaf3783a180aac25a5550f3d
SOURCE/PRODUCT/rust/vendor/bytes-1.12.1/tests/test_serde.rs	528	2691f891796ba259de0ecf926de05c514f4912cc5fcd3e6a1591efbcd23ed4d0
SOURCE/PRODUCT/rust/vendor/bytes-1.12.1/tests/test_take.rs	2330	fb34700a8ed75b3c6937a4dee0bffadb64f7c7f735bd9faa8730eb96a9e9b651
SOURCE/PRODUCT/rust/vendor/cc-1.3.0/.cargo-checksum.json	2503	575d6dafb3733b053b341fb6abb82a183b8bc6f395cfc70643c3a53438bad66e
SOURCE/PRODUCT/rust/vendor/cc-1.3.0/.cargo_vcs_info.json	94	95f12adccaa71cb980378bb8fd00753765613539b8676fb050ca81e50f94d277
SOURCE/PRODUCT/rust/vendor/cc-1.3.0/CHANGELOG.md	39523	fee87cddc6f035de88a9da2e3292e3e93cc4aed164a6fbff840015f6ff91e927
SOURCE/PRODUCT/rust/vendor/cc-1.3.0/Cargo.lock	3660	1e9c03c39c7654b322924beb58381d00585c7d4bf4f6e95d7b29fa6208898e34
SOURCE/PRODUCT/rust/vendor/cc-1.3.0/Cargo.toml	1804	8fab8954a1689745e11fcbe0ef34ae96a993d211fb981f165000f8f9c43c4d52
SOURCE/PRODUCT/rust/vendor/cc-1.3.0/Cargo.toml.orig	1799	ccfe80961216e795744eb5db93843d573945316f931d1018bca9113626ae7bea
SOURCE/PRODUCT/rust/vendor/cc-1.3.0/LICENSE-APACHE	10847	a60eea817514531668d7e00765731449fe14d059d3249e0bc93b36de45f759f2
SOURCE/PRODUCT/rust/vendor/cc-1.3.0/LICENSE-MIT	1057	378f5840b258e2779c39418f3f2d7b2ba96f1c7917dd6be0713f88305dbda397
SOURCE/PRODUCT/rust/vendor/cc-1.3.0/README.md	1062	cc952a506dc726eed3e128d47d62defbac4470bbb0e465f6a043ae8bf0c96d19
SOURCE/PRODUCT/rust/vendor/cc-1.3.0/clippy.toml	375	cf46251b0953d1a3c7a4f8f8941a08d8a416d5fc348dfe3f3c520eb93fcc18ea
SOURCE/PRODUCT/rust/vendor/cc-1.3.0/src/command_helpers.rs	16016	650c9682edc3d7732249e327c1026c7cc733f3702f4867b9580223e97522d3c6
SOURCE/PRODUCT/rust/vendor/cc-1.3.0/src/detect_compiler_family.c	206	97ca4b021495611e828becea6187add37414186a16dfedd26c2947cbce6e8b2f
SOURCE/PRODUCT/rust/vendor/cc-1.3.0/src/flags.rs	24275	11f22aa9741b0d445b19ab29ea1076cc32a4143316a74855b6bd682004217543
SOURCE/PRODUCT/rust/vendor/cc-1.3.0/src/lib.rs	194245	f6551f8e4d4b5586bd6456fc358596b197c7da0b279269a5a00bfd9e8b6952a3
SOURCE/PRODUCT/rust/vendor/cc-1.3.0/src/parallel/async_executor.rs	3582	4ce24435fff6b6555b43fee042c16bd65d4150d0346567f246b9190d85b45983
SOURCE/PRODUCT/rust/vendor/cc-1.3.0/src/parallel/command_runner.rs	6107	1d17d9a037de93b31cc7ee6a914a1e1f6c1ac156cf8619f0014dcbaca6a0b215
SOURCE/PRODUCT/rust/vendor/cc-1.3.0/src/parallel/job_token.rs	9559	1aa1ecc639e09845eea0f1e11a76c39ad2604eaac3268059652f56add8890089
SOURCE/PRODUCT/rust/vendor/cc-1.3.0/src/parallel/mod.rs	136	bf156170790d40a76015a8c78cc2a391cbe1b60bb96c1fac1d047d26e342386a
SOURCE/PRODUCT/rust/vendor/cc-1.3.0/src/parallel/stderr.rs	2735	840fe8d0ba613c98fa92cbebc374a028a3212ba7dcea58285483223a31acc7eb
SOURCE/PRODUCT/rust/vendor/cc-1.3.0/src/target.rs	1330	a9d2d347a3a08015531f00b32bc8a7478f5636822cc8e0237ea9efa3f07d4cd4
SOURCE/PRODUCT/rust/vendor/cc-1.3.0/src/tempfile.rs	2275	3d9a4bd894862a345aa230a61ec266f0c68f4ef9713d1d9c727482e61f1ea7c3
SOURCE/PRODUCT/rust/vendor/cc-1.3.0/src/tool.rs	21835	5e9311452c8db954d5bebdcb6cc0595fe5eeeb5b4af53566b144e39dd4b29c48
SOURCE/PRODUCT/rust/vendor/cc-1.3.0/src/utilities.rs	4480	ebb59ac01fb9588bcea0d0ee786e5d5a5696b4284a1245657625db03e830b72e
SOURCE/PRODUCT/rust/vendor/cfg-if-1.0.4/.cargo-checksum.json	1353	b4a1e0feb68485f4dd304c986792e07a90af2e0ceb1c677db2851891d1951fbc
SOURCE/PRODUCT/rust/vendor/cfg-if-1.0.4/.cargo_vcs_info.json	94	65840ba044457862e25b2d7d53f4a2de232adf933bd31aba8f2bd6a1f51a6881
SOURCE/PRODUCT/rust/vendor/cfg-if-1.0.4/.github/dependabot.yml	284	828e3ecefdc555a5210a5bdffd5621ef3625ceb35c7fc91a0b4faef6f9921b75
SOURCE/PRODUCT/rust/vendor/cfg-if-1.0.4/.github/workflows/main.yaml	1186	6612a51b1f1479eabac7d3bd14aa609811d4afd2df2d454b9a1f6d6f3748f5b2
SOURCE/PRODUCT/rust/vendor/cfg-if-1.0.4/.github/workflows/publish.yaml	620	1417805078704eecbaeea8611c5a44df575bfe1908d6969d909224a6e5e26ca8
SOURCE/PRODUCT/rust/vendor/cfg-if-1.0.4/CHANGELOG.md	1140	08ba7340057565b338afaa29b36bd2a1c46f5495b043bc49d12230a6a82d5f76
SOURCE/PRODUCT/rust/vendor/cfg-if-1.0.4/Cargo.lock	556	26922b9384045e5a3d496f21ec7c355da585d0caa1d13b887b634527d36fc450
SOURCE/PRODUCT/rust/vendor/cfg-if-1.0.4/Cargo.toml	1239	281d508beb1fe3927cf03d3f2f8c9a5117b1e4fe97ae21b9026cf318e8c35273
SOURCE/PRODUCT/rust/vendor/cfg-if-1.0.4/Cargo.toml.orig	580	5a17ee17da78f5179373b8324a1180e71efe2bcf3e3c9ca18c1bdb1e3faa9792
SOURCE/PRODUCT/rust/vendor/cfg-if-1.0.4/LICENSE-APACHE	10847	a60eea817514531668d7e00765731449fe14d059d3249e0bc93b36de45f759f2
SOURCE/PRODUCT/rust/vendor/cfg-if-1.0.4/LICENSE-MIT	1057	378f5840b258e2779c39418f3f2d7b2ba96f1c7917dd6be0713f88305dbda397
SOURCE/PRODUCT/rust/vendor/cfg-if-1.0.4/README.md	1436	cd565d563a2c70d197bb6fee1678e122214e22af7bdb046b80f52c1d953cd72f
SOURCE/PRODUCT/rust/vendor/cfg-if-1.0.4/src/lib.rs	6368	c09723e0890d15810374009e96b20bf0eb2f65f383006516f34db36240835c85
SOURCE/PRODUCT/rust/vendor/cfg-if-1.0.4/tests/xcrate.rs	296	bcec148e69db81b1a618bdd6f96a25d9a0442e6ecc692fe28f1206d9bffc006a
SOURCE/PRODUCT/rust/vendor/chrono-0.4.45/.cargo-checksum.json	4823	0829cc370e65eb430baf78238b66cd3d302694b35416f98de2ff386b8e178827
SOURCE/PRODUCT/rust/vendor/chrono-0.4.45/.cargo_vcs_info.json	94	244fd598a9696162d4a6f4ceaeb1b77e5dffe730bc9efac0ac8a1d291f566ca6
SOURCE/PRODUCT/rust/vendor/chrono-0.4.45/CITATION.cff	768	a545e924d9e423b642595e164acdc5da6924116b04a156394cbab782a4867024
SOURCE/PRODUCT/rust/vendor/chrono-0.4.45/Cargo.lock	22258	9a14148ce379d2a1f0ddaca3f7e2b2849ac982f45e711cf68ea853b25499226e
SOURCE/PRODUCT/rust/vendor/chrono-0.4.45/Cargo.toml	3509	89b7bdca1f8745c0894ff039971c04fc51e444becbc9eb87598509a32955b1b5
SOURCE/PRODUCT/rust/vendor/chrono-0.4.45/Cargo.toml.orig	2710	6c84e95d52b44c86b0d2cdc87a774b7d87ffc6c82a2fc58d2d7eede462b94af6
SOURCE/PRODUCT/rust/vendor/chrono-0.4.45/LICENSE.txt	12307	946c9835d8034d24404f8cfec5f4654cee5dad17e944afc3d06d742cf2882831
SOURCE/PRODUCT/rust/vendor/chrono-0.4.45/README.md	4504	7be722f3881a8ce9a3c6fbc427bfcf2c3888f7f7bdd8681dbf65e6161686da02
SOURCE/PRODUCT/rust/vendor/chrono-0.4.45/src/date.rs	22115	abb1b68ec5cec15383d0ec01134bb634c59fbe86bf4039f191accd21ab887b01
SOURCE/PRODUCT/rust/vendor/chrono-0.4.45/src/datetime/mod.rs	74320	1ccc3656a30e1c7115b3db850c121e4b148d6c9ace74fd5d840532ddb4a36f5f
SOURCE/PRODUCT/rust/vendor/chrono-0.4.45/src/datetime/serde.rs	44230	71f3ff0b9f484efa52c5abf811cbcd0da5d9f01b6bb0c9cc577886831fd6231c
SOURCE/PRODUCT/rust/vendor/chrono-0.4.45/src/datetime/tests.rs	73477	98f1d803a1ce0a3a78a0c45b2523dbb70e0d49e77563e22611956be5c0d55108
SOURCE/PRODUCT/rust/vendor/chrono-0.4.45/src/format/formatting.rs	39700	b6d096228cd87ae78a71a1a1cf8e1b933d2259eb33c9020824287d603ab432e5
SOURCE/PRODUCT/rust/vendor/chrono-0.4.45/src/format/locales.rs	2994	d49de3da43941c94b1108f8fe84915cc5e1c13a1f1c84fd7356f9b7c61f19242
SOURCE/PRODUCT/rust/vendor/chrono-0.4.45/src/format/mod.rs	21854	485fdb1e2a85d72114e41f15a632d0c53cc4114fd4c381014aaf91e9c2f691af
SOURCE/PRODUCT/rust/vendor/chrono-0.4.45/src/format/parse.rs	99452	0114cc8f7cee11af7fd091f874c609c71e2ba094e2d793459f440150bb3cb1ed
SOURCE/PRODUCT/rust/vendor/chrono-0.4.45/src/format/parsed.rs	79444	369844ce5079271e526b8420b70d25a69dbfc8dc6ad2a534ea36fd9e80edd093
SOURCE/PRODUCT/rust/vendor/chrono-0.4.45/src/format/scan.rs	14663	100da6368c449f45b26c44ffe29892d91f814a3bc98ed0cd1c3679e2852b7b56
SOURCE/PRODUCT/rust/vendor/chrono-0.4.45/src/format/strftime.rs	55812	928e684b1a98a08dd5e3a3253ee19e20b555f20331d5d3a8917017fc09e515fc
SOURCE/PRODUCT/rust/vendor/chrono-0.4.45/src/lib.rs	30478	87deb76ae6338b65dc31f6b31b59c2a30e93f5549f0690be06b551ed7bad36b1
SOURCE/PRODUCT/rust/vendor/chrono-0.4.45/src/month.rs	15173	00ceab10b90f69a54b46d5aa6e88d6b279ebbe424270045598b6c702372dab48
SOURCE/PRODUCT/rust/vendor/chrono-0.4.45/src/naive/date/mod.rs	95929	e2ffd9af71e593b2475ce9f3fd3d37fe861e762f1e920e92a35c13a2b0cd882b
SOURCE/PRODUCT/rust/vendor/chrono-0.4.45/src/naive/date/tests.rs	36763	0e1c240e3df5b4b83f5a508f3742d5b59ea280c4043742a29ca47f76abafe17f
SOURCE/PRODUCT/rust/vendor/chrono-0.4.45/src/naive/datetime/mod.rs	80441	6239fbfc3fb872a5ee0f24643c95af2e266f70a9ab0812628e0349a694976b22
SOURCE/PRODUCT/rust/vendor/chrono-0.4.45/src/naive/datetime/serde.rs	43137	0424ad2cfc4b53d5398ea2ade2825e2acd465cf9c49d7df6dbe579c38f409804
SOURCE/PRODUCT/rust/vendor/chrono-0.4.45/src/naive/datetime/tests.rs	17677	ad845811e0b5917ca1fe1224cc120005b669a2b8c482155dc39a5c538fb376d4
SOURCE/PRODUCT/rust/vendor/chrono-0.4.45/src/naive/internals.rs	26318	6586264f7b20794b659716c1426da9ef999d6f0f62b1222378365cf9055b1d53
SOURCE/PRODUCT/rust/vendor/chrono-0.4.45/src/naive/isoweek.rs	8579	24073861ba94371490f178c0636b063689616199e9216b469c8158c3ccfc278f
SOURCE/PRODUCT/rust/vendor/chrono-0.4.45/src/naive/mod.rs	11479	e8926dd7aaeb85597ca552fe19ba911880b52972a8429fdb304cc68f33c8ae83
SOURCE/PRODUCT/rust/vendor/chrono-0.4.45/src/naive/time/mod.rs	62651	dad88f7e02c3a552e135a2c7a843d71a86696d29e48808988b2df6c8210d2672
SOURCE/PRODUCT/rust/vendor/chrono-0.4.45/src/naive/time/serde.rs	5122	6c260c6d0c45dec113f3dcff6056450c524511c37f7c30da9324ad80aff2288b
SOURCE/PRODUCT/rust/vendor/chrono-0.4.45/src/naive/time/tests.rs	15161	4b485a2d7f4ce7b66ca3a433699fa3facb8b9ee0ff0b3661437247c2626d4a52
SOURCE/PRODUCT/rust/vendor/chrono-0.4.45/src/offset/fixed.rs	8738	a3f8d6f18b92566dbc47760febb066f7460cf30edb59ee46a178cf01e2ea34ed
SOURCE/PRODUCT/rust/vendor/chrono-0.4.45/src/offset/local/mod.rs	22124	6731157ff784c55d45fac7608089d47b38cf023f6251744e5febe5891e376fb3
SOURCE/PRODUCT/rust/vendor/chrono-0.4.45/src/offset/local/tz_data.rs	10240	4eb1670e13195951d98d0f44e0d69c0d0342881e49308eb51ed756b8ee0c9bb1
SOURCE/PRODUCT/rust/vendor/chrono-0.4.45/src/offset/local/tz_info/mod.rs	3487	aed33c3310e73d02fc1434e7c820bcd38fd76d56d7e6d348b1bb2a1a1b39fee3
SOURCE/PRODUCT/rust/vendor/chrono-0.4.45/src/offset/local/tz_info/parser.rs	11892	ec21d8739a86fb4e77551733e13af9964fbc01f80c87d7a164f6185ca9928c22
SOURCE/PRODUCT/rust/vendor/chrono-0.4.45/src/offset/local/tz_info/rule.rs	40141	35cb7819e42240b613331e7c99c4dfba1b6ccb5d0203af81f541efc2990c6875
SOURCE/PRODUCT/rust/vendor/chrono-0.4.45/src/offset/local/tz_info/timezone.rs	37077	b61c4d1be526ab011027fb6a2d1c4e61cc1f4f1eb6ff56d3f7c0b425dfc64feb
SOURCE/PRODUCT/rust/vendor/chrono-0.4.45/src/offset/local/unix.rs	6502	b9900a80a669f32b3f9112087c269b1bf877d5ed1d5a388702938e1caa864d8a
SOURCE/PRODUCT/rust/vendor/chrono-0.4.45/src/offset/local/win_bindings.rs	2113	2bdb949f451ad9f15146712471d08e7e2660d1049250cbef9ce6c8d0f0062252
SOURCE/PRODUCT/rust/vendor/chrono-0.4.45/src/offset/local/windows.rs	13461	e9909f06e84c6334433fe24e1db14ca61c116889df9db6903917a3083fdd4606
SOURCE/PRODUCT/rust/vendor/chrono-0.4.45/src/offset/mod.rs	29413	641a632cdec0c966d558231f1e94cdddb1a447f51410b7d56445e65bb6878c25
SOURCE/PRODUCT/rust/vendor/chrono-0.4.45/src/offset/utc.rs	4706	81eac3e383a218d209f8a6d6b3e15a1c11bf526f80b133887baa1939c9d0e766
SOURCE/PRODUCT/rust/vendor/chrono-0.4.45/src/round.rs	38383	cbd7567c5203318e72955d6fa405a89b4d068b62331a8cdf9dfb634eec0b802b
SOURCE/PRODUCT/rust/vendor/chrono-0.4.45/src/time_delta.rs	57760	647ea215f6c9c58060c3f82db09147d857a4075890e331e55e6256e02cdbd425
SOURCE/PRODUCT/rust/vendor/chrono-0.4.45/src/traits.rs	16206	40386bdfe14fdcc04c43f3fb0399624cc054dfe569e2f8136d282920824f3fce
SOURCE/PRODUCT/rust/vendor/chrono-0.4.45/src/weekday.rs	13908	7db31835c30067cf5b1aa9e6e75f4c9da36bfeb07a549139d94ff24c828b2ea5
SOURCE/PRODUCT/rust/vendor/chrono-0.4.45/src/weekday_set.rs	16741	be1827f17ca4d5945421d71dbe3f3688eb5dde15ff4471fffa2bb783e3feb0a9
SOURCE/PRODUCT/rust/vendor/chrono-0.4.45/tests/dateutils.rs	6162	e2307421ce438e7af8fbbfde997e3920836d94c5ca5911871119ed6c13f15a0c
SOURCE/PRODUCT/rust/vendor/chrono-0.4.45/tests/wasm.rs	2827	252f16aeeaacbf26ca268b9a5e53aee3560cd1f071142a7a16d1509a02758a17
SOURCE/PRODUCT/rust/vendor/chrono-0.4.45/tests/win_bindings.rs	1167	38ff2f3966cd99ba3bd45f43e1e0dbce047db4cca8cbf3738ed8f18558bf9a9d
SOURCE/PRODUCT/rust/vendor/core-foundation-sys-0.8.7/.cargo-checksum.json	4089	886478f85900d5baed222c9f9e616b1894c60ebfcfdd5ff3bf438a8471f778a2
SOURCE/PRODUCT/rust/vendor/core-foundation-sys-0.8.7/.cargo_vcs_info.json	113	e6e57ca77ce7ed8d25d1aa6bdc8d4b023988de42a7587cc417ea5450bb41e5ba
SOURCE/PRODUCT/rust/vendor/core-foundation-sys-0.8.7/Cargo.toml	1140	8f18dba99a0470c9d6b59917291e7ece5465b3a05def7c244217bfa56867c8cc
SOURCE/PRODUCT/rust/vendor/core-foundation-sys-0.8.7/Cargo.toml.orig	609	a341f5bc93178d518ebbefa6760c1cc07e72cec3333287b97f6c1868e54f7add
SOURCE/PRODUCT/rust/vendor/core-foundation-sys-0.8.7/LICENSE-APACHE	10847	a60eea817514531668d7e00765731449fe14d059d3249e0bc93b36de45f759f2
SOURCE/PRODUCT/rust/vendor/core-foundation-sys-0.8.7/LICENSE-MIT	1067	62065228e42caebca7e7d7db1204cbb867033de5982ca4009928915e4095f3a3
SOURCE/PRODUCT/rust/vendor/core-foundation-sys-0.8.7/src/array.rs	4728	4d469ca3f6aceb42dfaf7b26aa9ef14a8ebce05e02d0beda985fa32f2ec48963
SOURCE/PRODUCT/rust/vendor/core-foundation-sys-0.8.7/src/attributed_string.rs	4162	7042f3fbf6904efecb15f01ce2e96eecf84973e0fef9be4c10d14944b0f90a24
SOURCE/PRODUCT/rust/vendor/core-foundation-sys-0.8.7/src/bag.rs	3651	dec9ff467ac713526c3be8148ae41b21ab8840f393733bb53c77224ef089787c
SOURCE/PRODUCT/rust/vendor/core-foundation-sys-0.8.7/src/base.rs	6305	5d0dee358519712e881e2edbea0ca6d3539958ed1ff3d70aa136af7e25292f22
SOURCE/PRODUCT/rust/vendor/core-foundation-sys-0.8.7/src/binary_heap.rs	3149	0565125dbdb1fa578888e00f5b195ab91f0bf65881eabcd39de99ca811d756de
SOURCE/PRODUCT/rust/vendor/core-foundation-sys-0.8.7/src/bit_vector.rs	2784	dcdaa573d90b25bdc6b98f2330110e8591b7c329601643dcc6aa23b1b9ec7210
SOURCE/PRODUCT/rust/vendor/core-foundation-sys-0.8.7/src/bundle.rs	8974	83ac9d7c45f06161767588c465eed086a773714734da0614d98d000326df3603
SOURCE/PRODUCT/rust/vendor/core-foundation-sys-0.8.7/src/calendar.rs	4897	b73796956e50d92f0479479e84246712804537d694e4cdd01d5440e5fbcbd333
SOURCE/PRODUCT/rust/vendor/core-foundation-sys-0.8.7/src/characterset.rs	4854	ba60f78884cd860e151df35c1953bcd6eae46d9f27c36584b66e508e2301a7a8
SOURCE/PRODUCT/rust/vendor/core-foundation-sys-0.8.7/src/data.rs	2794	fe4e2effbfd9348575507d06aa53cd583808c908f9e03ac1a076b077230c9c01
SOURCE/PRODUCT/rust/vendor/core-foundation-sys-0.8.7/src/date.rs	1312	971d681f6eeefa3764d8a43e53cbf7c937c419331207c7bb003a25c9b0b0722f
SOURCE/PRODUCT/rust/vendor/core-foundation-sys-0.8.7/src/date_formatter.rs	8231	05e84ac3cf4c0daae2e939a9bedddfd10dd5309ea1536bf8241de41971d11f8a
SOURCE/PRODUCT/rust/vendor/core-foundation-sys-0.8.7/src/dictionary.rs	5071	ac23d99208131049c82c13b37a99b4fd129224d1dafcd65ff2f9de200d73e9d1
SOURCE/PRODUCT/rust/vendor/core-foundation-sys-0.8.7/src/error.rs	2260	b523faa8c498e1115c72e71a10e7a3bf8bcc01588cb02e70dc9fd45cbdaa35f6
SOURCE/PRODUCT/rust/vendor/core-foundation-sys-0.8.7/src/file_security.rs	3352	542c5d8eef22424479abcb448601611d85c9cc96e41cd6cd6de5ea3efe1213a6
SOURCE/PRODUCT/rust/vendor/core-foundation-sys-0.8.7/src/filedescriptor.rs	2805	706eebde408713cc49bbab078e86fe51e95fe29b167420bbcbb573847dcf29e2
SOURCE/PRODUCT/rust/vendor/core-foundation-sys-0.8.7/src/lib.rs	1999	5c14390b7b45c769ea53664621c1a9f5fa39fda509288d9e13018170213bbe4b
SOURCE/PRODUCT/rust/vendor/core-foundation-sys-0.8.7/src/locale.rs	6233	372190a9cb5659fba0b92598c5dcbdaa3f90b29b3440ddcfe77931e85c1f96d9
SOURCE/PRODUCT/rust/vendor/core-foundation-sys-0.8.7/src/mach_port.rs	2629	e52c2ce794e82ebeeb0cba170902409f18626b7d9e29d6dcd333e9c13411408a
SOURCE/PRODUCT/rust/vendor/core-foundation-sys-0.8.7/src/messageport.rs	3716	d8e342f0eabe47f6f4746fdbf996bf9008b4b5f1fa24e0bc4ecd73b2de81b234
SOURCE/PRODUCT/rust/vendor/core-foundation-sys-0.8.7/src/notification_center.rs	3231	0ab30523bc4ac799016970c9c59594cbb3afeda054705c15d0979eb07abb7c7d
SOURCE/PRODUCT/rust/vendor/core-foundation-sys-0.8.7/src/number.rs	3497	28b10c9d2361cac18549ef66839f595e98490096e756e9a7f25536b6ceb1f687
SOURCE/PRODUCT/rust/vendor/core-foundation-sys-0.8.7/src/number_formatter.rs	8454	024fbd3b2ecaecf19cfdb463e0f0096d1fa28bc4ce636659e53459d1b01af658
SOURCE/PRODUCT/rust/vendor/core-foundation-sys-0.8.7/src/plugin.rs	4007	0904b1b4b882e626d5d63ac91c540dfdf65f5f4428cf38c9def6acfc7ed84cd3
SOURCE/PRODUCT/rust/vendor/core-foundation-sys-0.8.7/src/preferences.rs	3517	49d8ac0c669a01678fa0dc26d6cb13bc72004c8422e525bf3e26f01feb5a3693
SOURCE/PRODUCT/rust/vendor/core-foundation-sys-0.8.7/src/propertylist.rs	3882	f7f12cb8c67098e5b96cb8a63b4a947549a2cbf7a6523ce314141b4f8cc202c4
SOURCE/PRODUCT/rust/vendor/core-foundation-sys-0.8.7/src/runloop.rs	10446	8fa6e5e74a013f8101d5a4f6616818573adc7ed197e28b799dca4c3a1cedaac9
SOURCE/PRODUCT/rust/vendor/core-foundation-sys-0.8.7/src/set.rs	3576	0e619ec75a6b975be6b6d59ed3b01c803dd635020288b178db949b1c45442d17
SOURCE/PRODUCT/rust/vendor/core-foundation-sys-0.8.7/src/socket.rs	6816	b67737b8c04142fa4d198c19f0867fd653837e529bf2665e78750c94f469a793
SOURCE/PRODUCT/rust/vendor/core-foundation-sys-0.8.7/src/stream.rs	10444	f9b1099191010a96ce0aadcc22385732710dfc1521873096a9db67ad80472e36
SOURCE/PRODUCT/rust/vendor/core-foundation-sys-0.8.7/src/string.rs	24649	fa46e7b7865709494bb05c9c7c6006f165fafa956ab41f053af0e4b41904efa4
SOURCE/PRODUCT/rust/vendor/core-foundation-sys-0.8.7/src/string_tokenizer.rs	3451	0da4ae1a841591871602f21cc1c9b51289a0514a255b269e4b61afdeb0097c10
SOURCE/PRODUCT/rust/vendor/core-foundation-sys-0.8.7/src/timezone.rs	3458	f584ea76627f12f33eba25d7ea054c2d2c10a2d96474fce12858ccb4bdf688c1
SOURCE/PRODUCT/rust/vendor/core-foundation-sys-0.8.7/src/tree.rs	2772	50d513ea1801797c549218c51f5ebf77be4cf80901b12ce3ba0a223c602995d4
SOURCE/PRODUCT/rust/vendor/core-foundation-sys-0.8.7/src/url.rs	21916	cb08b0bd24708e6572711f4f82b88370e811aabf4f58f22c34f0f873a44c7486
SOURCE/PRODUCT/rust/vendor/core-foundation-sys-0.8.7/src/url_enumerator.rs	2689	bd531f31f6c62b2849d5ccbc82bfc3ae3866c4cdd6768b6c2fe380f24c290540
SOURCE/PRODUCT/rust/vendor/core-foundation-sys-0.8.7/src/user_notification.rs	5336	e86b052817028847e62121752e7d58f8ed6f8ad15f5ef947c1fa93bbd0fcbf26
SOURCE/PRODUCT/rust/vendor/core-foundation-sys-0.8.7/src/uuid.rs	2444	48af493dc6c8b00d804d6ae92a2fd71eabdae8a2be0500baaa55ce56345c350a
SOURCE/PRODUCT/rust/vendor/core-foundation-sys-0.8.7/src/xml_node.rs	4717	c7894a4d08f695ba75d539b3c8d6cc3a90544000786fe3f9cd9c02ad7541213b
SOURCE/PRODUCT/rust/vendor/core-foundation-sys-0.8.7/src/xml_parser.rs	7068	ac8a3d2c71ec8ec80603ce5ef214147c0e93bed211c1559a47f14fc31cb0bbaf
SOURCE/PRODUCT/rust/vendor/cpufeatures-0.2.17/.cargo-checksum.json	1570	6c77e99670f40bcd27bc3589789348f4940ae69e8284086a15b5fc11fb9540a0
SOURCE/PRODUCT/rust/vendor/cpufeatures-0.2.17/.cargo_vcs_info.json	105	019c8f463e3ce1db689f6d0f695126264aeb0c4c5fc5000efb3db7cd2170f48c
SOURCE/PRODUCT/rust/vendor/cpufeatures-0.2.17/CHANGELOG.md	4603	17727a361379fce31e61fc8c0a982082d7df871f3cf9d058d452ce4576d36af4
SOURCE/PRODUCT/rust/vendor/cpufeatures-0.2.17/Cargo.lock	374	79e190795c040e8716fbdec683a76aaae9709ea9f276bf6ec2061fa170d00256
SOURCE/PRODUCT/rust/vendor/cpufeatures-0.2.17/Cargo.toml	1836	25160ea4dfa195721d352d42827b882a41f18f4c55fff58e5c3878ecae84ca44
SOURCE/PRODUCT/rust/vendor/cpufeatures-0.2.17/Cargo.toml.orig	1047	5aee1d3bb7edabc7c62ef0b6f1c9a96fd5cf67eaab8224a5e2079735b7ff2c8f
SOURCE/PRODUCT/rust/vendor/cpufeatures-0.2.17/LICENSE-APACHE	10849	a9040321c3712d8fd0b09cf52b17445de04a23a10165049ae187cd39e5c86be5
SOURCE/PRODUCT/rust/vendor/cpufeatures-0.2.17/LICENSE-MIT	1082	ae9baa7beea910273c2f384c2a6b721fb7bd02bda3436074a1072e4ee689f985
SOURCE/PRODUCT/rust/vendor/cpufeatures-0.2.17/README.md	3098	eb7ccf38bd407faaff4897884dce2179323b6b5c9455ea5e2e32d213c5b52f83
SOURCE/PRODUCT/rust/vendor/cpufeatures-0.2.17/src/aarch64.rs	5195	e85b099f40f51f99f82ff9ffae97078ec7991da5bca4eb61e29abf15c44a8d01
SOURCE/PRODUCT/rust/vendor/cpufeatures-0.2.17/src/lib.rs	6101	3d633614ff24afdba603e4f2d3e36bdb7b190fff9e7f0d2b385c1f9d5d8144d1
SOURCE/PRODUCT/rust/vendor/cpufeatures-0.2.17/src/loongarch64.rs	3628	431cf8c3cdcc55cb46275da5c778033e3bd60e03d04910e7756f5ce3a89c3a32
SOURCE/PRODUCT/rust/vendor/cpufeatures-0.2.17/src/miri.rs	400	acf1a7e7ae31a1de07941084c6b589a2d4c6ea5f87012c811592c865d04c02cb
SOURCE/PRODUCT/rust/vendor/cpufeatures-0.2.17/src/x86.rs	4907	b23201081392c38084f15200b071b16f5467aadba98616cce878be16b836f03f
SOURCE/PRODUCT/rust/vendor/cpufeatures-0.2.17/tests/aarch64.rs	335	f6f0f55d821dbcac61e54cec8d35bf944cd09f90f3422eee2b6d55a1e9899635
SOURCE/PRODUCT/rust/vendor/cpufeatures-0.2.17/tests/loongarch64.rs	444	1b95140c68f673721699dcb40176540818641785f7863a99214bcad2014aa181
SOURCE/PRODUCT/rust/vendor/cpufeatures-0.2.17/tests/x86.rs	339	fcf476ca6ebd0845ab547cea4fe40c2ba2a2324c024264d9a86f666586f3a480
SOURCE/PRODUCT/rust/vendor/crypto-common-0.1.7/.cargo-checksum.json	979	67cfc799d970aa7bc27bf693e7c82a8e7b10fcc37db6925b9b76664d249cfe2c
SOURCE/PRODUCT/rust/vendor/crypto-common-0.1.7/.cargo_vcs_info.json	107	9f3d25eba4f1c16015148d4da6ad033aea9122b6da6908480f823226c7b03498
SOURCE/PRODUCT/rust/vendor/crypto-common-0.1.7/CHANGELOG.md	1402	6fcfa84d237ac5900879ebd2a91b41f680088e741ca95c965d205880382d94cb
SOURCE/PRODUCT/rust/vendor/crypto-common-0.1.7/Cargo.lock	1915	84137644c70a3fe92e7dd56883631a040268acbb11cd2d9869eddd69d5c73691
SOURCE/PRODUCT/rust/vendor/crypto-common-0.1.7/Cargo.toml	1359	303682a6a66fdc98de8a011ac275e18c523f1535ed8de2a291a4fcad91de8348
SOURCE/PRODUCT/rust/vendor/crypto-common-0.1.7/Cargo.toml.orig	761	50ba74f640a7452553988619a4ecec442ab60a1047731304b8493193a0e202b2
SOURCE/PRODUCT/rust/vendor/crypto-common-0.1.7/LICENSE-APACHE	10849	a9040321c3712d8fd0b09cf52b17445de04a23a10165049ae187cd39e5c86be5
SOURCE/PRODUCT/rust/vendor/crypto-common-0.1.7/LICENSE-MIT	1065	3521672491a3479422d5fe1aca6645dd2984090f85da6e5205abfb18fb7a6897
SOURCE/PRODUCT/rust/vendor/crypto-common-0.1.7/README.md	1882	3451ce2bc0b658041902a8e792023d9874700e9292eac9153c45f203430e24a0
SOURCE/PRODUCT/rust/vendor/crypto-common-0.1.7/src/lib.rs	9225	5dd00d7ea362d1e4fc06141aae07a0f15166a0b8836ac8e8713f7d7f31d26a1e
SOURCE/PRODUCT/rust/vendor/digest-0.10.7/.cargo-checksum.json	2037	3a766b67bdca5d6cf0f506b83db1d3092f6dc09070b5cedc147743f0ca902be1
SOURCE/PRODUCT/rust/vendor/digest-0.10.7/.cargo_vcs_info.json	100	502c194bd5d933bbfd4878b4b899b5a530457b360c5f5445c949d91f0608922b
SOURCE/PRODUCT/rust/vendor/digest-0.10.7/CHANGELOG.md	3760	e89e1b904ddcb022d2413bf6eb0cc14418c0177f669c4da5520c2566ebb3800c
SOURCE/PRODUCT/rust/vendor/digest-0.10.7/Cargo.toml	1517	f0cc2fc18c6e7f3533658b9e59d71b55e641e7d8226e5d1b915a5e7c0a1d3f36
SOURCE/PRODUCT/rust/vendor/digest-0.10.7/Cargo.toml.orig	1152	392589a36b44e59e13c815d47584682c5b0b26864bab89992c1e42bb73aa6b93
SOURCE/PRODUCT/rust/vendor/digest-0.10.7/LICENSE-APACHE	10849	a9040321c3712d8fd0b09cf52b17445de04a23a10165049ae187cd39e5c86be5
SOURCE/PRODUCT/rust/vendor/digest-0.10.7/LICENSE-MIT	1057	9e0dfd2dd4173a530e238cb6adb37aa78c34c6bc7444e0e10c1ab5d8881f63ba
SOURCE/PRODUCT/rust/vendor/digest-0.10.7/README.md	4854	edf9f16c57466b06d201b8646182b7332324c7aba28f832dde7f57d03249637d
SOURCE/PRODUCT/rust/vendor/digest-0.10.7/src/core_api.rs	4218	b52728aba8a84f980f3f9cc8a94a64d3a97f1eb5f4db144904822c2f8eefb1f8
SOURCE/PRODUCT/rust/vendor/digest-0.10.7/src/core_api/ct_variable.rs	6063	703bd62fb693a437e319d1192988bd674f9127a6b76f73b4c58c71afc79bc013
SOURCE/PRODUCT/rust/vendor/digest-0.10.7/src/core_api/rt_variable.rs	4410	b57f89bf3991a313e2ddde09c701375e23539e7df74d685a161707ba1fbc99e4
SOURCE/PRODUCT/rust/vendor/digest-0.10.7/src/core_api/wrapper.rs	7040	033777bed7d140b158e15d50fda8a6e06557ce89bd0738fcca692be2c39e8b8a
SOURCE/PRODUCT/rust/vendor/digest-0.10.7/src/core_api/xof_reader.rs	1608	f33ca7b2c17eb99d84ea460d5567af68690e4fa6c2d94069a5d6748f8c8620eb
SOURCE/PRODUCT/rust/vendor/digest-0.10.7/src/dev.rs	2002	cbaeab07489efcadec917d7b7bcf2fdade79e78a4839ab3c3d8ad442f8f82833
SOURCE/PRODUCT/rust/vendor/digest-0.10.7/src/dev/fixed.rs	2021	1cbabc651645c1e781d31825791132b4e3741f426e99d7e40988e2a5ee49bddd
SOURCE/PRODUCT/rust/vendor/digest-0.10.7/src/dev/mac.rs	6011	e8837d3b99dc8b6ddb398e7fad5731c2ed36931f851ed625d3ae59fb31244165
SOURCE/PRODUCT/rust/vendor/digest-0.10.7/src/dev/rng.rs	982	156f42e9eb8fb2083cd12dc4a9bff9d57a321d33367efe6cd42cdc02c17ed2dc
SOURCE/PRODUCT/rust/vendor/digest-0.10.7/src/dev/variable.rs	2556	51939602b43f5a813fc725bc603a34246bbf76facaa7930cb7bf78c283ec94a7
SOURCE/PRODUCT/rust/vendor/digest-0.10.7/src/dev/xof.rs	1480	b3971175e50f615247e4158cba87d77c369461eda22751d888725cec45b61985
SOURCE/PRODUCT/rust/vendor/digest-0.10.7/src/digest.rs	6717	8beab74640774c9f6811daa6dac9b5a8867f5beeb0b552a9b5ddbc5cfc196ed0
SOURCE/PRODUCT/rust/vendor/digest-0.10.7/src/lib.rs	10639	5128199102bf0f7638fba0bbcf42b23822e31065841fb0c4304b64f681fde961
SOURCE/PRODUCT/rust/vendor/digest-0.10.7/src/mac.rs	8359	6303caa2c5b76513346c082dd600e007354179ad440fc83dad3d7f4240281803
SOURCE/PRODUCT/rust/vendor/errno-0.3.14/.cargo-checksum.json	1657	c7af25f615d38658b878d6bcc1db4eb18fea547ead6f7b925ca2705cd6dfe731
SOURCE/PRODUCT/rust/vendor/errno-0.3.14/.cargo_vcs_info.json	94	27df27e26defb9e10fa3f2f00e800657237bae0c33dc00c38fbd1c4d4ed47fdd
SOURCE/PRODUCT/rust/vendor/errno-0.3.14/.github/dependabot.yml	207	514557e7c5180a3f89e89cdc98112fd32c362216ae8478bfac4dcfee874f330f
SOURCE/PRODUCT/rust/vendor/errno-0.3.14/.github/workflows/main.yml	2698	e917468e0ddc7271bd05463572d7f8d2e61ba97bb71977e3d415a219aae0c2cc
SOURCE/PRODUCT/rust/vendor/errno-0.3.14/CHANGELOG.md	4479	8e2bbd60d570bdf1f36df193608f7d1b982b644a9e9e40f90a9ab33d7a67039c
SOURCE/PRODUCT/rust/vendor/errno-0.3.14/Cargo.lock	812	631e3df2b909e0b2012fe10fc22f081290deb1bdde74b9b79055c3636162e385
SOURCE/PRODUCT/rust/vendor/errno-0.3.14/Cargo.toml	1632	a25f16ccaa127602fc0cc9d1c80186619a0b8f42331a27b6f04b6bfa4aa29de2
SOURCE/PRODUCT/rust/vendor/errno-0.3.14/Cargo.toml.orig	1099	d6bf736fd0ecec39ee8ace1ad1c3e514e82fe22779d2c13eea0875960fe7037e
SOURCE/PRODUCT/rust/vendor/errno-0.3.14/LICENSE-APACHE	10847	a60eea817514531668d7e00765731449fe14d059d3249e0bc93b36de45f759f2
SOURCE/PRODUCT/rust/vendor/errno-0.3.14/LICENSE-MIT	1054	8764a597675778ddfd4e25f81b08a05dbcf089ac05662df7613fe67f150e3aa2
SOURCE/PRODUCT/rust/vendor/errno-0.3.14/README.md	1418	c3054b1c0013a44cefdfce77d86308fc14d26b5b17feea831a0fedb2ac940b37
SOURCE/PRODUCT/rust/vendor/errno-0.3.14/clippy.toml	14	6409bb805741d8bedfb1e58eb0ce4b63bd1d384ad5e29b7a3c0997a872f31206
SOURCE/PRODUCT/rust/vendor/errno-0.3.14/src/hermit.rs	1017	ad03355bc4d79c180ab3210e1d3edd538eccaaea8d4f9a9b7eb8a0dc2d39b5df
SOURCE/PRODUCT/rust/vendor/errno-0.3.14/src/lib.rs	3916	abcf06f19da51626d557d8f53955b3361a3f2a86a89227600d01f2d5c2f5562f
SOURCE/PRODUCT/rust/vendor/errno-0.3.14/src/sys.rs	1011	eb065c9f20decbcd4afe2191b0aaf3a7c5808527e7f9132731fd555044c9337b
SOURCE/PRODUCT/rust/vendor/errno-0.3.14/src/unix.rs	3042	66c64603798cf7d8701de5be077b814b09a324b42ff460e9448686b4d8a330a7
SOURCE/PRODUCT/rust/vendor/errno-0.3.14/src/wasi.rs	1686	c83052e5c45c31e2a4630c00a4d0b92f39205774a4d419b4aa5c06dc5992280c
SOURCE/PRODUCT/rust/vendor/errno-0.3.14/src/windows.rs	2608	7cbcdb8e74582f357fa945bb1c44c4d19c1a10bec958da1223305bf68ec35baf
SOURCE/PRODUCT/rust/vendor/find-msvc-tools-0.1.9/.cargo-checksum.json	1750	730df42018aa91d196db6606e634681b984f1d48781378526d701e8b39b5c8e3
SOURCE/PRODUCT/rust/vendor/find-msvc-tools-0.1.9/.cargo_vcs_info.json	109	a6a00e4fc7a085688fcd4550501bc164e55a5f6b84225a5a744d4124dd493e3d
SOURCE/PRODUCT/rust/vendor/find-msvc-tools-0.1.9/CHANGELOG.md	2578	d8241689c2a2901c42c6c2284659915ed85e4c36216c1d5d771fa0be9c64a4a9
SOURCE/PRODUCT/rust/vendor/find-msvc-tools-0.1.9/Cargo.lock	159	ee3c45e2461f086b0122abd500f2c55bf9d05876ea6323b951578080cd158838
SOURCE/PRODUCT/rust/vendor/find-msvc-tools-0.1.9/Cargo.toml	1175	1162710613011a622ba62b035b570cc13584516082f9cf579cfaf2f144a77a76
SOURCE/PRODUCT/rust/vendor/find-msvc-tools-0.1.9/Cargo.toml.orig	525	3941ba1194442678125b6ca4221a07ac27ac64f7dadd7467490e55e39cc205f9
SOURCE/PRODUCT/rust/vendor/find-msvc-tools-0.1.9/LICENSE-APACHE	10847	a60eea817514531668d7e00765731449fe14d059d3249e0bc93b36de45f759f2
SOURCE/PRODUCT/rust/vendor/find-msvc-tools-0.1.9/LICENSE-MIT	1057	378f5840b258e2779c39418f3f2d7b2ba96f1c7917dd6be0713f88305dbda397
SOURCE/PRODUCT/rust/vendor/find-msvc-tools-0.1.9/README.md	1024	5e7b2b1f5ffc1da7695d3e151a2d4d0b8f681e65a24ddf85a353d4bcfa81967a
SOURCE/PRODUCT/rust/vendor/find-msvc-tools-0.1.9/src/com.rs	2832	d71a248866e04a19c62221999f7f120890cb98bc74ea7fd0b714f766d3e0dd81
SOURCE/PRODUCT/rust/vendor/find-msvc-tools-0.1.9/src/find_tools.rs	61144	4b97e6f518943d4754ac73c77bc5932025bd1b48d10ed310694ed7d7449ae256
SOURCE/PRODUCT/rust/vendor/find-msvc-tools-0.1.9/src/lib.rs	525	56b0350126ad84accee5fd3d160c6a04a32d17012013fc6f687caf4b59a76ce8
SOURCE/PRODUCT/rust/vendor/find-msvc-tools-0.1.9/src/registry.rs	6436	ccbb665b60517a62d249dbe708675ea915c423c14bea786e17efee27453afd41
SOURCE/PRODUCT/rust/vendor/find-msvc-tools-0.1.9/src/setup_config.rs	8886	5fee84b80d089ae4a92f10080b072ea2bb32c2edbcdc759cb9072e380404fc46
SOURCE/PRODUCT/rust/vendor/find-msvc-tools-0.1.9/src/tool.rs	1095	83e805a8354278837c474c0907b8dd80c496ae4812b2f777f2b2e4266ba68032
SOURCE/PRODUCT/rust/vendor/find-msvc-tools-0.1.9/src/vs_instances.rs	6490	10a4433ff6799b11dc01da568ba20af9153aa645d9dc4154cf1c0da15308577c
SOURCE/PRODUCT/rust/vendor/find-msvc-tools-0.1.9/src/winapi.rs	4552	d486d80ebe222f3bf61bba50038cf63b258585325b29b89d149de8b5a489c2b5
SOURCE/PRODUCT/rust/vendor/find-msvc-tools-0.1.9/src/windows_link.rs	902	5b4648ebc22b028caca9f4b4bf8881fe2d094b7bec217264ba2e6e2c49d1ccee
SOURCE/PRODUCT/rust/vendor/find-msvc-tools-0.1.9/src/windows_sys.rs	6030	c3c803c6408795eb3a2bb3feaf3dc83a8d3049d76f026a4d25d21162fdb890dd
SOURCE/PRODUCT/rust/vendor/form_urlencoded-1.2.2/.cargo-checksum.json	818	6e299d59fe2dd83a6babc23c9ec15a449996412b1fadcfc4846b898110a1a331
SOURCE/PRODUCT/rust/vendor/form_urlencoded-1.2.2/.cargo_vcs_info.json	128	b376a9800c7c6ff3ee0adbeb3bc2055994bcbb994b6fdf81ad58cdb8fac454f6
SOURCE/PRODUCT/rust/vendor/form_urlencoded-1.2.2/Cargo.lock	399	1dbf555d3a0e46fb4fde0559cd29ef38290eed9e08e7e9df2c02cee663aa0ba0
SOURCE/PRODUCT/rust/vendor/form_urlencoded-1.2.2/Cargo.toml	1266	118b1d87e862ea329b8bc84b389085a2f8e049d4c0b8b3c38ac2bffbe3501928
SOURCE/PRODUCT/rust/vendor/form_urlencoded-1.2.2/Cargo.toml.orig	659	d523fbc2da822b802fb51843d81d4aa9da7a6f660ad3805c40325e9fb0d1257c
SOURCE/PRODUCT/rust/vendor/form_urlencoded-1.2.2/LICENSE-APACHE	10847	a60eea817514531668d7e00765731449fe14d059d3249e0bc93b36de45f759f2
SOURCE/PRODUCT/rust/vendor/form_urlencoded-1.2.2/LICENSE-MIT	1072	20c7855c364d57ea4c97889a5e8d98470a9952dade37bd9248b9a54431670e5e
SOURCE/PRODUCT/rust/vendor/form_urlencoded-1.2.2/src/lib.rs	13501	766b5d679064e01f7e6cce6f127a23885f79806ce3bccc49e4fe41933b83fd8d
SOURCE/PRODUCT/rust/vendor/futures-channel-0.3.33/.cargo-checksum.json	1852	5b4df0f465fd96346605144c792d2f919e2625861952e40bfca09294036b7cae
SOURCE/PRODUCT/rust/vendor/futures-channel-0.3.33/.cargo_vcs_info.json	109	0aec0ccd0e50caa775b445871e2a0d61ae0ab3606880abae9a8fe3a5b8526ade
SOURCE/PRODUCT/rust/vendor/futures-channel-0.3.33/Cargo.lock	888	a19977bbbf36a2bbced56cfde822191b9bd5e7c193d4cdea6002afb4b6297ab4
SOURCE/PRODUCT/rust/vendor/futures-channel-0.3.33/Cargo.toml	1975	1a677c0241512c7916773bc67fcf052a5ef03c5377240e2c3546681ccdb51d58
SOURCE/PRODUCT/rust/vendor/futures-channel-0.3.33/Cargo.toml.orig	1113	02b1dd078c6727e2b26c3e1ab772042fc75aeff553b5f5ac84cd8955e658e132
SOURCE/PRODUCT/rust/vendor/futures-channel-0.3.33/LICENSE-APACHE	10874	275c491d6d1160553c32fd6127061d7f9606c3ea25abfad6ca3f6ed088785427
SOURCE/PRODUCT/rust/vendor/futures-channel-0.3.33/LICENSE-MIT	1094	6652c868f35dfe5e8ef636810a4e576b9d663f3a17fb0f5613ad73583e1b88fd
SOURCE/PRODUCT/rust/vendor/futures-channel-0.3.33/README.md	591	76d57b08b50a525e00265477b582a6bbcf82ec17bdce3a808f55f70358a83552
SOURCE/PRODUCT/rust/vendor/futures-channel-0.3.33/benches/sync_mpsc.rs	3907	1019dd027f104f58883f396ff70efc3dd69b3a7d62df17af090e07b2b05eaf66
SOURCE/PRODUCT/rust/vendor/futures-channel-0.3.33/src/lib.rs	1144	a23bb6b1f0c1bb33fb38f94a19c74d56696e257a065e20a24fb765c3fb7414e5
SOURCE/PRODUCT/rust/vendor/futures-channel-0.3.33/src/lock.rs	3148	38655a797456ea4f67d132c42055cf74f18195e875c3b337fc81a12901f79292
SOURCE/PRODUCT/rust/vendor/futures-channel-0.3.33/src/mpsc/mod.rs	49844	fff4ec50657e5cf0ad1a14336b621cab9076abbae4eb732dc1530df637250539
SOURCE/PRODUCT/rust/vendor/futures-channel-0.3.33/src/mpsc/queue.rs	6821	22034085dc22050b708a37854e215fc7cbb16d65edc60370cb5d8f4b7faca18e
SOURCE/PRODUCT/rust/vendor/futures-channel-0.3.33/src/mpsc/sink_impl.rs	2315	c9977b530187e82c912fcd46e08316e48ed246e77bb2419d53020e69e403d086
SOURCE/PRODUCT/rust/vendor/futures-channel-0.3.33/src/oneshot.rs	17843	1e4e33c75d72b5d11cc23710e2a08099e04b72bf2368b68e7c1eb0beb6fc03fa
SOURCE/PRODUCT/rust/vendor/futures-channel-0.3.33/tests/channel.rs	1566	88f4a41d82b5c1b01e153d071a2bf48e0697355908c55ca42342ed45e63fdec8
SOURCE/PRODUCT/rust/vendor/futures-channel-0.3.33/tests/mpsc-close.rs	11281	4b934c6f3c4bd2333b9b41e4c4b3a23395271e146cb0caec89d64f6a66031861
SOURCE/PRODUCT/rust/vendor/futures-channel-0.3.33/tests/mpsc-size_hint.rs	1241	b1a25850e60bd902d4c499e8163739a0b34ebec972202b72669238968cc8beaf
SOURCE/PRODUCT/rust/vendor/futures-channel-0.3.33/tests/mpsc.rs	18771	3853d3fbda7442f5f4faa8e46dc6b7354b35b2fec0e6aeb7aace528a709a822d
SOURCE/PRODUCT/rust/vendor/futures-channel-0.3.33/tests/oneshot.rs	7205	0f97d28852a1fd1327211772f43322c93916a639be3f2581e49ad37c9f8a2f88
SOURCE/PRODUCT/rust/vendor/futures-core-0.3.33/.cargo-checksum.json	1435	cc4b3b04f82e7641bbb430b0251669d5ccec84992e37bf6e34fe8b37a5cd3155
SOURCE/PRODUCT/rust/vendor/futures-core-0.3.33/.cargo_vcs_info.json	106	1f0814d99af622e67167e0cbb64a6fb9d9ce090e9fc8689b152a127fbf9218f6
SOURCE/PRODUCT/rust/vendor/futures-core-0.3.33/Cargo.lock	539	7214ba1fb4e979ea8b279da32dbb77b99e10a72f62053118b656de02afdb4de7
SOURCE/PRODUCT/rust/vendor/futures-core-0.3.33/Cargo.toml	1507	04c36c8234abe704d1c086d27d2c134a3260bdfb4c33f5db891daf7bfa80727c
SOURCE/PRODUCT/rust/vendor/futures-core-0.3.33/Cargo.toml.orig	862	d9e9e4ce6aac9b0015009a61382513cf31c1e3ac45d0e7b2d3a8dd268826044f
SOURCE/PRODUCT/rust/vendor/futures-core-0.3.33/LICENSE-APACHE	10874	275c491d6d1160553c32fd6127061d7f9606c3ea25abfad6ca3f6ed088785427
SOURCE/PRODUCT/rust/vendor/futures-core-0.3.33/LICENSE-MIT	1094	6652c868f35dfe5e8ef636810a4e576b9d663f3a17fb0f5613ad73583e1b88fd
SOURCE/PRODUCT/rust/vendor/futures-core-0.3.33/README.md	580	e8258273fed6f1796485777655118f2369fd3f000191e9d8cdbd10bf052946a9
SOURCE/PRODUCT/rust/vendor/futures-core-0.3.33/src/future.rs	3696	bdbe034548271aef0c3dd8a6d087a5861e5920848c9e33a8949dbc40407c0ca7
SOURCE/PRODUCT/rust/vendor/futures-core-0.3.33/src/lib.rs	653	e545004177a7cd13257a3a562d2d44a5e0cff45687fc912b69e3d510fa397396
SOURCE/PRODUCT/rust/vendor/futures-core-0.3.33/src/stream.rs	8751	11f0b4360287dd870c1b674db84f2452ddc38fbaf475cca27d374b65211af72d
SOURCE/PRODUCT/rust/vendor/futures-core-0.3.33/src/task/__internal/atomic_waker.rs	17282	67d3e3177332e95696bc727420beadc1af44b5c96da78ac8f97f9f5bae4fb143
SOURCE/PRODUCT/rust/vendor/futures-core-0.3.33/src/task/__internal/mod.rs	265	1cc15fd61942a29ea558c5f4d5782e46adcfd914cab82be084a6882fa9afc122
SOURCE/PRODUCT/rust/vendor/futures-core-0.3.33/src/task/mod.rs	172	e213602a2fe5ae78ad5f1ca20e6d32dcbab17aba5b6b072fb927a72da99b4a11
SOURCE/PRODUCT/rust/vendor/futures-core-0.3.33/src/task/poll.rs	496	3732f2e489b107ef76ba0cd9b30efd197d445dcea67f2c65783a388893f310b6
SOURCE/PRODUCT/rust/vendor/futures-task-0.3.33/.cargo-checksum.json	1406	d17ca0098c2dd27f7019870c67f9ce91f33fa5db4000d5a697358e994b6bcc13
SOURCE/PRODUCT/rust/vendor/futures-task-0.3.33/.cargo_vcs_info.json	106	774f8cbeb9f4754f7298025ec31e60909231ebce7672bac1b1aea0522e7ee173
SOURCE/PRODUCT/rust/vendor/futures-task-0.3.33/Cargo.lock	145	e9fea1dfacb69c306bbc4d63d664dcfe2bfdd83c490cc41211434cacdf1fa9aa
SOURCE/PRODUCT/rust/vendor/futures-task-0.3.33/Cargo.toml	1335	b3e3267fa99c0a76f076428a9242cc2898350ba355f5ae55a924dbd81bb08955
SOURCE/PRODUCT/rust/vendor/futures-task-0.3.33/Cargo.toml.orig	692	7a36709e56b6a1d766c01e95f751b67a1cc71ab8670ddd235e4991707df6dab2
SOURCE/PRODUCT/rust/vendor/futures-task-0.3.33/LICENSE-APACHE	10874	275c491d6d1160553c32fd6127061d7f9606c3ea25abfad6ca3f6ed088785427
SOURCE/PRODUCT/rust/vendor/futures-task-0.3.33/LICENSE-MIT	1094	6652c868f35dfe5e8ef636810a4e576b9d663f3a17fb0f5613ad73583e1b88fd
SOURCE/PRODUCT/rust/vendor/futures-task-0.3.33/README.md	554	7a458e69ff008c35cffbbbcd2a14ad3ba7ad75201ce74df2d8f8d0fdcf6c4a89
SOURCE/PRODUCT/rust/vendor/futures-task-0.3.33/src/arc_wake.rs	1924	0e3f7d7883b75337b0b92ff55e477f0bf96f6eb08def7d953676a289fd9696ec
SOURCE/PRODUCT/rust/vendor/futures-task-0.3.33/src/future_obj.rs	10693	be75a5b6f124cd25038c60961b5933062a06ccdce569e58e41c357802d3d1891
SOURCE/PRODUCT/rust/vendor/futures-task-0.3.33/src/lib.rs	1327	dbaf4498e6583bd4703733f8fd8b6f51fa5cb6f32940fa0ab7692df48a45e2b7
SOURCE/PRODUCT/rust/vendor/futures-task-0.3.33/src/noop_waker.rs	1647	41246601dab77f69bf09257afc3321031a5a31a7eda51787029870eda9922356
SOURCE/PRODUCT/rust/vendor/futures-task-0.3.33/src/spawn.rs	5808	36b73e1d2d8e3cfbbd0854b664bd00e62d70d8b7255d83724ddde08b9ec688dc
SOURCE/PRODUCT/rust/vendor/futures-task-0.3.33/src/waker.rs	2031	3fd071a6e951d873aa896b3ee7b377a70d340e738a51aef85f5bb1c46d3451a8
SOURCE/PRODUCT/rust/vendor/futures-task-0.3.33/src/waker_ref.rs	2060	640264ad52ccd2ebbb650104eaab9a2d24b8d08749f8c76226bd22bd51006f2a
SOURCE/PRODUCT/rust/vendor/futures-util-0.3.33/.cargo-checksum.json	18486	1cb7708c00cb90f17ed02ca7658fae18cf756af10a6a0acf297e991df8a3dd3e
SOURCE/PRODUCT/rust/vendor/futures-util-0.3.33/.cargo_vcs_info.json	106	b6df5696386604a75691fa9eec79ef32e0cc0140f2326f7c3350841bc937ac88
SOURCE/PRODUCT/rust/vendor/futures-util-0.3.33/Cargo.lock	33785	48157f0eebd5dbca7bcdceb07ab6f276838ac3d9b80785117dbae60a8694fdbd
SOURCE/PRODUCT/rust/vendor/futures-util-0.3.33/Cargo.toml	3675	b45b62d62bb647ddb395b34a82ccd4c879364be64b5dd36448f1fea853c07274
SOURCE/PRODUCT/rust/vendor/futures-util-0.3.33/Cargo.toml.orig	2950	59a26d6d134aeb0cb4bd057593532538480e1b99ca1f6f8334cc27d373c9b834
SOURCE/PRODUCT/rust/vendor/futures-util-0.3.33/LICENSE-APACHE	10874	275c491d6d1160553c32fd6127061d7f9606c3ea25abfad6ca3f6ed088785427
SOURCE/PRODUCT/rust/vendor/futures-util-0.3.33/LICENSE-MIT	1094	6652c868f35dfe5e8ef636810a4e576b9d663f3a17fb0f5613ad73583e1b88fd
SOURCE/PRODUCT/rust/vendor/futures-util-0.3.33/README.md	590	00510d047b36feb45db9034bf5f07a049a99b51d6b8c40d028cb35977baeb723
SOURCE/PRODUCT/rust/vendor/futures-util-0.3.33/benches/bilock.rs	1506	6f59b71f9b9ca5751018a985eff0ea8d63d4cb6d18a17e672e17bc786b972c20
SOURCE/PRODUCT/rust/vendor/futures-util-0.3.33/benches/flatten_unordered.rs	1582	79330465a5d8f2d6e450861e7ca2ed8ae7fe78a5fb221b6ab7121227810c1bcf
SOURCE/PRODUCT/rust/vendor/futures-util-0.3.33/benches/futures_unordered.rs	1000	5eb8280be8d8fb7bd5fb103ce20db10f618f47e180a402105e0d5e9f8c9fe35a
SOURCE/PRODUCT/rust/vendor/futures-util-0.3.33/benches/select.rs	1019	ca0a79bc3434f0fc025e0b0e37941ba1d592b40f36ce6544cdfede9f23e70581
SOURCE/PRODUCT/rust/vendor/futures-util-0.3.33/src/abortable.rs	6960	d58fd321880308cb81258bdfe8519e6c4d25301ad6fbb748cf84c0b4e5bd567c
SOURCE/PRODUCT/rust/vendor/futures-util-0.3.33/src/async_await/join_mod.rs	3551	8f83c0001df867f5eb47a4174bf4a0c0b548f8ff3be3b532e0c759ad981b87da
SOURCE/PRODUCT/rust/vendor/futures-util-0.3.33/src/async_await/mod.rs	1714	9a81d2eb3c89a31e1241c50438ff92d08d5c1fa879f0f8d52bfbcc261aa88272
SOURCE/PRODUCT/rust/vendor/futures-util-0.3.33/src/async_await/pending.rs	1219	8a4b947878e538ed440fb196cf8d952cd983e092dbb82e127dc70a59a3b1bf17
SOURCE/PRODUCT/rust/vendor/futures-util-0.3.33/src/async_await/poll.rs	1176	440c19a89fd42b12da09ff48a69523b5a8a5baea0bcd2f860589a0ab996ed781
SOURCE/PRODUCT/rust/vendor/futures-util-0.3.33/src/async_await/random.rs	1371	30d4a46068c539a58f475b971a9114b7b1ac08d22df5331b2f31d42ecbef7b90
SOURCE/PRODUCT/rust/vendor/futures-util-0.3.33/src/async_await/select_mod.rs	13542	5c87005c830f820da8e45bf9bec86fef2f13791e8c6ff3c69aa93576ddd0d40a
SOURCE/PRODUCT/rust/vendor/futures-util-0.3.33/src/async_await/stream_select_mod.rs	1308	bb4c585281a00de64e36ea7a3c2f8d7ce5c21d296698f85ec817f04c742fd251
SOURCE/PRODUCT/rust/vendor/futures-util-0.3.33/src/compat/compat01as03.rs	15529	75f7c85d63969924191c51ed49e743f456731ff63387b5d4b57e80de8b948ebc
SOURCE/PRODUCT/rust/vendor/futures-util-0.3.33/src/compat/compat03as01.rs	8551	5cb89dd890baf02018780c7ca753c46e6c24fba967f8476e4c173f19b185073b
SOURCE/PRODUCT/rust/vendor/futures-util-0.3.33/src/compat/executor.rs	2892	86711bfe07ffc3a69b9bae5741cfefd30775eec1467bbbd0796031435fe95c7d
SOURCE/PRODUCT/rust/vendor/futures-util-0.3.33/src/compat/mod.rs	802	6cf3412f6a3f9ee8406118ea75de65468a83febc6ba61bdbad69261f0cfea02e
SOURCE/PRODUCT/rust/vendor/futures-util-0.3.33/src/fns.rs	8712	58d43b04a570263344622a91e84c7c8838e77f3e2a562a19d78964e91b075d5a
SOURCE/PRODUCT/rust/vendor/futures-util-0.3.33/src/future/abortable.rs	745	373ce61c0c7c31718ff572113503bb88f55e3b49ed5d028a3dfafd69070f44c1
SOURCE/PRODUCT/rust/vendor/futures-util-0.3.33/src/future/always_ready.rs	1725	c8f1ac9bb3ce49200ccc9c26454b6c84526781dc523ded4e16f76055d85d900a
SOURCE/PRODUCT/rust/vendor/futures-util-0.3.33/src/future/either.rs	9285	8505e7cbbe75ccb9dbde371fd0ba181015bf5ab3869d48192f00d85ed3284cd1
SOURCE/PRODUCT/rust/vendor/futures-util-0.3.33/src/future/future/catch_unwind.rs	972	f43098955f6e1f3de254c24969810d844211c52d9ae0e1cebd8137567c78e5b5
SOURCE/PRODUCT/rust/vendor/futures-util-0.3.33/src/future/future/flatten.rs	4449	5bf9846cef8dec5dcc38b992653e11146bc149a0d3efc09b1f8268bd29de0b2b
SOURCE/PRODUCT/rust/vendor/futures-util-0.3.33/src/future/future/fuse.rs	2771	789bec97248a529e0b4994a644ad8e19c5593a6cb20ac8608976e87881ed50b8
SOURCE/PRODUCT/rust/vendor/futures-util-0.3.33/src/future/future/map.rs	1714	2ad91b79d7aac197b16beb9e97d6eb1b9b75fce558d1ff1f305421f894834042
SOURCE/PRODUCT/rust/vendor/futures-util-0.3.33/src/future/future/mod.rs	19794	93b6177d1b8f01876f5ec3960ca2ae4c50fbf9a29c467f23d7cf7f672e33e9db
SOURCE/PRODUCT/rust/vendor/futures-util-0.3.33/src/future/future/remote_handle.rs	4244	9f2230e7fafa3954960c2f4c0bfd3207b54aa2c19357af98edfd53b4f878f90c
SOURCE/PRODUCT/rust/vendor/futures-util-0.3.33/src/future/future/shared.rs	13000	bb281d9e3868a3e1f02dd61a60c357721fb804a01543606af625000c789fd8d8
SOURCE/PRODUCT/rust/vendor/futures-util-0.3.33/src/future/join.rs	5494	38b55fc7cdbbdaaa525e51f8ce09783dbbcb65eabfd7de9f46610593e0bbef17
SOURCE/PRODUCT/rust/vendor/futures-util-0.3.33/src/future/join_all.rs	4970	3b4496a31c4253ae9bc49d0098a16f77d669507e39637ecabe118f5a4425c29c
SOURCE/PRODUCT/rust/vendor/futures-util-0.3.33/src/future/lazy.rs	1353	d161fc4108a97348c1becbbd5ba8fccb7225dcf1d81c097666f5c8b40718251d
SOURCE/PRODUCT/rust/vendor/futures-util-0.3.33/src/future/maybe_done.rs	3160	a17c82a822688c3e82c77a364e0620ff61cd287904e02387d0cd61a8471377da
SOURCE/PRODUCT/rust/vendor/futures-util-0.3.33/src/future/mod.rs	3608	13e1ca0c769f74204ad8eea2195710958c0e719b7e380ac380eaf050ff9391cf
SOURCE/PRODUCT/rust/vendor/futures-util-0.3.33/src/future/option.rs	1662	73daca814800b91b707753dcfe074265372b0077fae2504ea6efddc713453579
SOURCE/PRODUCT/rust/vendor/futures-util-0.3.33/src/future/pending.rs	1233	3967984d2061e6b201c407f28ba8392a21fc9ef7c0b9201e2e244110af0782c5
SOURCE/PRODUCT/rust/vendor/futures-util-0.3.33/src/future/poll_fn.rs	1389	8e54bf57d60e01d496ae31df35e0b96868f4bda504c024a14f51ab723d67885f
SOURCE/PRODUCT/rust/vendor/futures-util-0.3.33/src/future/poll_immediate.rs	3980	11c13ba300e7100dfaa57b45fb9f9908ad0319ccfa73a34cd0c941dea5859624
SOURCE/PRODUCT/rust/vendor/futures-util-0.3.33/src/future/ready.rs	1836	c9860ccd8ac529f44f66dee73ca9b9d7f1b1b3e5e9e4dc70c59640c752553d58
SOURCE/PRODUCT/rust/vendor/futures-util-0.3.33/src/future/select.rs	4017	9a5813e137ca56a4d0cbb91233e1cec534730a3450b60502b08b34cadd278dba
SOURCE/PRODUCT/rust/vendor/futures-util-0.3.33/src/future/select_all.rs	2469	5b304210c34cc2bd84f7b1819baa30a68eea2ee578b10b243f5dd884ee9a4791
SOURCE/PRODUCT/rust/vendor/futures-util-0.3.33/src/future/select_ok.rs	3063	dc35027db70c0111399c6ab6f7c977e6e7362f069a3891e4a62006c52643528e
SOURCE/PRODUCT/rust/vendor/futures-util-0.3.33/src/future/try_future/into_future.rs	939	d966bde7b06a88443f0efd877e95f91541778c4e713f3f4b66e00ca5d3f352b6
SOURCE/PRODUCT/rust/vendor/futures-util-0.3.33/src/future/try_future/mod.rs	21765	0445e5b019d9160413fffd6a67b13c3134943e07be389c76f85a8753b0de006a
SOURCE/PRODUCT/rust/vendor/futures-util-0.3.33/src/future/try_future/try_flatten.rs	5045	16c02e1780bd312b8b386e41c1d9dd4bcc4e8ef10f26007364f857b3adcc6e99
SOURCE/PRODUCT/rust/vendor/futures-util-0.3.33/src/future/try_future/try_flatten_err.rs	1756	130f3fc3fd95a19f4e4a50e69301106fab02f77d0faf3aac9c473a92b826c2ca
SOURCE/PRODUCT/rust/vendor/futures-util-0.3.33/src/future/try_join.rs	7444	1836931f8ba32da41c6810e6acc0ea2fee75b74b3153e760c4542cb12b220540
SOURCE/PRODUCT/rust/vendor/futures-util-0.3.33/src/future/try_join_all.rs	6160	3ce6e273489f5c2083ebcdea83689b2b331a0f4ee32b26ba12ceebab8f6d5c80
SOURCE/PRODUCT/rust/vendor/futures-util-0.3.33/src/future/try_maybe_done.rs	3049	69ae2deefd80652f5d68e7cfd5fbf1202e428e102cf7ced486534fa1cc7dde17
SOURCE/PRODUCT/rust/vendor/futures-util-0.3.33/src/future/try_select.rs	3209	5d6187ace76b5f26e60c713a1fe9fcb9cbb0d161c5881c532ce9472a230b595d
SOURCE/PRODUCT/rust/vendor/futures-util-0.3.33/src/io/allow_std.rs	5369	905a4854ebfb37657c57e1413cfdb9687405aa67bb9afed8089953d77d5a86f9
SOURCE/PRODUCT/rust/vendor/futures-util-0.3.33/src/io/buf_reader.rs	10269	ef8cd5e998e4c240948d7cef8b0d6eb122d1d16beaf8306919eb8b2dc084a204
SOURCE/PRODUCT/rust/vendor/futures-util-0.3.33/src/io/buf_writer.rs	7619	3cbfc628f025ae8a41c57d258610e653aa046b803ea0031e551602168e6a7675
SOURCE/PRODUCT/rust/vendor/futures-util-0.3.33/src/io/chain.rs	3886	12f508fc39c3234a71a0f886505245c5d659aed09c7d874b1bd8ca0a0d456cf3
SOURCE/PRODUCT/rust/vendor/futures-util-0.3.33/src/io/close.rs	779	9832210a870637198fa58642cdf2779afab71f2e31a9953e663fa6854bd73ac7
SOURCE/PRODUCT/rust/vendor/futures-util-0.3.33/src/io/copy.rs	1760	cb2466dcd7ea8bb1f07d00c03e66ed55abf71fe4be6937adc9f533ef9d99fb2d
SOURCE/PRODUCT/rust/vendor/futures-util-0.3.33/src/io/copy_buf.rs	2333	e9a5f6aac8375e298bddb332f23d8b626d056ce452b58f772a05df7e2cd326cf
SOURCE/PRODUCT/rust/vendor/futures-util-0.3.33/src/io/copy_buf_abortable.rs	4124	ced73b6420e892f220965315ed44ec774de4b44082ea53d0c9c64dbed72feed6
SOURCE/PRODUCT/rust/vendor/futures-util-0.3.33/src/io/cursor.rs	6523	7068a9233a8ec0cd685e4f784bda21ea0e76dba74d0de1d36d1fa9a48051b634
SOURCE/PRODUCT/rust/vendor/futures-util-0.3.33/src/io/empty.rs	1422	6ae40b4bc8fc41572abad2d013285d78d8df445868d41fac77bde508ec9bc1a5
SOURCE/PRODUCT/rust/vendor/futures-util-0.3.33/src/io/fill_buf.rs	1555	a3623e037db59efab227a769698098597f1b531a75b6c045e75f068c0137c738
SOURCE/PRODUCT/rust/vendor/futures-util-0.3.33/src/io/flush.rs	792	0c9b588dfd9da039dc123ba9448ac31ca21ee3da0a164a21f6c2c182183d43e2
SOURCE/PRODUCT/rust/vendor/futures-util-0.3.33/src/io/into_sink.rs	2671	ab5bdb12bff62672175b69b8c9f5a4bbbea716b9cf89169ed6a723ab43da9df8
SOURCE/PRODUCT/rust/vendor/futures-util-0.3.33/src/io/line_writer.rs	5234	b6174d334db1808f924b5617a80630f8dfcf9d569ee69e26f36c1913e7f63fc9
SOURCE/PRODUCT/rust/vendor/futures-util-0.3.33/src/io/lines.rs	1391	32efc076c95603571dd0d9587acb5e92abd00d9d92f699f9ee468b4bf264eeb7
SOURCE/PRODUCT/rust/vendor/futures-util-0.3.33/src/io/mod.rs	27126	dcceaea6783fc2591d27b1d15e826c5b3dc83858f4195621d7c70be1486e0a41
SOURCE/PRODUCT/rust/vendor/futures-util-0.3.33/src/io/read.rs	857	4ea675a83cec98a22c9c4731ff980209f0cf67f63c71871cd1deed53c1266345
SOURCE/PRODUCT/rust/vendor/futures-util-0.3.33/src/io/read_exact.rs	1273	ddebd58db9f6766efa3f50543fb51b138538533921e1ee1da4621fff9c64efe2
SOURCE/PRODUCT/rust/vendor/futures-util-0.3.33/src/io/read_line.rs	2558	f1978d109cbcdd9aaa8ba4c762671b7a96ab14df668d3a46e2bc3fd45c93b596
SOURCE/PRODUCT/rust/vendor/futures-util-0.3.33/src/io/read_to_end.rs	2986	c74689011c1a95b991a89ff25cfbb5ec487468515119bda7bdcf5d048d01ce7f
SOURCE/PRODUCT/rust/vendor/futures-util-0.3.33/src/io/read_to_string.rs	1921	c026184f29c2655a586af8b9d25de77a7a81dbce9950560bd7fbd21555816586
SOURCE/PRODUCT/rust/vendor/futures-util-0.3.33/src/io/read_until.rs	1805	5559a0fa31a739dfacfe3835011c83f60013dbb4f427f5cb1cf6af5487b7f365
SOURCE/PRODUCT/rust/vendor/futures-util-0.3.33/src/io/read_vectored.rs	964	bd7f442c92f2cb320075d0983b0d08d51c23078898d72e6c2857cf6c7ad4cec7
SOURCE/PRODUCT/rust/vendor/futures-util-0.3.33/src/io/repeat.rs	1648	53bc472e4bd7d286bf90765ce574f13b7aabc871c4f04f712da7cea160491390
SOURCE/PRODUCT/rust/vendor/futures-util-0.3.33/src/io/seek.rs	855	9863e9fb6495eb6e1f8c45c283c8a6993b9bdb1462f75a3e525e135c6840dec7
SOURCE/PRODUCT/rust/vendor/futures-util-0.3.33/src/io/sink.rs	1731	30a503631d196e5da92c386d0afc1af9656a5f7682456cfa2489a2c30a05cac5
SOURCE/PRODUCT/rust/vendor/futures-util-0.3.33/src/io/split.rs	4246	b9685e9ae07c45e4fb3a414a796418ddfbeee1f9ffa34671d5694ca3703a46ad
SOURCE/PRODUCT/rust/vendor/futures-util-0.3.33/src/io/take.rs	3672	c53fec5b5e8c3742b7e60e6ebfa625cf2e566fbea193fb1eee2f0a8e561d63d5
SOURCE/PRODUCT/rust/vendor/futures-util-0.3.33/src/io/window.rs	3431	ec6a9d20a7b252a5b272a74afa32e2279d372b806840ab985eae17bc06a25d27
SOURCE/PRODUCT/rust/vendor/futures-util-0.3.33/src/io/write.rs	860	60670eb00f999f2e2c43b099759a7fb030325b323744d88c9d20f75926ec30df
SOURCE/PRODUCT/rust/vendor/futures-util-0.3.33/src/io/write_all.rs	1260	8fcd4ff233650b5abd20f7b987000cac095d8de23445572de588dccf710623c6
SOURCE/PRODUCT/rust/vendor/futures-util-0.3.33/src/io/write_all_vectored.rs	6886	02fd19815a7d1b9ad61d14169743f6b0b4efe2ac2b127a03e6b24a039f498863
SOURCE/PRODUCT/rust/vendor/futures-util-0.3.33/src/io/write_vectored.rs	958	bc98ff4a709cb75cd9ffedefa8ef251089a49906b98e142d76447ddf4ac098bb
SOURCE/PRODUCT/rust/vendor/futures-util-0.3.33/src/lib.rs	11412	2a4bd0e3b1674947e93d0f0d38337208db5bac7ffdb7bab09b305ccb6319b183
SOURCE/PRODUCT/rust/vendor/futures-util-0.3.33/src/lock/bilock.rs	10869	3808d76ea97c01b76e42032c209166f974b4f0cc7d252539bc5755a3099d630e
SOURCE/PRODUCT/rust/vendor/futures-util-0.3.33/src/lock/mod.rs	995	52e7d6992c2c9343346b749accfa32585384732fdbc6c29047df828233d6da4e
SOURCE/PRODUCT/rust/vendor/futures-util-0.3.33/src/lock/mutex.rs	17832	9ec6ca7274dbc53b864152e096ecc41709a9875d0612fc3a1b157ed6faaa004b
SOURCE/PRODUCT/rust/vendor/futures-util-0.3.33/src/macros.rs	874	decd92ce8b97d450e11d009352cd2d49ef07689aaa91e4dd2e958ddf40253d32
SOURCE/PRODUCT/rust/vendor/futures-util-0.3.33/src/never.rs	785	2066481ab04921269cfa768cb8b778a035ab6aa49ec404d9ac0aeb07a4bf6094
SOURCE/PRODUCT/rust/vendor/futures-util-0.3.33/src/sink/buffer.rs	3068	33a7380f8232225a8e9ac5ee138fd095979efa3a64f9fecf5fcaf2e78fcbc355
SOURCE/PRODUCT/rust/vendor/futures-util-0.3.33/src/sink/close.rs	1024	f2f31c884f048163abebd4f5a877b7b4306f7d02beae428325636fd00ed42ca9
SOURCE/PRODUCT/rust/vendor/futures-util-0.3.33/src/sink/drain.rs	1444	60262bf3ef48c09b4d52e52953f9437d536e20f63690b73e975388751405d239
SOURCE/PRODUCT/rust/vendor/futures-util-0.3.33/src/sink/err_into.rs	1284	ced2998b2b0b792d80f7543523c9e07e8f5d20a4336cae93084b995e46671b15
SOURCE/PRODUCT/rust/vendor/futures-util-0.3.33/src/sink/fanout.rs	3444	66dcde056e0bbee4e0074d331838ed2743dc872ea1597f05d61970523dc34926
SOURCE/PRODUCT/rust/vendor/futures-util-0.3.33/src/sink/feed.rs	1326	64b9d296d37aedde37e1421c459ebcd9a7e8814db905996996167850124f3b3f
SOURCE/PRODUCT/rust/vendor/futures-util-0.3.33/src/sink/flush.rs	1219	fbba344f428ca7636541ba013f7db2ece480b404a9e0b421c5537552d61e2492
SOURCE/PRODUCT/rust/vendor/futures-util-0.3.33/src/sink/map_err.rs	1945	0f68f444ef13fe7115164be855c3b7b1d269e1119e69fcdad1706988255641f1
SOURCE/PRODUCT/rust/vendor/futures-util-0.3.33/src/sink/mod.rs	11196	37cf379170f3099992eb59f3181be4c4e4a5c2d3581dbe424d22ab360840d321
SOURCE/PRODUCT/rust/vendor/futures-util-0.3.33/src/sink/send.rs	1253	56aaba9aa4a562e0af39473a5779206d91b0acb1fced4fc06cd8b959d1897524
SOURCE/PRODUCT/rust/vendor/futures-util-0.3.33/src/sink/send_all.rs	3082	a8e4956604fe73e321b0a3896c2018bc5c27149f2862f8406112db140b3aa2dd
SOURCE/PRODUCT/rust/vendor/futures-util-0.3.33/src/sink/unfold.rs	2700	74996cece1979ab72b8b79bb531cbb6c8f45ff24b952654ec523b4a29176716f
SOURCE/PRODUCT/rust/vendor/futures-util-0.3.33/src/sink/with.rs	3791	d93889f5043fcd9909954f1dbfb11c33320006d9c00d226ebdb3853db80f402f
SOURCE/PRODUCT/rust/vendor/futures-util-0.3.33/src/sink/with_flat_map.rs	3750	5e0f527b33ee8f1cc6a6a46d45b6d74dad5c735d88b2cb24e1cb34fdc6ef501b
SOURCE/PRODUCT/rust/vendor/futures-util-0.3.33/src/stream/abortable.rs	697	935d79aa44d793f4abe87ca27a9e4a20891500488cf942693cd2756d65b3aab2
SOURCE/PRODUCT/rust/vendor/futures-util-0.3.33/src/stream/empty.rs	1009	5000c856186408a17f68bbef432d4a1a3edb7fb5a07ed8699342fef04b10a181
SOURCE/PRODUCT/rust/vendor/futures-util-0.3.33/src/stream/futures_ordered.rs	9343	eadd4934fb4f3fbcb540dba1641b9e66278afa43baee406a96cb08bf29de9282
SOURCE/PRODUCT/rust/vendor/futures-util-0.3.33/src/stream/futures_unordered/abort.rs	251	bdfece9f91accafd5122be36d628c37c5b219ac0eecec181267840fbb1e95a45
SOURCE/PRODUCT/rust/vendor/futures-util-0.3.33/src/stream/futures_unordered/iter.rs	5843	b7b26ff19df9a4beda137bc6ac1023c1a659cdd36c89fec71cae8200c02a0897
SOURCE/PRODUCT/rust/vendor/futures-util-0.3.33/src/stream/futures_unordered/mod.rs	27995	93454ce3057d667972f0da470a1c6a665738df8b8f40bffecb52eb209c5bad8d
SOURCE/PRODUCT/rust/vendor/futures-util-0.3.33/src/stream/futures_unordered/ready_to_run_queue.rs	3690	eccd922fcd8dc9214230867027533b9a67acabae57397ecd370107d26f421bce
SOURCE/PRODUCT/rust/vendor/futures-util-0.3.33/src/stream/futures_unordered/task.rs	9506	712f5152f023ef79fe393816ff0b454f5105bbd8a55cecc5b14ae5be3d1c6f24
SOURCE/PRODUCT/rust/vendor/futures-util-0.3.33/src/stream/iter.rs	1664	80cc232b90c0fc2e7c4ee2c1f40c61290756cc5325bf40427ea97b955c6ef41b
SOURCE/PRODUCT/rust/vendor/futures-util-0.3.33/src/stream/mod.rs	4240	e4f4bd19d691b6e81aac1ef529b3dbe9889939716bf0cbc85e9299328910fe52
SOURCE/PRODUCT/rust/vendor/futures-util-0.3.33/src/stream/once.rs	1708	d7b70adabad1f10af711ac3dcef33fd4c287e9852fdb678406e7ff350ba8fd47
SOURCE/PRODUCT/rust/vendor/futures-util-0.3.33/src/stream/pending.rs	1026	84aaa15c8bbb17a250da5b1b5f0c7f6717410915d63340a3fcbf098bebe19d6f
SOURCE/PRODUCT/rust/vendor/futures-util-0.3.33/src/stream/poll_fn.rs	1341	35952ea514b8aade14a3934d7777006475f50bbf0c5b50141710e31637f980be
SOURCE/PRODUCT/rust/vendor/futures-util-0.3.33/src/stream/poll_immediate.rs	2499	c56a607a021e43f601bb6c33b202de52b6d2fa1ec9bb8b027a1a161a205f6dda
SOURCE/PRODUCT/rust/vendor/futures-util-0.3.33/src/stream/repeat.rs	1340	88a86074b7a817940b019ebbd397e104bd1849f4aa4e0aa08369af64ccc290b9
SOURCE/PRODUCT/rust/vendor/futures-util-0.3.33/src/stream/repeat_with.rs	2904	929cd5002f2327b66a6b2c15f6670e25c8bae9742cb21b62c9cfd743615b7fe0
SOURCE/PRODUCT/rust/vendor/futures-util-0.3.33/src/stream/select.rs	3537	28eb422c0eca9fd02778a6003004471b3489db09746a70e617a506303ea8b81d
SOURCE/PRODUCT/rust/vendor/futures-util-0.3.33/src/stream/select_all.rs	7508	19ef94abcf63fa9e46a73b6ab783642d2d069a015c7fa57fea36eeac7b6f2a20
SOURCE/PRODUCT/rust/vendor/futures-util-0.3.33/src/stream/select_with_strategy.rs	9050	1539facf06da075fda1479099c0ae29bfbc769b0a2117575a1434ad17889e9b4
SOURCE/PRODUCT/rust/vendor/futures-util-0.3.33/src/stream/stream/all.rs	2529	267a2cc251775fa0c60c6e41ae1e4a9611fc493be0fd1c3494ca75f24d60de51
SOURCE/PRODUCT/rust/vendor/futures-util-0.3.33/src/stream/stream/any.rs	2528	a3eb3eecce02142b8eb95d0b8a62178f177c8152d63f52da5effbe3a4be45580
SOURCE/PRODUCT/rust/vendor/futures-util-0.3.33/src/stream/stream/buffer_unordered.rs	3281	b0f7a1c72cee178e7bfd8990e6e426c1258eeba6d952b82c6be8e4cac0a054ea
SOURCE/PRODUCT/rust/vendor/futures-util-0.3.33/src/stream/stream/buffered.rs	3208	e37d08d6a18090ba37079937575920cc8c7569f4183dba710d3f4b94c11da01b
SOURCE/PRODUCT/rust/vendor/futures-util-0.3.33/src/stream/stream/catch_unwind.rs	1740	b9515b4013d28a99bbd84b2fa6ff4a050f74a10ff4ff0c33d717ea3461b6cb30
SOURCE/PRODUCT/rust/vendor/futures-util-0.3.33/src/stream/stream/chain.rs	2047	809b6b5c8372f65341dc9810d39f60ae3bcf74a78f133b4ab8d289fb5f2a7cbb
SOURCE/PRODUCT/rust/vendor/futures-util-0.3.33/src/stream/stream/chunks.rs	3091	9f872b473de14d2251584050f04d56eada9c3b1d8dc3e746bdd57c1f757bfc6f
SOURCE/PRODUCT/rust/vendor/futures-util-0.3.33/src/stream/stream/collect.rs	1421	6e4d2d580189f7d3b6b294b6b17437e8e2570502f08c11786a71caac207f0309
SOURCE/PRODUCT/rust/vendor/futures-util-0.3.33/src/stream/stream/concat.rs	1685	171ea941b45c0295ed978c3f318a449ea295e33cb4ea82c764f4e9e7c48ad5de
SOURCE/PRODUCT/rust/vendor/futures-util-0.3.33/src/stream/stream/count.rs	1359	ff218aea3d2d2456c8163926ea0c357b2752e92578e5fd4bec6b789fe1246556
SOURCE/PRODUCT/rust/vendor/futures-util-0.3.33/src/stream/stream/cycle.rs	1586	f8cc22b5a24e8726a5bfb71bf06c00dd974496982f89f6964952ab94e2d9f25a
SOURCE/PRODUCT/rust/vendor/futures-util-0.3.33/src/stream/stream/enumerate.rs	1594	fc7565d21d39565790859eeac9ae8dd74123a9d15b88258d3abe894f1876cc39
SOURCE/PRODUCT/rust/vendor/futures-util-0.3.33/src/stream/stream/filter.rs	3384	5d871f416d41baff3733121f564229fe31bdf7dfaaeb78ab940fafba6ab4b7c6
SOURCE/PRODUCT/rust/vendor/futures-util-0.3.33/src/stream/stream/filter_map.rs	3065	179045a5ab1295e77ab5cfea1964be69dc50984ef8ac9ee04034adf0a043514f
SOURCE/PRODUCT/rust/vendor/futures-util-0.3.33/src/stream/stream/flatten.rs	1831	69493fc106a1447abe109fd54375bb30363f7bc419463a8f835e4c80d97f2186
SOURCE/PRODUCT/rust/vendor/futures-util-0.3.33/src/stream/stream/flatten_unordered.rs	18794	d972bb6e5cb74426d4e886245bf240d6460d4396c527018b4a76e6d772acee7d
SOURCE/PRODUCT/rust/vendor/futures-util-0.3.33/src/stream/stream/fold.rs	2462	75d61d4321db1bcbbdd1a0102d9ad60206275777167c008fc8953e50cd978a09
SOURCE/PRODUCT/rust/vendor/futures-util-0.3.33/src/stream/stream/for_each.rs	1984	07bca889821bad18ff083e54abe679fbeb8cd19c086581c2f2722cba6b42263f
SOURCE/PRODUCT/rust/vendor/futures-util-0.3.33/src/stream/stream/for_each_concurrent.rs	3590	4e1e7eb3d4ccfae0e8000651b75834e2960a7f9c62ab92dba35a0bdbbf5bbb21
SOURCE/PRODUCT/rust/vendor/futures-util-0.3.33/src/stream/stream/forward.rs	2309	cd024ba1a3d5098d3ff2d5178a12e068916cc4307284b00c18dbc54b554a5560
SOURCE/PRODUCT/rust/vendor/futures-util-0.3.33/src/stream/stream/fuse.rs	1839	061c5385f12f80c7906cb15ddb8f455ced6ce21d1de9a97de9db2616407c0cac
SOURCE/PRODUCT/rust/vendor/futures-util-0.3.33/src/stream/stream/into_future.rs	3468	b46ad45cc03ddd778a9ffaa0d603c8ee0b411f49333100160959942cde9588bd
SOURCE/PRODUCT/rust/vendor/futures-util-0.3.33/src/stream/stream/map.rs	1721	b91bdd5b33821a50c9b5034261a14f89ff1a9d541ab99b9d9a6921b12a5d434e
SOURCE/PRODUCT/rust/vendor/futures-util-0.3.33/src/stream/stream/mod.rs	58370	a4cbcb0c7cac1c1ff3fb21c350e6b542b8abeb9816049c6d59531a16f99c0b7a
SOURCE/PRODUCT/rust/vendor/futures-util-0.3.33/src/stream/stream/next.rs	968	7b4d5a22b5e00aa191ea82346bb1f392121cc68692864a8230e462d59e622928
SOURCE/PRODUCT/rust/vendor/futures-util-0.3.33/src/stream/stream/peek.rs	12968	eddcef75db10335b30b9eaac39e366e9637f2f757bcf1cd59858528e4fff80b7
SOURCE/PRODUCT/rust/vendor/futures-util-0.3.33/src/stream/stream/ready_chunks.rs	2858	7e17c49ff29c106c13a2ec13fb05f32ff048e482b47a157d3965bd03c38c01c2
SOURCE/PRODUCT/rust/vendor/futures-util-0.3.33/src/stream/stream/scan.rs	3414	54489c8efef60dbf3c35ee803afee5c5ea7c364fb9b68939a04956e46febb856
SOURCE/PRODUCT/rust/vendor/futures-util-0.3.33/src/stream/stream/select_next_some.rs	1276	0094eccc96cfe78d9b6d0a9bdb82cada8fb7929770a3ac00ffcb5441d7dc4f51
SOURCE/PRODUCT/rust/vendor/futures-util-0.3.33/src/stream/stream/skip.rs	1726	61f7ec7fe25663d2c87cffaad19ed27eda032842edb8af731b521025b244f120
SOURCE/PRODUCT/rust/vendor/futures-util-0.3.33/src/stream/stream/skip_while.rs	3530	6f114a3fa538bd479e4fa24d8aa0e0e0454613643a97c44242c5683ae7293b82
SOURCE/PRODUCT/rust/vendor/futures-util-0.3.33/src/stream/stream/split.rs	7044	1f575a11cb0c286b06c2730c328c256a01b9b067609ed2ffd590f2b615c394b9
SOURCE/PRODUCT/rust/vendor/futures-util-0.3.33/src/stream/stream/take.rs	1987	57d381b482c3d584c4c26b0e15941bc2ea58e3f39a2e5c74391a2ee7b825cc8c
SOURCE/PRODUCT/rust/vendor/futures-util-0.3.33/src/stream/stream/take_until.rs	4751	0f1fa7d158192a5dee32392dfdd062c15dab6d246b0ca267e91aae490d7d7fdb
SOURCE/PRODUCT/rust/vendor/futures-util-0.3.33/src/stream/stream/take_while.rs	3458	2f57a6e5b903c045da642e9a40eb19dabbc612a80a6ce8098df1a1973555f108
SOURCE/PRODUCT/rust/vendor/futures-util-0.3.33/src/stream/stream/then.rs	2587	c995c6b0d9151927b26b10fba70e135dfc41224b969d1367dc8c11697218c1e9
SOURCE/PRODUCT/rust/vendor/futures-util-0.3.33/src/stream/stream/unzip.rs	1805	e7beedc2192604e0091ac3d0265b487127a37c780198838f6419c21ef1b38df0
SOURCE/PRODUCT/rust/vendor/futures-util-0.3.33/src/stream/stream/zip.rs	4419	3890b40daea00341fac6ac977de0b534d1ec7cdaabece44af5df2ca56026fe62
SOURCE/PRODUCT/rust/vendor/futures-util-0.3.33/src/stream/try_stream/and_then.rs	2791	6f92b333955f5ec30fddf8e087e3f60ebf53a054769fc72c80bbccdf13a9431e
SOURCE/PRODUCT/rust/vendor/futures-util-0.3.33/src/stream/try_stream/into_async_read.rs	5129	5b200c76ccb95460d94286ca8e63f5454940eb62b5f15aae998da48aa06fbffd
SOURCE/PRODUCT/rust/vendor/futures-util-0.3.33/src/stream/try_stream/into_stream.rs	1309	4fee94e89956a42871fc4a0cdba7ae1b7d4265e884528799cd227c9dd851acce
SOURCE/PRODUCT/rust/vendor/futures-util-0.3.33/src/stream/try_stream/mod.rs	45557	a60aee167a14fd5ce2912c5bf924a0996163bda7c401339c49cd43741fd0a4ea
SOURCE/PRODUCT/rust/vendor/futures-util-0.3.33/src/stream/try_stream/or_else.rs	2910	473ca77e0e81a1a0834d2d882076b8823a5a3027b2d7d78f887be2d5edfd0de3
SOURCE/PRODUCT/rust/vendor/futures-util-0.3.33/src/stream/try_stream/try_all.rs	2767	58a4c9abe3b2d6ad2debcfc09701bb828732c9d7edf2a42f12a74beff5ae2db0
SOURCE/PRODUCT/rust/vendor/futures-util-0.3.33/src/stream/try_stream/try_any.rs	2766	822f21af5cb27b1269046af076415216fdfc9e0b9fd877cb6e7d65c69d659471
SOURCE/PRODUCT/rust/vendor/futures-util-0.3.33/src/stream/try_stream/try_buffer_unordered.rs	2583	64e698ea6aefbe7e32d48e737553b20b9cde5c258963bb20486b48b7d6899660
SOURCE/PRODUCT/rust/vendor/futures-util-0.3.33/src/stream/try_stream/try_buffered.rs	2562	38f60d7290f44471a02084c6b394b754c224a84ee8d2ba01c08568168b48a21f
SOURCE/PRODUCT/rust/vendor/futures-util-0.3.33/src/stream/try_stream/try_chunks.rs	4276	69c4d85a256250d73c6372d8047e6055da7eac918cb5d7ef4f3697898f4dcb4c
SOURCE/PRODUCT/rust/vendor/futures-util-0.3.33/src/stream/try_stream/try_collect.rs	1382	979920e3034dad6c75961e3f6b4c0234691db7063eca1a05562cc5d41f2943c1
SOURCE/PRODUCT/rust/vendor/futures-util-0.3.33/src/stream/try_stream/try_concat.rs	1406	f2330ebeeab30273e9ac0e8600bfe2f405ce671f6386e688b3afb1d2fdd7c2c6
SOURCE/PRODUCT/rust/vendor/futures-util-0.3.33/src/stream/try_stream/try_filter.rs	3125	1344e9aea05e2d0078f30caff176a99e1ccb8fcdf0a287817abc82fbaf09c48b
SOURCE/PRODUCT/rust/vendor/futures-util-0.3.33/src/stream/try_stream/try_filter_map.rs	3054	285e7ea875a3ea3e16942c1b1acae5a1cb26b9bac476dce3903547cb99306602
SOURCE/PRODUCT/rust/vendor/futures-util-0.3.33/src/stream/try_stream/try_flatten.rs	2161	e05614d86a27ab8386476eea35fd424c07e5f7f99cf0401d63a6655eb7ca1247
SOURCE/PRODUCT/rust/vendor/futures-util-0.3.33/src/stream/try_stream/try_flatten_unordered.rs	5567	1cc4c4a5ea0a8db3010958f34fb1886dcfbd2e1584082d2004030eb70b13cd6c
SOURCE/PRODUCT/rust/vendor/futures-util-0.3.33/src/stream/try_stream/try_fold.rs	2774	b96aa2fe1a16f625d5045028a86ff8684dcf5198ef8c7c072f52f39aeaa8b619
SOURCE/PRODUCT/rust/vendor/futures-util-0.3.33/src/stream/try_stream/try_for_each.rs	1851	3f3901d618333b740d470eb02fcbb645df92483493872298bb7bd0382646028a
SOURCE/PRODUCT/rust/vendor/futures-util-0.3.33/src/stream/try_stream/try_for_each_concurrent.rs	4273	db1ca85cc658a754076546edf9891c2427f41a3f12fb19cd63cdb4d794a28758
SOURCE/PRODUCT/rust/vendor/futures-util-0.3.33/src/stream/try_stream/try_next.rs	1048	6e29473153db1435906e79f7eaa13ce9da842d4528ba9eb1c0034665feacc565
SOURCE/PRODUCT/rust/vendor/futures-util-0.3.33/src/stream/try_stream/try_ready_chunks.rs	4132	e8a658f5e48bb5c12b59998adbc5534f7eb830d0a60b53c0a3acd945752166fd
SOURCE/PRODUCT/rust/vendor/futures-util-0.3.33/src/stream/try_stream/try_skip_while.rs	3548	7c2fa31fe8b0b4e59c5d7f2972c8d9f83e8f01a687b08f5cd631f92a14b402f1
SOURCE/PRODUCT/rust/vendor/futures-util-0.3.33/src/stream/try_stream/try_take_while.rs	3685	2783664637aff0442f0c9204d35600139c941332310f70495cbc4dc345cae99d
SOURCE/PRODUCT/rust/vendor/futures-util-0.3.33/src/stream/try_stream/try_unfold.rs	3919	aaf0f4857a4ec8233ac842ae509f29e5a210827a0bb40cfc0dc3e858f153d2b4
SOURCE/PRODUCT/rust/vendor/futures-util-0.3.33/src/stream/unfold.rs	3622	201428f3dfcd10c556367d9aa87c4ae20fc9db6396380674b3b8c43b5d2a307e
SOURCE/PRODUCT/rust/vendor/futures-util-0.3.33/src/task/mod.rs	1256	f0198c019400a04ba0d2bd86a64b40f46ebba1dc62583c35ce9230be0989e994
SOURCE/PRODUCT/rust/vendor/futures-util-0.3.33/src/task/spawn.rs	6021	24e1a45d37072ecbfdca75e1e78e9573298c3cac8c36438c8064aa31e6cd4ee3
SOURCE/PRODUCT/rust/vendor/futures-util-0.3.33/src/unfold_state.rs	986	3e2ffb91c3db8d938af7365da4b91dc6ef6eb21c5a26bfbb4a4a882e4d2c28bc
SOURCE/PRODUCT/rust/vendor/generic-array-0.14.7/.cargo-checksum.json	1560	050c8a3b25158fd5916ede18a5a87d1bf3f8b3a432ba1e0e0052c37fc08bb5c9
SOURCE/PRODUCT/rust/vendor/generic-array-0.14.7/.cargo_vcs_info.json	94	4ffa26adbb029ef507f165ca47fb9699af8b49e642d1e60942666273c5a521a9
SOURCE/PRODUCT/rust/vendor/generic-array-0.14.7/CHANGELOG.md	4533	478d33deb9d0c943c20671eed67bc393891aad1679e61f74412f98c9a5017f84
SOURCE/PRODUCT/rust/vendor/generic-array-0.14.7/Cargo.toml	1584	4b5daed75505275d11f4854dd9172f910da61d9856ca2936d95e2e6e0c9040e4
SOURCE/PRODUCT/rust/vendor/generic-array-0.14.7/Cargo.toml.orig	1123	12c6e718e7f54564e81ca6e5f5e3d0fef220a86e8dab77215e6ff38b6f6c2081
SOURCE/PRODUCT/rust/vendor/generic-array-0.14.7/LICENSE	1107	c09aae9d3c77b531f56351a9947bc7446511d6b025b3255312d3e3442a9a7583
SOURCE/PRODUCT/rust/vendor/generic-array-0.14.7/README.md	1777	9e86d03b400dc818f44df68b76dafd1d89e42a51221bcb0de4259a6529ab6d84
SOURCE/PRODUCT/rust/vendor/generic-array-0.14.7/build.rs	146	08fa30c4a2c1ad24fe5f987e721dfb20131f45ea5b5dc3e836dcf88a8e33248c
SOURCE/PRODUCT/rust/vendor/generic-array-0.14.7/src/arr.rs	3765	c115d6926deb769ced772e9c4e1c84baf1bdea4fe4b9eb2061658a63869eab62
SOURCE/PRODUCT/rust/vendor/generic-array-0.14.7/src/functional.rs	3448	7dd6ddd5db3000054cbbd76959f745c7de73c8493cbfb745be80509b306e4a83
SOURCE/PRODUCT/rust/vendor/generic-array-0.14.7/src/hex.rs	3761	091fb78f6d373a6ef1c467d85c461472fcdb1e91efc294039f4c870151c3ee9f
SOURCE/PRODUCT/rust/vendor/generic-array-0.14.7/src/impl_serde.rs	2847	f046daba067522b4c3e79437d04f43a001e83353c81e6b2188c37a2e63dba7a3
SOURCE/PRODUCT/rust/vendor/generic-array-0.14.7/src/impl_zeroize.rs	510	dd1af63ef2cba2120c6f775350c98eb12bb1be6ba784d5350d07d4ae5419c292
SOURCE/PRODUCT/rust/vendor/generic-array-0.14.7/src/impls.rs	6619	18b285821421eea0cdbbcfcc896eef67bd55d72f8d85b5827cca6687e9c0fc27
SOURCE/PRODUCT/rust/vendor/generic-array-0.14.7/src/iter.rs	6083	4f50253f4130caa0780984b64467ca1916a881410f631f7eb85a1724b3ab4ced
SOURCE/PRODUCT/rust/vendor/generic-array-0.14.7/src/lib.rs	18875	20b64b4359b0e82a3523fd536ad06de25e174cead734cffd3fa5f7c48f659247
SOURCE/PRODUCT/rust/vendor/generic-array-0.14.7/src/sequence.rs	11550	26679cfec035bae7298f067f37e8d42a1eda8fe241e9cf2c2977ba4bddddab1d
SOURCE/PRODUCT/rust/vendor/getrandom-0.2.17/.cargo-checksum.json	3442	9ce3beffd59447dc77958e2fcfeec10e968ac789bb1543ea83abe606d8f74fc5
SOURCE/PRODUCT/rust/vendor/getrandom-0.2.17/.cargo_vcs_info.json	94	fd2b1c20ac76771233208d762a77f301fe47646ff0dcfcdfc414fcffbf2b88fc
SOURCE/PRODUCT/rust/vendor/getrandom-0.2.17/CHANGELOG.md	19733	265048f136f2faa5418cb775377c1b43d03afa22d0d5f5a70aee5819381e5703
SOURCE/PRODUCT/rust/vendor/getrandom-0.2.17/Cargo.lock	10711	cd8ab626b9db5d90d3c83048ee9f41892ff4d888a35038efdc4725e2d2c33c1d
SOURCE/PRODUCT/rust/vendor/getrandom-0.2.17/Cargo.toml	2823	032d84ffe843860402ec2339ae4179be20fd6f432109e595a3fa83be54893ec7
SOURCE/PRODUCT/rust/vendor/getrandom-0.2.17/Cargo.toml.orig	2467	850cb9e629142ded23e40a80943fc19b559b09931bb71df35cef2ae7f6152c14
SOURCE/PRODUCT/rust/vendor/getrandom-0.2.17/LICENSE-APACHE	10849	aaff376532ea30a0cd5330b9502ad4a4c8bf769c539c87ffe78819d188a18ebf
SOURCE/PRODUCT/rust/vendor/getrandom-0.2.17/LICENSE-MIT	1130	42fa16951ce7f24b5a467a40e5b449a1d41e662f97ca779864f053f39e097737
SOURCE/PRODUCT/rust/vendor/getrandom-0.2.17/README.md	3152	543f0efa922ff55d3cdc1c96a188dff669f57a2ff3b7dfa0c95368b8e646b5dd
SOURCE/PRODUCT/rust/vendor/getrandom-0.2.17/SECURITY.md	694	816ea79f8c7937888ab5a972a1efb270c4bada028b448953a195359fe11d526e
SOURCE/PRODUCT/rust/vendor/getrandom-0.2.17/benches/buffer.rs	2424	242f56eaeecd1d0a0f6f9419d1bf312b8d211215355022bd4aef5e5e0f53e2a5
SOURCE/PRODUCT/rust/vendor/getrandom-0.2.17/src/apple-other.rs	1104	75f2c3319068e06ec27135d516953ab645cc7c45033f045cba44136236ef5601
SOURCE/PRODUCT/rust/vendor/getrandom-0.2.17/src/custom.rs	4296	ae5dc94bc12a4a284762e99891b013c509942b1a802ea559e04e572ed44479dc
SOURCE/PRODUCT/rust/vendor/getrandom-0.2.17/src/error.rs	8073	ab5b82ddb8304e8ad75d905d7dc5ba8deec92096930e81e87d7a28f3da382dee
SOURCE/PRODUCT/rust/vendor/getrandom-0.2.17/src/error_impls.rs	335	4c068e81d876237a7e0a0e91519896bd670c2f999ca729f7fb970caf888cab46
SOURCE/PRODUCT/rust/vendor/getrandom-0.2.17/src/espidf.rs	778	50f70136fe46f9fe9a728aa7881cdc8144f430620168cf42519c2666a8edc11f
SOURCE/PRODUCT/rust/vendor/getrandom-0.2.17/src/fuchsia.rs	340	535ed84250cfe8f176494eba226d1c1df9687b5c30cf52d5949f56a591947656
SOURCE/PRODUCT/rust/vendor/getrandom-0.2.17/src/getentropy.rs	632	5beb52344a9b71c75426bbc56eb989f5fcb81642772737d52e92578b315615a1
SOURCE/PRODUCT/rust/vendor/getrandom-0.2.17/src/getrandom.rs	938	aad70b8e54710deef974d04d6f5473bf1b47b6fef16c751046b87f2a30a1dbe2
SOURCE/PRODUCT/rust/vendor/getrandom-0.2.17/src/hermit.rs	1048	c9d9d5c78e0e435c2678ef43d1296aef885fd62957d6b454d758ca475cd4e544
SOURCE/PRODUCT/rust/vendor/getrandom-0.2.17/src/js.rs	6403	4306b7a49441e0da2a0737f92f56d3258ddcd1566ec3aea4a4f4a865bbf0ff87
SOURCE/PRODUCT/rust/vendor/getrandom-0.2.17/src/lazy.rs	1957	21764d7cffe5177a331ec37758cc550c6e3be8c5f6fdfb7606053dafbe6a994b
SOURCE/PRODUCT/rust/vendor/getrandom-0.2.17/src/lib.rs	20300	50dbe3913bc42b354bfedd773b54540d569215cc4615140f549fd6be7266f24d
SOURCE/PRODUCT/rust/vendor/getrandom-0.2.17/src/linux_android.rs	275	92c71e68adcb9bc4ee39e6b2db730e06af1e0c8db0389712b5ea8a1d86991277
SOURCE/PRODUCT/rust/vendor/getrandom-0.2.17/src/linux_android_with_fallback.rs	1198	620577d889d92916aeed62ac0e4f711725fddb7e7bb331f02474160104354e8e
SOURCE/PRODUCT/rust/vendor/getrandom-0.2.17/src/netbsd.rs	1353	765e6820c840d1a6931b7f0d60f373d46a7bca472e5bb1bb9a0b8fcf64b93688
SOURCE/PRODUCT/rust/vendor/getrandom-0.2.17/src/rdrand.rs	4149	ffbe1bfb8f5b30a95f462fa85db07e251f63248c6c0daf3b5f586034cedfa976
SOURCE/PRODUCT/rust/vendor/getrandom-0.2.17/src/solaris.rs	1627	ea2482d6e99a7f18c21c76327c2c61cd462ffa9811e04107ada36dfee42baf7d
SOURCE/PRODUCT/rust/vendor/getrandom-0.2.17/src/solid.rs	625	a5a6e4b2b43400548b36035b9a513e70ec17809d521757e7228d2214352d24ed
SOURCE/PRODUCT/rust/vendor/getrandom-0.2.17/src/use_file.rs	3813	9a743fbf324120cfb4fd23c925f6b756edb3898f269654bc50dc5a73d6329266
SOURCE/PRODUCT/rust/vendor/getrandom-0.2.17/src/util.rs	1412	e2c1b86ea97ca5c61d562182890cbe24c7eaa37ff8945c17fcfa665b767da1b0
SOURCE/PRODUCT/rust/vendor/getrandom-0.2.17/src/util_libc.rs	6314	39fddfc06948dbd65c4dc696f71d32cf158c5ca91632afa78cbc4c22e0192502
SOURCE/PRODUCT/rust/vendor/getrandom-0.2.17/src/vxworks.rs	885	3c132cd52df3a8cf903f430ce90d3432c4b4bb99bf069f5546dee43f4f10a555
SOURCE/PRODUCT/rust/vendor/getrandom-0.2.17/src/wasi.rs	541	45b95d98766cfdc0495cfe5da6c3b63e99dda34c334deee779cf146a29350344
SOURCE/PRODUCT/rust/vendor/getrandom-0.2.17/src/windows.rs	2048	695666d2bf31257e4a02cf970dee50a9a1f83c118b88b67d1a261cc5f7c1a66f
SOURCE/PRODUCT/rust/vendor/getrandom-0.2.17/tests/common/mod.rs	2760	b9a36043d71963ba43a9e2899ba8eea80ff9f3284d243d9b9b9f941afa4f4aa4
SOURCE/PRODUCT/rust/vendor/getrandom-0.2.17/tests/custom.rs	1353	1e944ae523b62dba53fe3daf1b964a2498c8fdd21dfa7afe53781bff2fcf276e
SOURCE/PRODUCT/rust/vendor/getrandom-0.2.17/tests/normal.rs	293	9e1c4b1e468a09ed0225370dfb6608f8b8135e0fabb09bbc1a718105164aade6
SOURCE/PRODUCT/rust/vendor/getrandom-0.2.17/tests/rdrand.rs	738	fcf3f78e3078e1b262d0efae8f3c4a730f3fbf68df656fceb78e22ee4cc98990
SOURCE/PRODUCT/rust/vendor/getrandom-0.3.4/.cargo-checksum.json	4082	f0f114ee5c1a32503dcf2cbba5cc03a1440a471b3e8853b4a1d9ddb257eeb2ad
SOURCE/PRODUCT/rust/vendor/getrandom-0.3.4/.cargo_vcs_info.json	94	9930208af94a68f65edfe7acb4b4f967c9aaa8bdf8f8e5bb5806539207f9f039
SOURCE/PRODUCT/rust/vendor/getrandom-0.3.4/CHANGELOG.md	27305	3793e1d3c10656813cf278d674fe943c7ec251b30cba434d8f6c7d6b4948a830
SOURCE/PRODUCT/rust/vendor/getrandom-0.3.4/Cargo.lock	7483	2fe4bb173cc0f4b6b515d87feab12aab157ebf12f4f14869aebf24f1a028c8d2
SOURCE/PRODUCT/rust/vendor/getrandom-0.3.4/Cargo.toml	4271	5fd1d61c342777480822b8f8259a7bd8cbf6c2486a3d389b2d5b235f667a7952
SOURCE/PRODUCT/rust/vendor/getrandom-0.3.4/Cargo.toml.orig	4247	4b13c332865245a22cb5fef091e02547ef792a0aa7291dcf2d9c07ae783f19b0
SOURCE/PRODUCT/rust/vendor/getrandom-0.3.4/LICENSE-APACHE	10849	aaff376532ea30a0cd5330b9502ad4a4c8bf769c539c87ffe78819d188a18ebf
SOURCE/PRODUCT/rust/vendor/getrandom-0.3.4/LICENSE-MIT	1130	29e9fe5074bd27e0e5d5d110394fbbcd841baee2651a3c4b4560a632702cede4
SOURCE/PRODUCT/rust/vendor/getrandom-0.3.4/README.md	18941	39a9371cee9b72f7aff7fcbe0018e1a90c1a0692266cacdcaac25166080b9cb0
SOURCE/PRODUCT/rust/vendor/getrandom-0.3.4/SECURITY.md	694	816ea79f8c7937888ab5a972a1efb270c4bada028b448953a195359fe11d526e
SOURCE/PRODUCT/rust/vendor/getrandom-0.3.4/benches/buffer.rs	3594	20fb7dd9edafe0c182f1fe037b28d7542f8e0ae742d51e97aeebf418edde49aa
SOURCE/PRODUCT/rust/vendor/getrandom-0.3.4/build.rs	2173	d542c9c3bbc2f64a26c758eac8af16178aab52464bdd8bf0b9a767ba87665021
SOURCE/PRODUCT/rust/vendor/getrandom-0.3.4/src/backends.rs	7789	61f8d982cd502f3229f49bef2f9b40e181c7c16fb41d029aa2e77f32b10c10a6
SOURCE/PRODUCT/rust/vendor/getrandom-0.3.4/src/backends/apple_other.rs	636	f8fa784588f347cfd7c2b5f37a96b23d446f95c3157668069d7146e281fa783b
SOURCE/PRODUCT/rust/vendor/getrandom-0.3.4/src/backends/custom.rs	434	c8776ff0dda65cef1373b8624043f8a42ce4fd6183fbeb8918f9df5d4a13d457
SOURCE/PRODUCT/rust/vendor/getrandom-0.3.4/src/backends/efi_rng.rs	3478	873b7343a003a5f222753fbd50cba3f2beeacec4386ad3272ec98d654a4466d4
SOURCE/PRODUCT/rust/vendor/getrandom-0.3.4/src/backends/esp_idf.rs	829	b50d6c582b49488204151c2036a100aac7902b8215fb791f271e1b5fc772db9a
SOURCE/PRODUCT/rust/vendor/getrandom-0.3.4/src/backends/fuchsia.rs	393	d7c660a62f1da2c41c537ccea085bba6d3f83b82c34e6e63175130feca9dece8
SOURCE/PRODUCT/rust/vendor/getrandom-0.3.4/src/backends/getentropy.rs	721	a0fdf57546e20be8e76d21ec5f815f07a3a4dfb590d4d693cc2e78b494676304
SOURCE/PRODUCT/rust/vendor/getrandom-0.3.4/src/backends/getrandom.rs	1255	49a7ca8cc47178b47339ee4aeb59e11b629735eb9fedaa21ee2da7073b2574c5
SOURCE/PRODUCT/rust/vendor/getrandom-0.3.4/src/backends/hermit.rs	1807	92e0cf4103b5ddc15ed48cad8d7165ba8e344fde0f07960385b36590466ee67c
SOURCE/PRODUCT/rust/vendor/getrandom-0.3.4/src/backends/linux_android_with_fallback.rs	4053	af1e4fdd6904f8c78c6cef9af21c626bf4ba1b38d4bf8cd081cb739acc0a34b2
SOURCE/PRODUCT/rust/vendor/getrandom-0.3.4/src/backends/linux_raw.rs	5822	2647e9492e46afdb1838c824094f6ab6e14fb4a82fa8274bea8dd2d4151f32dd
SOURCE/PRODUCT/rust/vendor/getrandom-0.3.4/src/backends/netbsd.rs	2741	ca6a6c4c17c04ec987002296debdd7a03b10f5efd5bcb79f159b9a13c4b6821f
SOURCE/PRODUCT/rust/vendor/getrandom-0.3.4/src/backends/rdrand.rs	5761	2a06eb62ad7e97c2486ab1b0159e4b9fe3a1c0a39d479a836d23051f89cb9aed
SOURCE/PRODUCT/rust/vendor/getrandom-0.3.4/src/backends/rndr.rs	4745	bc06a88e3314a06494b6fe70bdae684fe45f9a6a63d28c61dbd90f66595424d0
SOURCE/PRODUCT/rust/vendor/getrandom-0.3.4/src/backends/sanitizer.rs	2297	ea6d986ccacc31d2efdf116e7f0ef509845f596b4f8aced11c622df12a13be25
SOURCE/PRODUCT/rust/vendor/getrandom-0.3.4/src/backends/solaris.rs	1861	b263a3e8bc3c490a0c589d2a1a67d8fdb36119993df1f8d05f43975ff88f9c3e
SOURCE/PRODUCT/rust/vendor/getrandom-0.3.4/src/backends/solid.rs	495	1c92fc4c5a8ac67b64af560bb7843d6e447efe9785e557f064348fb84b83ceb8
SOURCE/PRODUCT/rust/vendor/getrandom-0.3.4/src/backends/unsupported.rs	238	a531ab9883b7d7b584c6f37a5c13543ec63d25d3acc36608d57d5d82ef44cbff
SOURCE/PRODUCT/rust/vendor/getrandom-0.3.4/src/backends/use_file.rs	8670	6c1e982be1663e91d8551fa21529710ac5551506bb1af8803ff87b180d091f00
SOURCE/PRODUCT/rust/vendor/getrandom-0.3.4/src/backends/vxworks.rs	1505	64ee8619c5b5aa267761aabc99552ba8df71d14cda7cc66d6c1e4f4fb1ed8d00
SOURCE/PRODUCT/rust/vendor/getrandom-0.3.4/src/backends/wasi_p1.rs	1400	77755c8fefb9f36509b2e6764edb9f8293dc1efa3d5a9bc85d28723ceeb7aec0
SOURCE/PRODUCT/rust/vendor/getrandom-0.3.4/src/backends/wasi_p2.rs	1353	3aff410d753db6ad875b79bc6a94e05e0e98d38f9e0078ef71871f185cbacecf
SOURCE/PRODUCT/rust/vendor/getrandom-0.3.4/src/backends/wasm_js.rs	2591	5913b33ec9cb4076cef65d461ce82af98e9233f621eac8fab44b68fd37080927
SOURCE/PRODUCT/rust/vendor/getrandom-0.3.4/src/backends/windows.rs	2797	49a08dee7b1758954d25f879efe028147a6fc0598c77500ebb2925412eaf7e0b
SOURCE/PRODUCT/rust/vendor/getrandom-0.3.4/src/backends/windows_legacy.rs	2080	b0b7b47c98a03ea017c6cac3531a0f0754a716bcb87b734e3d66c393d4ab72aa
SOURCE/PRODUCT/rust/vendor/getrandom-0.3.4/src/error.rs	8837	43f4918d3c47d211d223543fa4b93074f883dcb7232b673b03c8b7fe19ef8e7a
SOURCE/PRODUCT/rust/vendor/getrandom-0.3.4/src/error_std_impls.rs	335	4c068e81d876237a7e0a0e91519896bd670c2f999ca729f7fb970caf888cab46
SOURCE/PRODUCT/rust/vendor/getrandom-0.3.4/src/lazy.rs	2163	9c7e3efcc7b4cc2252751d29e42465bae8cbe49461a4a81a006d8d2c45003fd1
SOURCE/PRODUCT/rust/vendor/getrandom-0.3.4/src/lib.rs	4126	f7628991475fd0ef00ec841ee3d28c2e6e2309d0e5c528dd9e6d8044ab296e66
SOURCE/PRODUCT/rust/vendor/getrandom-0.3.4/src/util.rs	3075	207e21353f4e402daf84ff137c8d4aa4ffafa48141194ae7148252e06dcadd9f
SOURCE/PRODUCT/rust/vendor/getrandom-0.3.4/src/util_libc.rs	3012	1d3f16d8996295822e6cbfc848e90912795f378913627c6b765f47b2185d9480
SOURCE/PRODUCT/rust/vendor/getrandom-0.3.4/tests/mod.rs	8132	b8e88300a1ec0b2f6cbc03d40cc66eacae625d1fdc1163f4cf50fae7712d2bdc
SOURCE/PRODUCT/rust/vendor/getrandom-0.4.3/.cargo-checksum.json	4553	cac37830afd7a4c0c4a954a78225d94391c9f5f454ba6245a44cb6ceb55e41fb
SOURCE/PRODUCT/rust/vendor/getrandom-0.4.3/.cargo_vcs_info.json	94	14b81d3c44670e34376d60d06a5e24a78548bb3ad32be81e6ecee66a36de096d
SOURCE/PRODUCT/rust/vendor/getrandom-0.4.3/CHANGELOG.md	29493	c1cfcc3d23705b5f2c921c65534246baf66c55a4438cd7b937b0393305bace67
SOURCE/PRODUCT/rust/vendor/getrandom-0.4.3/Cargo.lock	11141	743068b6375eb32c15b242739227028eb2f6b995d5e8a02feef8b9a9e52ea212
SOURCE/PRODUCT/rust/vendor/getrandom-0.4.3/Cargo.toml	4847	4f107fe4ceacee71d0068cfbbc69554b3d8523a1fcbb99b17e9fa0d008961ff9
SOURCE/PRODUCT/rust/vendor/getrandom-0.4.3/Cargo.toml.orig	5062	eebe7c6d086d3f40c2fa79f8784b00c36dc501e49b2757a1caa97e7fa4dbacf7
SOURCE/PRODUCT/rust/vendor/getrandom-0.4.3/LICENSE-APACHE	10849	aaff376532ea30a0cd5330b9502ad4a4c8bf769c539c87ffe78819d188a18ebf
SOURCE/PRODUCT/rust/vendor/getrandom-0.4.3/LICENSE-MIT	1130	523a42c25d245dde9c015f882cec7f4555aad883382a6cf19b4b7d9b2cd5419b
SOURCE/PRODUCT/rust/vendor/getrandom-0.4.3/README.md	20325	700180aadb3c22383920a2c9dd2fa7fedaf2e5992a0924a061ae09aae19cc69e
SOURCE/PRODUCT/rust/vendor/getrandom-0.4.3/SECURITY.md	694	816ea79f8c7937888ab5a972a1efb270c4bada028b448953a195359fe11d526e
SOURCE/PRODUCT/rust/vendor/getrandom-0.4.3/benches/buffer.rs	3551	cae45dc9e4fa0db8206f76a0a9b4b7a05f9cd0eda33d42f29887ca76f949522c
SOURCE/PRODUCT/rust/vendor/getrandom-0.4.3/build.rs	446	662faa06d7b2a9c5bea2c17a127a90e00b9f9b31105b0360da516e47cf816e95
SOURCE/PRODUCT/rust/vendor/getrandom-0.4.3/src/backends.rs	6981	4eeedf166b675594c32254a2ee99bf93ff8bc4e7f37f5bdfc33fb56e666fc17d
SOURCE/PRODUCT/rust/vendor/getrandom-0.4.3/src/backends/apple_other.rs	636	f8fa784588f347cfd7c2b5f37a96b23d446f95c3157668069d7146e281fa783b
SOURCE/PRODUCT/rust/vendor/getrandom-0.4.3/src/backends/custom.rs	441	448b44a9800b3be95f91a85e35f1f313894bbd4e64e3751afaecf15b3f3532b3
SOURCE/PRODUCT/rust/vendor/getrandom-0.4.3/src/backends/efi_rng.rs	3355	b22e505a5e85eadf1bc0bab8f7e96f226109a5cd3fb289dee06e7ed5a36ac1ef
SOURCE/PRODUCT/rust/vendor/getrandom-0.4.3/src/backends/esp_idf.rs	836	98d4997dcf7c0869883a617f8b5f341f9c97f4e21365c68de97db783215ae864
SOURCE/PRODUCT/rust/vendor/getrandom-0.4.3/src/backends/extern_impl.rs	678	0a13d8e059ee5203cf414101017a92d9f7289f86451a23d872c471b24279ece1
SOURCE/PRODUCT/rust/vendor/getrandom-0.4.3/src/backends/fuchsia.rs	400	4404823618bf1ac30f998a080cf46712596871de954fc0681cd8328b2e598e78
SOURCE/PRODUCT/rust/vendor/getrandom-0.4.3/src/backends/getentropy.rs	1179	10f9486239aea0506eedcb13b553ed064addf27a902d8e19728a811a763dbcc7
SOURCE/PRODUCT/rust/vendor/getrandom-0.4.3/src/backends/getrandom.rs	1004	da934695a424479f4eb80ba3a2aab97316f3bb6ed158523160eae1e3670e2b40
SOURCE/PRODUCT/rust/vendor/getrandom-0.4.3/src/backends/hermit.rs	1814	f485c6431111c0867b1ebb76ce592a8502c4d88f07ea1a9c0650d235298518af
SOURCE/PRODUCT/rust/vendor/getrandom-0.4.3/src/backends/linux_android_with_fallback.rs	3174	78a5c62a17d654cccb66bc0772c7017e57b0b6451e0d7135f834917456f343fb
SOURCE/PRODUCT/rust/vendor/getrandom-0.4.3/src/backends/linux_raw.rs	6370	94f6a494edd6ab99eca1989294b1064b58ba502f401b642aedbc3b97e98c0bf7
SOURCE/PRODUCT/rust/vendor/getrandom-0.4.3/src/backends/netbsd.rs	2246	a4fe488579d20976d4288a18d7059cc2d6cf662f55a95ab369e9866ef8ed8ce6
SOURCE/PRODUCT/rust/vendor/getrandom-0.4.3/src/backends/rdrand.rs	6448	013c90b04f882ea82a73cc82b8d282227e2cfe9fe7d4f8eae9020a1b17aeb3b1
SOURCE/PRODUCT/rust/vendor/getrandom-0.4.3/src/backends/rndr.rs	4830	edded389094deef0207fdf08acdf9c2e10d9ae8576cc64f7af21333cab0d0448
SOURCE/PRODUCT/rust/vendor/getrandom-0.4.3/src/backends/solaris.rs	1959	8f3e51f90f56b64c4c1376cdd5399f1fcac5a19d3a88c7ec04f355c1b543bcaa
SOURCE/PRODUCT/rust/vendor/getrandom-0.4.3/src/backends/solid.rs	502	c89c809996aa656e2ef13b0753e7c7f742a047b9e72174806467d27946d88385
SOURCE/PRODUCT/rust/vendor/getrandom-0.4.3/src/backends/unsupported.rs	238	a531ab9883b7d7b584c6f37a5c13543ec63d25d3acc36608d57d5d82ef44cbff
SOURCE/PRODUCT/rust/vendor/getrandom-0.4.3/src/backends/use_file.rs	8334	37dfc2ed2a454064196a2a268fc3bc90318ea1db11a9e24a77d53474c5001d70
SOURCE/PRODUCT/rust/vendor/getrandom-0.4.3/src/backends/vxworks.rs	1627	2e10e1c1039e353353cf7bbeab8c9b2b33368ca28a0b1b1557e8a86e1b705471
SOURCE/PRODUCT/rust/vendor/getrandom-0.4.3/src/backends/wasi_p1.rs	1407	5bf346a3f2e654243bddab1a323f7aa07dee2636d35308d5fac9038ac862bf17
SOURCE/PRODUCT/rust/vendor/getrandom-0.4.3/src/backends/wasi_p2_3.rs	2233	48c183d7048db5cd36a9c3339a3380a09d85b8b74690ca3f69969f68b083e691
SOURCE/PRODUCT/rust/vendor/getrandom-0.4.3/src/backends/wasm_js.rs	2599	4a9bf118575514709adf807cf6a4bd4e248b0e02f2a292bd32a01af2ad99e51c
SOURCE/PRODUCT/rust/vendor/getrandom-0.4.3/src/backends/windows.rs	3276	814c83c3142e521b5d1d1f03743585328ffe385373b6cdcca58ee11b693b3fb8
SOURCE/PRODUCT/rust/vendor/getrandom-0.4.3/src/backends/windows_legacy.rs	2087	d4619333768daf09c1abf28b08a972a9c6c1e2e57dca9c153821e27feb62b9ed
SOURCE/PRODUCT/rust/vendor/getrandom-0.4.3/src/error.rs	9900	529e5d8e3b119bc8f1cb1cde844c667a321d7f2cda764e5a1b7459d75c7050a3
SOURCE/PRODUCT/rust/vendor/getrandom-0.4.3/src/error_std_impls.rs	278	32a3469b0a1291f2182d9bd98b9bdb6232ed259b7747b3665cbe8c3124483957
SOURCE/PRODUCT/rust/vendor/getrandom-0.4.3/src/lib.rs	4786	68bd1f2daa0aec1b55da25c07744869728a8be25d7c7d127bc788cd50fd8687b
SOURCE/PRODUCT/rust/vendor/getrandom-0.4.3/src/sys_rng.rs	1399	ff110b2095252c34270d1c88b600e261eb4c2e96cb79b6e6512b41c37529d7eb
SOURCE/PRODUCT/rust/vendor/getrandom-0.4.3/src/util.rs	2696	b1f6bb46c35e1bc71faed96aaaac82be99df636b2e6bdcd676e898a669dee37f
SOURCE/PRODUCT/rust/vendor/getrandom-0.4.3/src/utils/get_errno.rs	1332	d5afe0e5e41a32a85105fb5242156fc1c15096fd0ebb20363cb3368a5e63c7b2
SOURCE/PRODUCT/rust/vendor/getrandom-0.4.3/src/utils/lazy_bool.rs	1206	573d5575c859c816262f44875f36c6aa8c58ecd5b2b1cf484d2415a6a41957d7
SOURCE/PRODUCT/rust/vendor/getrandom-0.4.3/src/utils/lazy_ptr.rs	2110	5c0c29f1d636f303f65be626c998f0ef7f3e3329d6be1696479af07e53370920
SOURCE/PRODUCT/rust/vendor/getrandom-0.4.3/src/utils/sanitizer.rs	1134	f9db2840b940d620efef7c5b6ab3a25ba24c46a15fdb5aecb37a22ed249d4bad
SOURCE/PRODUCT/rust/vendor/getrandom-0.4.3/src/utils/sys_fill_exact.rs	1390	d18e26399844e96b0a8e6ff0e82a9d7d3ee315e97e31eb51498430b201cb768c
SOURCE/PRODUCT/rust/vendor/getrandom-0.4.3/tests/mod.rs	5668	6f8ffe1b36d104906e5ed6f8f189c2c51e6b6135a564d218609d3b74a9ac6c67
SOURCE/PRODUCT/rust/vendor/getrandom-0.4.3/tests/sys_rng.rs	357	25aab3742e8c927a2f15a668d5d0808d4fd54cf69c07be9ea794d5bf30f66466
SOURCE/PRODUCT/rust/vendor/hex-0.4.3/.cargo-checksum.json	1503	e3634bc0cdb0c78ed90f686db0c0e39bd5a2f5110e87ec0ede4ed97606f6ff3c
SOURCE/PRODUCT/rust/vendor/hex-0.4.3/.cargo_vcs_info.json	74	99b421178459616d6bf8286229acf14f20221fc9e6e7d7a74541ff980798ccb5
SOURCE/PRODUCT/rust/vendor/hex-0.4.3/.github/workflows/rust.yml	904	ee65195fe2a52ffe4b70c20f1e53913516e73ff7f4aed5ee85f1389590b89186
SOURCE/PRODUCT/rust/vendor/hex-0.4.3/.gitlab-ci.yml	946	2e80da9bfd343ab2406fb099be07f5086a19b79e4f3781143f7af895171acec6
SOURCE/PRODUCT/rust/vendor/hex-0.4.3/.travis.yml	982	71c9f9bd2f1104528ef6a098806a3305c4787b2383d4d53b989c40560bda692e
SOURCE/PRODUCT/rust/vendor/hex-0.4.3/Cargo.toml	1578	85a822957796d1aa30bd28d695fae3dc86ca8832d6879a8f71e323cc4a130174
SOURCE/PRODUCT/rust/vendor/hex-0.4.3/Cargo.toml.orig	910	129b27aacc44d45c6439469e998065432b86c7e2a25a0928639e34e8da5a9da0
SOURCE/PRODUCT/rust/vendor/hex-0.4.3/LICENSE-APACHE	11358	c6596eb7be8581c18be736c846fb9173b69eccf6ef94c5135893ec56bd92ba08
SOURCE/PRODUCT/rust/vendor/hex-0.4.3/LICENSE-MIT	1125	f7bdb3426d045cd50efd4953026e3eb5a83d0199f458a075602611b9344da5b9
SOURCE/PRODUCT/rust/vendor/hex-0.4.3/README.md	1891	ec487a539f41489876f5f2143e6f2071754ad96b1ca74092bdeab8135f6a819e
SOURCE/PRODUCT/rust/vendor/hex-0.4.3/benches/hex.rs	1886	17f5081cc970fc5a0e7bf7e781da066ece95c4453b46ad8c129e665b19733885
SOURCE/PRODUCT/rust/vendor/hex-0.4.3/src/error.rs	1849	489873510e45802b3b1858668daf46eb559cf0d0cebb41ca34cf5879dabe730e
SOURCE/PRODUCT/rust/vendor/hex-0.4.3/src/lib.rs	14957	bc16c851822629225d2d2653ea080f131b0f2c4704d3ff27fed955c9b8b42f71
SOURCE/PRODUCT/rust/vendor/hex-0.4.3/src/serde.rs	2600	d1297456aa4e9e11eb45ac41fb7b9d7d88b7de371a118e4c100bd78fc208ea86
SOURCE/PRODUCT/rust/vendor/hex-0.4.3/tests/serde.rs	1289	567b0b58d9d1fac12b4ebb7bff6164bdef01b7c9edc59435a2d7507214c6481b
SOURCE/PRODUCT/rust/vendor/hex-0.4.3/tests/version-number.rs	222	913773b7a6b62c6fbea14f155571eb77c2ae8b0ac811dde8e028dee25a4155be
SOURCE/PRODUCT/rust/vendor/hmac-0.12.1/.cargo-checksum.json	2196	4bda2c86b0655d857a3e0614574759a24f8ed7423f1eeaf682b3b55202b1edc3
SOURCE/PRODUCT/rust/vendor/hmac-0.12.1/.cargo_vcs_info.json	98	b72ee970d967fc9036bfd809116b979c28d5165653c0e33cc522b4779697a9a1
SOURCE/PRODUCT/rust/vendor/hmac-0.12.1/CHANGELOG.md	2168	9475fa89d1ca3bf8780d4eb95fc23fcf9e46bc80745136caf858cbe1a56da7bb
SOURCE/PRODUCT/rust/vendor/hmac-0.12.1/Cargo.toml	1449	b56253cfaec8c49b49ce90736dde78025f0b820f2a018edff569bba27e5a5080
SOURCE/PRODUCT/rust/vendor/hmac-0.12.1/Cargo.toml.orig	1108	e705a2073ad24a785485b1d24e1c761313db1ca933514cd5cacb248abce2a7ee
SOURCE/PRODUCT/rust/vendor/hmac-0.12.1/LICENSE-APACHE	10849	a9040321c3712d8fd0b09cf52b17445de04a23a10165049ae187cd39e5c86be5
SOURCE/PRODUCT/rust/vendor/hmac-0.12.1/LICENSE-MIT	1057	9e0dfd2dd4173a530e238cb6adb37aa78c34c6bc7444e0e10c1ab5d8881f63ba
SOURCE/PRODUCT/rust/vendor/hmac-0.12.1/README.md	1605	d0b99c8c2b5a15bfa1315b2160fec26b9b59b4e5f242ed046b61474351520e82
SOURCE/PRODUCT/rust/vendor/hmac-0.12.1/src/lib.rs	4653	66ba692fd324d2b9d0fbb55ab96e978a2a72cc3bae7fc9efb14bba5534e79a16
SOURCE/PRODUCT/rust/vendor/hmac-0.12.1/src/optim.rs	7704	3c16b46effd4980cd2e98b5b2090aa57049dc9d4a9ea1c87e758875bf1ab0b63
SOURCE/PRODUCT/rust/vendor/hmac-0.12.1/src/simple.rs	3153	160abf6a160f606185d18ac15984b7e0eb6662f43588539d9533b7cb1b016cca
SOURCE/PRODUCT/rust/vendor/hmac-0.12.1/tests/data/md5.blb	245	41f33f80dbc25391a47c474432362597a4ed1b45bae3a1b817fa8b5d7548dad7
SOURCE/PRODUCT/rust/vendor/hmac-0.12.1/tests/data/sha224.blb	803	d5428cdd466e35fd954da1b8c5a222e9e3f37aaebb8c16a3c4204272bfd1dbfe
SOURCE/PRODUCT/rust/vendor/hmac-0.12.1/tests/data/sha256.blb	831	98d4a64debfda8e232490cd464353d083fdf252333cca139d5379b5fd568b1a9
SOURCE/PRODUCT/rust/vendor/hmac-0.12.1/tests/data/sha384.blb	943	35c0ef0537ad23aba89a2943e4a62c650af5d5c695ab9084c792149535f5e6ee
SOURCE/PRODUCT/rust/vendor/hmac-0.12.1/tests/data/sha512.blb	1062	cd881eab93b8bb07b892cf8a676673a48170f63db9c21b43b6e73f0d1b5b363f
SOURCE/PRODUCT/rust/vendor/hmac-0.12.1/tests/data/streebog256.blb	84	66df5c6eb5aba37cfa0cc5a059d2ffa2ba6af6aead3b2bfe3122aae11bc7ea0c
SOURCE/PRODUCT/rust/vendor/hmac-0.12.1/tests/data/streebog512.blb	117	13d5b55d89e2c7782db965ed779b67838acf5b09dbb4f3332fed146471c90ee4
SOURCE/PRODUCT/rust/vendor/hmac-0.12.1/tests/data/wycheproof-sha1.blb	4875	8c364fb223c563d75d4b49ac4af582c92a9cb5dbca25af345b98b6122aa6aa40
SOURCE/PRODUCT/rust/vendor/hmac-0.12.1/tests/data/wycheproof-sha256.blb	6153	9855ca5a11de9a95024084e6999764de48ed3dee1bd445d7aebf7e72c379d62a
SOURCE/PRODUCT/rust/vendor/hmac-0.12.1/tests/data/wycheproof-sha384.blb	7857	a39b0e05cf9a47651722f0afe6294db053ad542dc5bd598271a358e884e771cc
SOURCE/PRODUCT/rust/vendor/hmac-0.12.1/tests/data/wycheproof-sha512.blb	9648	0329587a988335059c956a1bd62ac55c727749a6482f0eeb2e0d0954f2582462
SOURCE/PRODUCT/rust/vendor/hmac-0.12.1/tests/mod.rs	2195	27941c34466ba4fe43e7e1c6118cbf2f5c854d79c53b7d73a77636328bf7146e
SOURCE/PRODUCT/rust/vendor/http-1.4.2/.cargo-checksum.json	3148	5f63778b094659fa3f7909b40e70167e4e73a68a3007cacc62d4d3fb4283881c
SOURCE/PRODUCT/rust/vendor/http-1.4.2/.cargo_vcs_info.json	94	cb5a86a281c5f04ccbca28f7d89fd92f3f4c6c7b80c3f35bf754f8df958066b2
SOURCE/PRODUCT/rust/vendor/http-1.4.2/.github/FUNDING.yml	20	f1b6ab0526242e2b5e8833ce7887b4926ddd0f4d29fca04e827a0187aa2ae8b8
SOURCE/PRODUCT/rust/vendor/http-1.4.2/.github/workflows/ci.yml	3233	8aa9b141f338f8a192b18f9a3e75cd8a71fff13ea1396c38cacd1b1a3d4e9055
SOURCE/PRODUCT/rust/vendor/http-1.4.2/CHANGELOG.md	10074	d47e1b0645ae92a4e3ce91637e97a6a52e36ae503f7e0afa6ff38465aac97104
SOURCE/PRODUCT/rust/vendor/http-1.4.2/Cargo.lock	12745	28f2deb7581ad7365e3a5053285c8e8a78ad0a0fa286b2d8b70f52b0a7a28b5e
SOURCE/PRODUCT/rust/vendor/http-1.4.2/Cargo.toml	1636	7dcf7df2cd47c3e77086da035ad4968773b5057f1b930e1a6102d0fa09749950
SOURCE/PRODUCT/rust/vendor/http-1.4.2/Cargo.toml.orig	856	fb9d83825f07fdc1df14a240c8800f5a28b663fd4d2fda2bb8d1b6b0a0584fd7
SOURCE/PRODUCT/rust/vendor/http-1.4.2/LICENSE-APACHE	10835	8bb1b50b0e5c9399ae33bd35fab2769010fa6c14e8860c729a52295d84896b7a
SOURCE/PRODUCT/rust/vendor/http-1.4.2/LICENSE-MIT	1059	dc91f8200e4b2a1f9261035d4c18c33c246911a6c0f7b543d75347e61b249cff
SOURCE/PRODUCT/rust/vendor/http-1.4.2/README.md	1810	b5bf3d27deab5741b4563ea0c42e34c86a35ae1a67cf1f0c771c80d3b0725118
SOURCE/PRODUCT/rust/vendor/http-1.4.2/src/byte_str.rs	2418	267b2525d4ce4c6c2f0779cb924c781bdb4b7febc4c7fe2657c0b1afaa143d7e
SOURCE/PRODUCT/rust/vendor/http-1.4.2/src/convert.rs	680	648ef74bc21184c960ee21e43033584390d1900d107cdae8c1d9a4a35f9a3fc7
SOURCE/PRODUCT/rust/vendor/http-1.4.2/src/error.rs	4171	e9a0c5c2af9eb98a23f967d9ff416095c80f6998fbd14a63acebeeca9e8aedac
SOURCE/PRODUCT/rust/vendor/http-1.4.2/src/extensions.rs	10167	091c287545a3bcb2e874310ea0023a1d962795aae4d4970c77703f1fdc8f3c97
SOURCE/PRODUCT/rust/vendor/http-1.4.2/src/header/map.rs	122330	421b95bf96a0daeb7e74bed253482b88f01f5b2a15b4463740edff2feb3403c8
SOURCE/PRODUCT/rust/vendor/http-1.4.2/src/header/mod.rs	4124	26109659d73db5fd66bda033daf2b9eebc1eac7af22c48323f808af09da599b5
SOURCE/PRODUCT/rust/vendor/http-1.4.2/src/header/name.rs	77050	3aa66c4f7d5579b9dcfa2745325cea381e13cf27ee7e41ac773cfad8df66c685
SOURCE/PRODUCT/rust/vendor/http-1.4.2/src/header/value.rs	20417	1de7a6c001751f67fc64447ca6aa5c01796341360e551f2c8499a8f88ab42647
SOURCE/PRODUCT/rust/vendor/http-1.4.2/src/lib.rs	7377	2c085126666e668fce40f30e5bd6f890bf3f94c0911ac59d531b4f1fbfc780d8
SOURCE/PRODUCT/rust/vendor/http-1.4.2/src/method.rs	15616	91c532704430cc9b9a84cdc3f1f17b05e91af7dffccb6abd6e90ebabb8622a8e
SOURCE/PRODUCT/rust/vendor/http-1.4.2/src/request.rs	28175	ffee0fb74774bf32efce79e2797ab3cdad3bf9a4e69f94a70692a659d7c03148
SOURCE/PRODUCT/rust/vendor/http-1.4.2/src/response.rs	20912	5f139b9419d77dab44fbb471c349bd1e9ae6f53db87426352482b9122e31e484
SOURCE/PRODUCT/rust/vendor/http-1.4.2/src/status.rs	22865	d01b4288900f9418325328f76f96cc2b1d73c008d1cad31bcd827153e46d4754
SOURCE/PRODUCT/rust/vendor/http-1.4.2/src/uri/authority.rs	22217	5f4214714bcfe8db10f6806f02f7cdde673323a797ca7d31814e761f8d1ee646
SOURCE/PRODUCT/rust/vendor/http-1.4.2/src/uri/builder.rs	5814	411c8e768578183c35aaa8db47d6c438b9476646ff7e5c838827108f0ed7a8a9
SOURCE/PRODUCT/rust/vendor/http-1.4.2/src/uri/mod.rs	31514	beaabec1b32c070b12328222054faecb939f69ff72424494314cd5f0c79e40a1
SOURCE/PRODUCT/rust/vendor/http-1.4.2/src/uri/path.rs	18580	9e07602653042fe7f3eb95042cd39d90cf774a1dafc36461c927e12b4d9d48bb
SOURCE/PRODUCT/rust/vendor/http-1.4.2/src/uri/port.rs	3294	14b44d8d72681e74268b82674c5578943e77535eb5bf376cfe2d2b5a7d3681e0
SOURCE/PRODUCT/rust/vendor/http-1.4.2/src/uri/scheme.rs	10871	092ea3e74b5847be0f9cfb738e63f733643330421a1d657fbd7a35de5e0caebd
SOURCE/PRODUCT/rust/vendor/http-1.4.2/src/uri/tests.rs	11169	61f88b73490c2442ec12cb0829aa1ddd28f1bce874b4fc6dd7a544c80280aeb1
SOURCE/PRODUCT/rust/vendor/http-1.4.2/src/version.rs	1686	623ef60a450203b051f3457e2f095508b66aaaa799b1447fb1b34d92cb2e7d62
SOURCE/PRODUCT/rust/vendor/http-1.4.2/tests/header_map.rs	21451	5db45b086b15b51bb601c7d2aeb6d47a6bb53644a631fa4e9c55896972f1233e
SOURCE/PRODUCT/rust/vendor/http-1.4.2/tests/header_map_fuzz.rs	9792	a1d3b3c6998f69113fe9288a71e1179077aca91e56bf3b215891695942936676
SOURCE/PRODUCT/rust/vendor/http-1.4.2/tests/status_code.rs	2034	165cfa22544de42c9ce708be0921a445cd2b75f042192b7d677501fff79cb641
SOURCE/PRODUCT/rust/vendor/http-body-1.1.0/.cargo-checksum.json	1151	d03bf6c315ba3534ad53a3a684832ae6697f5ca4f348e19580e0531678d97040
SOURCE/PRODUCT/rust/vendor/http-body-1.1.0/.cargo_vcs_info.json	122	0798144532ae8b6b36f66a1e807e28559a62352e6c9ab65f6446b3288025fe39
SOURCE/PRODUCT/rust/vendor/http-body-1.1.0/CHANGELOG.md	2119	aecfef73d7ab6406d1f4044511fb6acbdfb8d51b7ffcc9b57cd1f5b0ac2dae34
SOURCE/PRODUCT/rust/vendor/http-body-1.1.0/Cargo.lock	989	ac6720405dab208b263f6b84aad18db9403fb338eb66c4a2cc543246d61072dd
SOURCE/PRODUCT/rust/vendor/http-body-1.1.0/Cargo.toml	1271	87911167224d2c0bd1d92650330e39ff1bada6ebd0ab7add8a4e10309eb8d0f1
SOURCE/PRODUCT/rust/vendor/http-body-1.1.0/Cargo.toml.orig	727	6526c42603e11a2f07f30487a682fc0b33a1186fe8e6499fba7af3895d90919d
SOURCE/PRODUCT/rust/vendor/http-body-1.1.0/LICENSE	1083	248378d0a3383c173fb925f17141b88e71580b3ba17ddc6ac3d2a344683232ab
SOURCE/PRODUCT/rust/vendor/http-body-1.1.0/README.md	937	0f90f61ee419eefd4104005ef6900445fafce9a710dd1989463f3cebaf0fafe8
SOURCE/PRODUCT/rust/vendor/http-body-1.1.0/src/frame.rs	3440	0be0bd92430fcd69fd95fe38037ecd087427ddfac33c400caf6f49cc9ffa91ac
SOURCE/PRODUCT/rust/vendor/http-body-1.1.0/src/lib.rs	6369	125d4c7dfbc608130435fad85e5ce9a244eb8388383a6006370c6ab8d3e35300
SOURCE/PRODUCT/rust/vendor/http-body-1.1.0/src/size_hint.rs	5628	896ec9bfb8fdecd94b33c2d235db1811dc2c1274524741fc09a6264e9440c3c6
SOURCE/PRODUCT/rust/vendor/http-body-1.1.0/tests/is_end_stream.rs	1536	8f2ebcb3fc0ce4923f984469c4679966c047b5f9e8b0b59c32d37c91bbb33369
SOURCE/PRODUCT/rust/vendor/http-body-util-0.1.4/.cargo-checksum.json	2525	1146fda9508f491cdfbc547017ce1e30c5ccf529400fa98c43439d96c62c002c
SOURCE/PRODUCT/rust/vendor/http-body-util-0.1.4/.cargo_vcs_info.json	127	c01590b67762d4f426c38e61f2a1bb6c1179bfe7bab92d3df5a13720db94f6e9
SOURCE/PRODUCT/rust/vendor/http-body-util-0.1.4/CHANGELOG.md	804	5b08206abfa31e3bf78695b7219f15770bd479e2a66002099eb7dc85ab165ec1
SOURCE/PRODUCT/rust/vendor/http-body-util-0.1.4/Cargo.lock	5759	a1ccd9078f1176530cae9c3b95f4e2a2786cd7d6ff545bfdab17c57634bda8b2
SOURCE/PRODUCT/rust/vendor/http-body-util-0.1.4/Cargo.toml	1786	d272abf9916cc281e60d3d0da85b8b3a66119d13849804854e13bb972c28032d
SOURCE/PRODUCT/rust/vendor/http-body-util-0.1.4/Cargo.toml.orig	1294	303902420e4b7329af080cba86856ec7159b9b4ab9aec00ca89ae23851023edb
SOURCE/PRODUCT/rust/vendor/http-body-util-0.1.4/LICENSE	1083	248378d0a3383c173fb925f17141b88e71580b3ba17ddc6ac3d2a344683232ab
SOURCE/PRODUCT/rust/vendor/http-body-util-0.1.4/README.md	937	0f90f61ee419eefd4104005ef6900445fafce9a710dd1989463f3cebaf0fafe8
SOURCE/PRODUCT/rust/vendor/http-body-util-0.1.4/src/channel.rs	11367	c2ff39f314712ffbb5f725a7cd619d55e23d48fe7318e4ae8a1d91bd9e2fcd35
SOURCE/PRODUCT/rust/vendor/http-body-util-0.1.4/src/collected.rs	4883	23d193d5c44cc80b14cc2f7c469a13634acd1fe577b985bcb476010ed7f8c6fb
SOURCE/PRODUCT/rust/vendor/http-body-util-0.1.4/src/combinators/box_body.rs	2573	9dbd5e4fe5f7d07f8f087886438c5ea11b74f21a33eae4d0b655bd56ddeaee31
SOURCE/PRODUCT/rust/vendor/http-body-util-0.1.4/src/combinators/collect.rs	1074	3fa5f2bfa7f9a6d460ebc307857454d96730869c3cab62a30b453402ed3b24bb
SOURCE/PRODUCT/rust/vendor/http-body-util-0.1.4/src/combinators/frame.rs	554	29f0af03a02321e16e34b335ae3e2e270dbbf34ce6f7364b515608626199642f
SOURCE/PRODUCT/rust/vendor/http-body-util-0.1.4/src/combinators/fuse.rs	6758	f8e1a8568a07a2a0d4ab811ca027edcbf14c980822e95c18a64371a3fe138d30
SOURCE/PRODUCT/rust/vendor/http-body-util-0.1.4/src/combinators/inspect_err.rs	2153	299a8f22d95c9690ea1be865228e622bafa5735eca9c76eaab76d64285c391c8
SOURCE/PRODUCT/rust/vendor/http-body-util-0.1.4/src/combinators/inspect_frame.rs	2177	805aaa2a10947457b0a52b5fd14d2180789c4eb466f5e9ccf76172428c16c3a6
SOURCE/PRODUCT/rust/vendor/http-body-util-0.1.4/src/combinators/map_err.rs	2063	825954afe9fd843e86afa3b8fa6fb50005291d647ea2413f9538dde9f48bcb19
SOURCE/PRODUCT/rust/vendor/http-body-util-0.1.4/src/combinators/map_frame.rs	2039	8eb64fe3a4077c36351ed41c59704209e4b64552fa9b4bcc79ec86c8a929905c
SOURCE/PRODUCT/rust/vendor/http-body-util-0.1.4/src/combinators/mod.rs	427	76f0b66ac9337ea0bb0c133f300281193ac655f611f2f74ba17f7eb8e81b383d
SOURCE/PRODUCT/rust/vendor/http-body-util-0.1.4/src/combinators/with_trailers.rs	6327	c8fdc73fef609f5c444502f26caf8527ad275e7588743eeaf7d20251ab08de17
SOURCE/PRODUCT/rust/vendor/http-body-util-0.1.4/src/either.rs	5293	0d42804cec710946e74c792656ccc22571ae72e29530169c30db84dffd40e8fe
SOURCE/PRODUCT/rust/vendor/http-body-util-0.1.4/src/empty.rs	1171	e47f062d02b5e57daf418659c67095be3f63cdc7f498c049383ae89a421de5ad
SOURCE/PRODUCT/rust/vendor/http-body-util-0.1.4/src/full.rs	4234	301a52ce154e465be1ccb4ae0740c365321243f9ae76393dc808d09894937b1b
SOURCE/PRODUCT/rust/vendor/http-body-util-0.1.4/src/lib.rs	5167	3402270ed92321592395c81eb93a33cf82d990375b280ade41b584f6d5ffa40d
SOURCE/PRODUCT/rust/vendor/http-body-util-0.1.4/src/limited.rs	8001	c12ee827d8e09935a96f7ff9bdc9ccc6a5f0bbdc061faa4a3519fa738c49491e
SOURCE/PRODUCT/rust/vendor/http-body-util-0.1.4/src/stream.rs	5759	09e9ea1380a306dfa96a98e742113022a76a16d707aae3bfde91f7af60e383d0
SOURCE/PRODUCT/rust/vendor/http-body-util-0.1.4/src/util.rs	4405	d23ff3fb96171fb2ff9bf9db1c176f862fca3f40f5c0b4ca26d0137103ecb780
SOURCE/PRODUCT/rust/vendor/httparse-1.10.1/.cargo-checksum.json	2287	03458045039e95f3474d37987698196c66523dddce50dc66453306c5a55dbac9
SOURCE/PRODUCT/rust/vendor/httparse-1.10.1/.cargo_vcs_info.json	94	304c6a5cc4e924fef4ca4629de055fdf731825833e6a0764aa03e4581580297c
SOURCE/PRODUCT/rust/vendor/httparse-1.10.1/.github/FUNDING.yml	22	e65635279e36972a4cecce26f3bb8115c09fd6d5d3e3e79d11a973877d4600a8
SOURCE/PRODUCT/rust/vendor/httparse-1.10.1/.github/workflows/ci.yml	6660	1045b35d3703f490e153c9a8513acf22496d5a3b0659fee70784c3cf425cb0f5
SOURCE/PRODUCT/rust/vendor/httparse-1.10.1/.github/workflows/cibench.yml	4121	3b09cf335f208b52d97ccb9a1ca803cece87c80a9b859b8236b9f4e25ab75456
SOURCE/PRODUCT/rust/vendor/httparse-1.10.1/.github/workflows/cifuzz.yml	703	7814b157965db6452cba4ff3ebe30555c002daaff4baf46a985fa232cb768def
SOURCE/PRODUCT/rust/vendor/httparse-1.10.1/Cargo.lock	17569	ec51aecd295189c21ca216e1bb6e1f04e9f45d7dfc62da5c00480aebbf87a515
SOURCE/PRODUCT/rust/vendor/httparse-1.10.1/Cargo.toml	1670	067da5f6334526ce5f080909e5c271dd0968ab4198a65eea51d93b242febb48a
SOURCE/PRODUCT/rust/vendor/httparse-1.10.1/Cargo.toml.orig	926	3a0da8a3d1c3ab896e16182c9a876b4ad4c265faa3042cde693621ea95c94060
SOURCE/PRODUCT/rust/vendor/httparse-1.10.1/LICENSE-APACHE	10847	a60eea817514531668d7e00765731449fe14d059d3249e0bc93b36de45f759f2
SOURCE/PRODUCT/rust/vendor/httparse-1.10.1/LICENSE-MIT	1063	391a5396cec6230bfabd4ef4eb2350eb895bc5efce377a2218f5702ed020d3e3
SOURCE/PRODUCT/rust/vendor/httparse-1.10.1/README.md	1659	eb23916ad2e4e904ee31e2af02e71ffd8f2d0c97f9e529f3e02f300a120e2c8b
SOURCE/PRODUCT/rust/vendor/httparse-1.10.1/benches/parse.rs	9177	1c76d3831410e0c2da0cbbee43431c2d28e2f1969664dea2a6a0e81f0a1c88be
SOURCE/PRODUCT/rust/vendor/httparse-1.10.1/build.rs	4321	eba8e341d746a6cf54249c62afe9eb237e7c21fcf9937223e894549e3a34d489
SOURCE/PRODUCT/rust/vendor/httparse-1.10.1/clippy.toml	14	fd62dce2727b03fd4a8f6f3241e9da1e24ac2ff053d3986b0576c140823ec1ea
SOURCE/PRODUCT/rust/vendor/httparse-1.10.1/src/iter.rs	5361	630132d2d6fafa80c126b7b20b097c5ac7215575f7b61c8f8d7101b58ca57d0a
SOURCE/PRODUCT/rust/vendor/httparse-1.10.1/src/lib.rs	104523	a8307ce632f27b095cb84de27cfd8fc237977075d3eed41041f463c6afd9b757
SOURCE/PRODUCT/rust/vendor/httparse-1.10.1/src/macros.rs	1468	4e152282a120ec322f0873c65d2c334d7161f0085e91c52d45793c87f83e3e5c
SOURCE/PRODUCT/rust/vendor/httparse-1.10.1/src/simd/avx2.rs	6938	ce35db9ab9783880f44786a9d65727b0c5862a957d845e9f3d8a358b3ca4b01a
SOURCE/PRODUCT/rust/vendor/httparse-1.10.1/src/simd/mod.rs	3418	4fe941717937542c4c88eb95ffefb26db8492e4b5a1d46696fce0b5329702a21
SOURCE/PRODUCT/rust/vendor/httparse-1.10.1/src/simd/neon.rs	7464	fed66a5d37873dbf901ad2b69e9d08711c570a4a5fc958e13539808501ec9ac3
SOURCE/PRODUCT/rust/vendor/httparse-1.10.1/src/simd/runtime.rs	1496	fec921120b04042d9c3dbc78ced3477e112f16e4d06be68ac8d50ddce54b8da7
SOURCE/PRODUCT/rust/vendor/httparse-1.10.1/src/simd/sse42.rs	3883	04c1c6f29375eb87d0e7712deadd9ba3c94d20525b67ff869a266cc6b75cedf6
SOURCE/PRODUCT/rust/vendor/httparse-1.10.1/src/simd/swar.rs	7375	24d15cfaa7b1ac8f2a5ff74a590eb0e9f0c87de6058c2c65919e33f9f1923080
SOURCE/PRODUCT/rust/vendor/httparse-1.10.1/tests/uri.rs	102934	62664aa2db82b2b24174ef74b7b00b675806608bfcb64763f97b639b62dd3701
SOURCE/PRODUCT/rust/vendor/httpdate-1.0.3/.cargo-checksum.json	1083	30fdc5b2b78597570727b0bd6ba96da9ba6a85e9aa256db182c5ff7cc69950b3
SOURCE/PRODUCT/rust/vendor/httpdate-1.0.3/.cargo_vcs_info.json	94	158299c819b7d96576c47ecdbb6d8a12749ea3f45de887679fe58e3a462cf6fc
SOURCE/PRODUCT/rust/vendor/httpdate-1.0.3/.github/workflows/ci.yml	598	9a88cd3211399918ee069a77456e6c9317efeddae0848c681d14d08364211814
SOURCE/PRODUCT/rust/vendor/httpdate-1.0.3/Cargo.toml	921	d1adbc974f706b302bc844ce7b6d6323d30a1689b9e3bf53ab78ba0bb09a9ed9
SOURCE/PRODUCT/rust/vendor/httpdate-1.0.3/Cargo.toml.orig	423	935ef51333a927e121be199efebd6aa6df22e14682770d1cfd9d32fd2bc931eb
SOURCE/PRODUCT/rust/vendor/httpdate-1.0.3/LICENSE-APACHE	10255	4d10fe5f3aa176b05b229a248866bad70b834c173f1252a814ff4748d8a13837
SOURCE/PRODUCT/rust/vendor/httpdate-1.0.3/LICENSE-MIT	1051	934887691e05d69d7c86ad3f2c360980fa30c15b035e351f3c9865e99da4debc
SOURCE/PRODUCT/rust/vendor/httpdate-1.0.3/README.md	1309	276cab7dac6cc74706b2aec34e649ef09c5b0149dbf15329020781161bb13673
SOURCE/PRODUCT/rust/vendor/httpdate-1.0.3/benches/benchmarks.rs	1484	13f1208dfb86e3c02dcd67a4c08c2bae300c0a153de5df437eac4a136579ec23
SOURCE/PRODUCT/rust/vendor/httpdate-1.0.3/src/date.rs	11407	87e7de1394f6b0d37128bfbf5943e256c886c35ed3f9078d15a08309c2206c69
SOURCE/PRODUCT/rust/vendor/httpdate-1.0.3/src/lib.rs	5363	1c5b99558a8b2fec28d003b58a198cb2aebd232f0a2d162906524c5e6ead162e
SOURCE/PRODUCT/rust/vendor/hyper-1.11.0/.cargo-checksum.json	6385	baa26501470d9bcf43096ba2924a9dbd002e07902f39b191393717c3cbab79c0
SOURCE/PRODUCT/rust/vendor/hyper-1.11.0/.cargo_vcs_info.json	113	385a9da60cfa467a93acc592324b102abece7da56ecbe9a194de73546a3c0bec
SOURCE/PRODUCT/rust/vendor/hyper-1.11.0/Cargo.lock	16673	bfc79fbe58236be404fdc6897eaf17e95b4b6b4430c7ee8ccee7098878d6d0b4
SOURCE/PRODUCT/rust/vendor/hyper-1.11.0/Cargo.toml	7311	44dc44ccf54b5721ae8756e3022e486445853ee24ead755c6c7f220e384da51b
SOURCE/PRODUCT/rust/vendor/hyper-1.11.0/Cargo.toml.orig	10259	f443dad61db53ce3404b2e3c867a6b5efc797b40d5729003ff1fc209cb275830
SOURCE/PRODUCT/rust/vendor/hyper-1.11.0/LICENSE	1062	2d01890414494742ba4a509fcec8efa40f6d8be22cbd72be7cff08d6fda4ec89
SOURCE/PRODUCT/rust/vendor/hyper-1.11.0/README.md	1606	9f8d9269b8bfb0cfb17d119c65cebcc33f67310bcec7fbf06b8527def78c1502
SOURCE/PRODUCT/rust/vendor/hyper-1.11.0/src/body/incoming.rs	21687	b58ef47a7cdf90c4a8f55032c40748afb11318f8c4ac36e5eb6c1434e24a395e
SOURCE/PRODUCT/rust/vendor/hyper-1.11.0/src/body/length.rs	4015	320d02606b5bc6f3b62c49dc925d95e9c7205b515139f2553ff985a9cde54513
SOURCE/PRODUCT/rust/vendor/hyper-1.11.0/src/body/mod.rs	1667	fb03daf6c8062bc753345f33666402b6a00da26f2d993f699bef091dd44785aa
SOURCE/PRODUCT/rust/vendor/hyper-1.11.0/src/cfg.rs	864	de5fee5bba45a982c10e8f09fc24677be5494bf6da0b39a3a132f0f6eb3fe41e
SOURCE/PRODUCT/rust/vendor/hyper-1.11.0/src/client/conn/http1.rs	23389	5318327e99a7ed061864719220aac88909c9f9e18b62486a2703f130b66c699a
SOURCE/PRODUCT/rust/vendor/hyper-1.11.0/src/client/conn/http2.rs	25947	ba1ff22ec9af06a2e985eedd54f60daf92b658319146ab53b2da664814b5331e
SOURCE/PRODUCT/rust/vendor/hyper-1.11.0/src/client/conn/mod.rs	843	9a3a11f287ac5f8a2eb2f27af4d66cf201f92dc580f773f9cb5495f32756ee28
SOURCE/PRODUCT/rust/vendor/hyper-1.11.0/src/client/dispatch.rs	16135	00278071a5114bceccaac649aefb574a170b9250dd8bfcb393b8a5fbd04c2be8
SOURCE/PRODUCT/rust/vendor/hyper-1.11.0/src/client/mod.rs	758	6bab8369943bad42c3258eff7631efc757fa6db8c56bf4271dc48f1c45b243a5
SOURCE/PRODUCT/rust/vendor/hyper-1.11.0/src/client/tests.rs	8715	de0001609ef0b82d34d6e152b20d19f0b2f79ab6708bc4b3748a40acd3325238
SOURCE/PRODUCT/rust/vendor/hyper-1.11.0/src/common/buf.rs	4014	6ffe7941d14edbdd4d20e18e4c1da225161eb0d89ae807476d7b4282519bac7c
SOURCE/PRODUCT/rust/vendor/hyper-1.11.0/src/common/date.rs	3455	6b48438b51d0cccb110112acb0eb5cbd87f5ad8089bf5301c633548e801baae9
SOURCE/PRODUCT/rust/vendor/hyper-1.11.0/src/common/either.rs	959	cf162a4087419ea3d83514177da81813e301736bbe5399b58f39c96f214c6429
SOURCE/PRODUCT/rust/vendor/hyper-1.11.0/src/common/future.rs	559	dbeb3a936470ad0fc320780654c6437b9e94c17795ad33a5999879cf8bbe9002
SOURCE/PRODUCT/rust/vendor/hyper-1.11.0/src/common/io/compat.rs	5073	cf65d083ca6d83cd627cf787dd12c0223714305adfeb3f2ec9277c62d5a0ced1
SOURCE/PRODUCT/rust/vendor/hyper-1.11.0/src/common/io/mod.rs	251	1f9002411f8a74be746e86d7a6afa5a7c3bdfe7c75943bed5ac752b802b1594d
SOURCE/PRODUCT/rust/vendor/hyper-1.11.0/src/common/io/rewind.rs	4632	a23553e708cf8895700b3f5c869fd4c8a44736f1059091491614df73d11e6c0f
SOURCE/PRODUCT/rust/vendor/hyper-1.11.0/src/common/lock.rs	343	ae01179ad4a756405d5c9f25b343de1ec6d4b2873b8c1e49002a72d00e6f4c84
SOURCE/PRODUCT/rust/vendor/hyper-1.11.0/src/common/mod.rs	816	6331e28a89a36553939417d86afeb3b8abba1a161eb46a9e09b83250a292655b
SOURCE/PRODUCT/rust/vendor/hyper-1.11.0/src/common/task.rs	1724	a85877dfc0d233dacf6df0568d135ee7b0abb1f54873cc237bbdf4e14240edf5
SOURCE/PRODUCT/rust/vendor/hyper-1.11.0/src/common/time.rs	2569	c7a841d86636b49108d4d926a9cc789ee72d781d74ca70394092a058abdb8beb
SOURCE/PRODUCT/rust/vendor/hyper-1.11.0/src/common/watch.rs	1500	0530dbb42bdddfba675c51d98e57fcbd614447ad317036900a0c17c5da51ecb9
SOURCE/PRODUCT/rust/vendor/hyper-1.11.0/src/error.rs	26606	bc07d9d804ca06140d01cf7c45f4d61b14df0d657de3fc20e4d4034a6ab0ce9e
SOURCE/PRODUCT/rust/vendor/hyper-1.11.0/src/ext/h1_reason_phrase.rs	6619	db6fed7c4aec000af820989f0508a2534d864f3cce32cb19a12aca59b0705a22
SOURCE/PRODUCT/rust/vendor/hyper-1.11.0/src/ext/informational.rs	2311	83a9b2a9cd7086f2be65d508d4cf0f45a2977fb90f94926d6a3cfbc98bdba073
SOURCE/PRODUCT/rust/vendor/hyper-1.11.0/src/ext/mod.rs	10230	45e4e184394742eaf2c53b9d856639c72fefbb8d89ef790215581903760db03c
SOURCE/PRODUCT/rust/vendor/hyper-1.11.0/src/ffi/body.rs	11316	614955cfca938025a7b471d9bc91004edfd1ff028b66553ce757b5b0ec040dce
SOURCE/PRODUCT/rust/vendor/hyper-1.11.0/src/ffi/client.rs	10817	f3e7b519d9725b99ddc18a25ab527014c804d5e112fe130ef3dd539eac6e5a09
SOURCE/PRODUCT/rust/vendor/hyper-1.11.0/src/ffi/error.rs	3104	dd269cd749cfe2679ba499e9dc0832469cbf4f8101157fd88d00c0fb526868d8
SOURCE/PRODUCT/rust/vendor/hyper-1.11.0/src/ffi/http_types.rs	25143	e2bb6c4dcccc79c41bb66a25114cd11e73e9baf15dbc0961f94d2ac1bcf8cabc
SOURCE/PRODUCT/rust/vendor/hyper-1.11.0/src/ffi/io.rs	6946	1d70f9ffca6dfb6131f83c75e7b5e3631dd1a25f1854032a40891622b016ac25
SOURCE/PRODUCT/rust/vendor/hyper-1.11.0/src/ffi/macros.rs	1785	6bb6f08224be10c40d98434e2130dea3c9ca3c40b9d11b18f43619624148f080
SOURCE/PRODUCT/rust/vendor/hyper-1.11.0/src/ffi/mod.rs	3243	80639b0ff428ff21ebf1e87c7800558002efc5f51424fe21fba6bf57ca8818e6
SOURCE/PRODUCT/rust/vendor/hyper-1.11.0/src/ffi/task.rs	19310	1b273c71a4b1cb57182577aa22c15f6a0f14eb18546acc4970f34da3d70e2aa0
SOURCE/PRODUCT/rust/vendor/hyper-1.11.0/src/headers.rs	4805	35941ea855f137cb7cabe297bb1dd6642b33022b410c7b258ca472d52a4ba19d
SOURCE/PRODUCT/rust/vendor/hyper-1.11.0/src/lib.rs	4798	c482e01ab0513e31c610b181de7a36f34b7da7f8469dfa4759c1f37fcb7ee7fe
SOURCE/PRODUCT/rust/vendor/hyper-1.11.0/src/mock.rs	6380	7c77d16f952bda6ce51995548b1a1b8652739fca70115df96598440a524d86d4
SOURCE/PRODUCT/rust/vendor/hyper-1.11.0/src/proto/h1/conn.rs	52778	094efde0f378bf19075871987437c5f65dd01f8419c4874d6970fc60f0e8a658
SOURCE/PRODUCT/rust/vendor/hyper-1.11.0/src/proto/h1/decode.rs	43124	ef94797374efa6488f962851231a16c08531e28f6d5802171669d4dc61b51dc3
SOURCE/PRODUCT/rust/vendor/hyper-1.11.0/src/proto/h1/dispatch.rs	32373	15803e719b31d86783ff15c3648fc72724c56365d9ccc9d368f9d933a90893d4
SOURCE/PRODUCT/rust/vendor/hyper-1.11.0/src/proto/h1/encode.rs	21590	0530b2e2bea3e925a9d360d0adab99836ca321ba66132322e5e5201f3ed2a599
SOURCE/PRODUCT/rust/vendor/hyper-1.11.0/src/proto/h1/io.rs	31222	0d668d4931e62c4d82781b343ef66469be91b14538d9106eeb84ff28d7e9b690
SOURCE/PRODUCT/rust/vendor/hyper-1.11.0/src/proto/h1/mod.rs	2830	bdb49167f68428e34b9b60a46c535fa44d9a3a6a849b1f232a466f8379efd792
SOURCE/PRODUCT/rust/vendor/hyper-1.11.0/src/proto/h1/role.rs	111557	854964b9fda4b1d0917577a3aaaab00dcb6cb62fa2b01997dbf0b2e655ecde11
SOURCE/PRODUCT/rust/vendor/hyper-1.11.0/src/proto/h2/client.rs	26338	5d81af4ed1ef5a687c21dea559da28d8d96fbdf4e63b68c461f5b2e7733d13ab
SOURCE/PRODUCT/rust/vendor/hyper-1.11.0/src/proto/h2/mod.rs	11057	d29ea5c5c33cbb77fbde37c0ff254002bc279801338f3a43d428fe82ad1f3e12
SOURCE/PRODUCT/rust/vendor/hyper-1.11.0/src/proto/h2/ping.rs	14962	e323160359b9f184f9388912c5c9e4e340483a85e7d1925ba1cfde8d9f08b31a
SOURCE/PRODUCT/rust/vendor/hyper-1.11.0/src/proto/h2/server.rs	19792	7e5e86d6fdd18e556f0a8a0d84e17b1fd8676e184b20b0282a45d1682fb6abbb
SOURCE/PRODUCT/rust/vendor/hyper-1.11.0/src/proto/h2/upgrade.rs	11971	0d72f639f6d236a0c568906f61ff529fa4166364434777a3d6f47d152f75ceed
SOURCE/PRODUCT/rust/vendor/hyper-1.11.0/src/proto/mod.rs	2080	7a1ac66edcc24b364eae3581abf151459a5259b4c521561aa7203c9ca4473da4
SOURCE/PRODUCT/rust/vendor/hyper-1.11.0/src/rt/bounds.rs	4352	bc1d1865d67672625afcfef4ef495c249f94b73c9cd6910662d3aed2e73d0f32
SOURCE/PRODUCT/rust/vendor/hyper-1.11.0/src/rt/io.rs	17384	88ddbf97848e83282c7ec1c871db7c0bd49dd433712683612db3ae98ab9747da
SOURCE/PRODUCT/rust/vendor/hyper-1.11.0/src/rt/mod.rs	1574	4bdc9348a48e924b262c965265863a7ff465881f91c393b019120854241cd386
SOURCE/PRODUCT/rust/vendor/hyper-1.11.0/src/rt/timer.rs	4307	9f377be659ac9f60a5de4716d17bea6dd6f1af1f5693166db4d2bbb3b8b2c4f6
SOURCE/PRODUCT/rust/vendor/hyper-1.11.0/src/server/conn/http1.rs	19572	9933dd08dc874732756fa29c0c8b1c60399dd05337a07e7d80711fe89fb5a06c
SOURCE/PRODUCT/rust/vendor/hyper-1.11.0/src/server/conn/http2.rs	10979	625bc621eab3dd7110574a8e5e0bc9bfe931556d062cfea8cef104c708802ea5
SOURCE/PRODUCT/rust/vendor/hyper-1.11.0/src/server/conn/mod.rs	942	b2393dc0d68c09b560f7c9bcc61ed3bf99fce4d746eda9e1ad158891ee56f2be
SOURCE/PRODUCT/rust/vendor/hyper-1.11.0/src/server/mod.rs	378	192142f7d2f2da63699abeaca0bbfedc06bd1714531da2e53795828da5e946f3
SOURCE/PRODUCT/rust/vendor/hyper-1.11.0/src/service/http.rs	2076	74b6a556f77bcbf6d2a17e8be3d619c54cc2e73f04bcb66666169d3f40c78a11
SOURCE/PRODUCT/rust/vendor/hyper-1.11.0/src/service/mod.rs	1065	91711508cdef3879404859238f5978eb3e066dcdae1c2c06c8bfd84787103053
SOURCE/PRODUCT/rust/vendor/hyper-1.11.0/src/service/service.rs	3918	e08f14d369311406bf34159f4e831d1dadd5be83bc78a21fb3dad78031017df6
SOURCE/PRODUCT/rust/vendor/hyper-1.11.0/src/service/util.rs	1954	a35d37abcd2fcf5c3c6a0c0241a9a9361922fe0da989f3314ab0b490db6b2b0b
SOURCE/PRODUCT/rust/vendor/hyper-1.11.0/src/trace.rs	2551	a766c472433c7569440862e978eceeea78220af170220e9fdc90b71bab731344
SOURCE/PRODUCT/rust/vendor/hyper-1.11.0/src/upgrade.rs	12628	f27e4c77baf7b095c19e13a154009f5f44d386d20d4545a0e59ae1713d4db422
SOURCE/PRODUCT/rust/vendor/hyper-util-0.1.20/.cargo-checksum.json	5933	ba7f1c13d4ebf73c01ae450e1ac7f4af98d76ed830739313c1f55537fa55ebca
SOURCE/PRODUCT/rust/vendor/hyper-util-0.1.20/.cargo_vcs_info.json	94	7ee535b9a2ca8f0c370be5f12461dcea52078f06d09ea210d9028bdf1400260e
SOURCE/PRODUCT/rust/vendor/hyper-util-0.1.20/.github/workflows/CI.yml	3109	517dcbb16a104f9fa5e288132995351d565bb00b57b8e30c508a7d308353cfa0
SOURCE/PRODUCT/rust/vendor/hyper-util-0.1.20/.github/workflows/rustdoc-preview.yml	3319	0802ce7a66c3c2b6e56719729f2347c311e51cc2deb779a4ddeb8adad71f0490
SOURCE/PRODUCT/rust/vendor/hyper-util-0.1.20/CHANGELOG.md	5544	75860253bf603acd5f62357e587bf2ddcf63c996438c74f4bfabdea639e8f4ee
SOURCE/PRODUCT/rust/vendor/hyper-util-0.1.20/Cargo.lock	22728	d106eb34f83ff5eab4cef01bd040614730beb3c35e080a500e0359717fec5338
SOURCE/PRODUCT/rust/vendor/hyper-util-0.1.20/Cargo.toml	4630	b76f77c23b2b03d8652a5691cf1ddf805d5b62c57c3594bc45747524c298b981
SOURCE/PRODUCT/rust/vendor/hyper-util-0.1.20/Cargo.toml.orig	3293	b1afe14c09fd4495db247133cb53cbdc06077df7afb4172b8250bb14de9b60e2
SOURCE/PRODUCT/rust/vendor/hyper-util-0.1.20/LICENSE	1062	9e0a97848ea543aef745c98e84fde696a9a3e0735538f6daefdd3cb1942effc1
SOURCE/PRODUCT/rust/vendor/hyper-util-0.1.20/README.md	436	b47cc5fcb41e5d802bd175f0014f5636eefb897419720ab125b446e0b7f6f666
SOURCE/PRODUCT/rust/vendor/hyper-util-0.1.20/examples/client.rs	1070	8153fa0d74b3653f9cee113e2d42448febe20562f9bccc7a32b2fc151fc47dd0
SOURCE/PRODUCT/rust/vendor/hyper-util-0.1.20/examples/server.rs	2786	2e04d3f86a76810bb170d8c1633b44b4c5989822b17dbed0f3b63c221cc23f1a
SOURCE/PRODUCT/rust/vendor/hyper-util-0.1.20/examples/server_graceful.rs	2316	e4d65a46c7d2f44266b5c540596da1e753eeb74c580c9265296352d6e8bde83c
SOURCE/PRODUCT/rust/vendor/hyper-util-0.1.20/src/client/legacy/client.rs	62614	cd5b32ba07ef6db7b51ffe36586ce355faec8f991ded275cb12dbc5aaaab808a
SOURCE/PRODUCT/rust/vendor/hyper-util-0.1.20/src/client/legacy/connect/capture.rs	6177	270c9d6be46aa2077df5ed52bb7cb1ac20c8153f88a4fbb3c57a19ef71936e67
SOURCE/PRODUCT/rust/vendor/hyper-util-0.1.20/src/client/legacy/connect/dns.rs	10210	ea20854191ca43b7755ec9e317af9b89238160a6a9e94235139aab0b39f707e5
SOURCE/PRODUCT/rust/vendor/hyper-util-0.1.20/src/client/legacy/connect/http.rs	48127	91138d11a2cff92699dbbfd367856d0b90ce8b0aa1286f595c16b4fd9c491b67
SOURCE/PRODUCT/rust/vendor/hyper-util-0.1.20/src/client/legacy/connect/mod.rs	12415	4ac3ed01b01b309f1e0aba913b8c5ca354ac84e576c9ee0f5ae5579a45fb0503
SOURCE/PRODUCT/rust/vendor/hyper-util-0.1.20/src/client/legacy/connect/proxy/mod.rs	113	2dc7d98c83f3303d9f275fe3517a251ed7b0bc78ff101ab8f641158ee6c98abf
SOURCE/PRODUCT/rust/vendor/hyper-util-0.1.20/src/client/legacy/connect/proxy/socks/mod.rs	4067	7a6370f7dc134acf458bbec07ad4909d6fc82a0b4cf60c4d3a96c0a0ce2c9dbd
SOURCE/PRODUCT/rust/vendor/hyper-util-0.1.20/src/client/legacy/connect/proxy/socks/v4/errors.rs	473	ae6df7f24ea4c81aaa955255ed61885f1fd5ffde597a050f6b08218f7c5ee134
SOURCE/PRODUCT/rust/vendor/hyper-util-0.1.20/src/client/legacy/connect/proxy/socks/v4/messages.rs	4079	b51d7fbd219621c517532533181bd0a6fc7db208fb6186ed8b6600f84919c755
SOURCE/PRODUCT/rust/vendor/hyper-util-0.1.20/src/client/legacy/connect/proxy/socks/v4/mod.rs	4291	2855c1d5d0e0c81a58546c8186be34de662f18319798cc34858ad0247c435e77
SOURCE/PRODUCT/rust/vendor/hyper-util-0.1.20/src/client/legacy/connect/proxy/socks/v5/errors.rs	1147	e28013c08b05fc5743d9a475d4ab89bd563d22f0b2009b504f19b4974fde8880
SOURCE/PRODUCT/rust/vendor/hyper-util-0.1.20/src/client/legacy/connect/proxy/socks/v5/messages.rs	9993	4de6da2cc949626e17ca9236aff1d56555169557576a6f09fd886f53a2bae930
SOURCE/PRODUCT/rust/vendor/hyper-util-0.1.20/src/client/legacy/connect/proxy/socks/v5/mod.rs	9199	2bdcb4b761a3e813d580cb30db20df5f4d3cb794c9043d9cbcda7a67564da170
SOURCE/PRODUCT/rust/vendor/hyper-util-0.1.20/src/client/legacy/connect/proxy/tunnel.rs	7783	0c9d85176b966dfccec0238bdf502941d84c210b60361a8c93471abb3f15dc24
SOURCE/PRODUCT/rust/vendor/hyper-util-0.1.20/src/client/legacy/mod.rs	305	a893df119a025ce5e8226868f76130b50b15dd0a4c8ae007556b14f29cd3520a
SOURCE/PRODUCT/rust/vendor/hyper-util-0.1.20/src/client/legacy/pool.rs	35638	1c2a9fd1c4cd51353a5af9c9561265bf84c6fb9ce2d4a55ead7ff16ce271efe2
SOURCE/PRODUCT/rust/vendor/hyper-util-0.1.20/src/client/mod.rs	233	52210c5c1dd0b34daef53148fa20f0efdf6a30a7e839789434be2efba34c6655
SOURCE/PRODUCT/rust/vendor/hyper-util-0.1.20/src/client/pool/cache.rs	15126	9abda0db1c81e388c4f4f2cdd1a2a0c06c7839d297af6c15b557f358280abef6
SOURCE/PRODUCT/rust/vendor/hyper-util-0.1.20/src/client/pool/map.rs	5685	faecd62801a979062cce1d27ecf8e574724bb72ff797a3425432c0039d8a6e1a
SOURCE/PRODUCT/rust/vendor/hyper-util-0.1.20/src/client/pool/mod.rs	323	cedd0f9c035af53e1e41d5b09a811283b81aed573fb42fe6969ac123077283d6
SOURCE/PRODUCT/rust/vendor/hyper-util-0.1.20/src/client/pool/negotiate.rs	19309	ec4e248a830cacd0a388f6998c036aef01876e0d4efaf3987ef334e2686a81b7
SOURCE/PRODUCT/rust/vendor/hyper-util-0.1.20/src/client/pool/singleton.rs	16059	81d49d785012a857b1cd5007da179307e3ecf5de1af1e4bc7d15eabab48940ae
SOURCE/PRODUCT/rust/vendor/hyper-util-0.1.20/src/client/proxy/matcher.rs	28559	3869f863fbba4714ffd828d3dcd35e68fceeaf33169aa502e6b0d74a48f1fb1a
SOURCE/PRODUCT/rust/vendor/hyper-util-0.1.20/src/client/proxy/mod.rs	38	1a6b7fdc17aa57aa356a5b8cd44c8a8401aa0a87258334ff8da62444a1b0885a
SOURCE/PRODUCT/rust/vendor/hyper-util-0.1.20/src/common/exec.rs	1152	74f899c6a3972fcbecde525c1601ba16945db863e4451660cc6da6008c5d3738
SOURCE/PRODUCT/rust/vendor/hyper-util-0.1.20/src/common/lazy.rs	1766	fe7cfc2b88a15f7ac4ee2459f525857d8324d250c51ce6a3047c3fc4ef559bab
SOURCE/PRODUCT/rust/vendor/hyper-util-0.1.20/src/common/mod.rs	452	4df658f1cf439c9af244563879007aec3cfc3cfa3fe3382ee0905dcfe5fe7d9c
SOURCE/PRODUCT/rust/vendor/hyper-util-0.1.20/src/common/rewind.rs	3724	333cfde1eefa3419de76ff65367d30a48e03560cc18f4b5770d883b98e7ac864
SOURCE/PRODUCT/rust/vendor/hyper-util-0.1.20/src/common/sync.rs	2374	047d79590bbbf59aae35664b1b38f4d0e6478aa10116ab33a9f231e59b3fa32d
SOURCE/PRODUCT/rust/vendor/hyper-util-0.1.20/src/common/timer.rs	872	8ee2b70568c2a87e1cd9e84084b11255deb995a3cc720723a787ee411a3a79f8
SOURCE/PRODUCT/rust/vendor/hyper-util-0.1.20/src/error.rs	306	c10d50e4fd57184f9c0529c0f42852845d24455c3563ef445becbec67df67d79
SOURCE/PRODUCT/rust/vendor/hyper-util-0.1.20/src/lib.rs	452	e400215a9bd661a14f80b6b452520ab6d3fe57b8f276f9a9201d1f332777119d
SOURCE/PRODUCT/rust/vendor/hyper-util-0.1.20/src/rt/io.rs	776	06429f8b9a6d649dbde0298ae964cdf5e98e698cec95d6b09ead69fc00a69ca4
SOURCE/PRODUCT/rust/vendor/hyper-util-0.1.20/src/rt/mod.rs	271	484f478be32e25714fa7a24d12626e5e828ac36960a54a7ec1650948e1088159
SOURCE/PRODUCT/rust/vendor/hyper-util-0.1.20/src/rt/tokio.rs	10452	40a4b9870237fb88851fa7fcdc377d3ba800ebeed3d0f9e3a8421474a8a790b0
SOURCE/PRODUCT/rust/vendor/hyper-util-0.1.20/src/rt/tokio/with_hyper_io.rs	4531	67b91e27248354ae138507a78dd62bbbe845ef16bcf6f59e00923c5877541f7e
SOURCE/PRODUCT/rust/vendor/hyper-util-0.1.20/src/rt/tokio/with_tokio_io.rs	4751	70f30a1475ed64047800da86b4e24a4a74e340be5046bc043f2b0b1ac8000fa5
SOURCE/PRODUCT/rust/vendor/hyper-util-0.1.20/src/server/conn/auto/mod.rs	45679	eba235600a7c8538f39923cbf64c6d051e48c9732c217813df45f3c22a7c7be6
SOURCE/PRODUCT/rust/vendor/hyper-util-0.1.20/src/server/conn/auto/upgrade.rs	2013	293d823c1fb34d4bb505f835b8b26255a7bafc10c56bc9235c3cb151ebb1e72c
SOURCE/PRODUCT/rust/vendor/hyper-util-0.1.20/src/server/conn/mod.rs	91	f192ca3fb030351ad22dba11f58edf02503598e3f9c18652a445f3973d16b723
SOURCE/PRODUCT/rust/vendor/hyper-util-0.1.20/src/server/graceful.rs	15968	651ff44015798b7b837d27e11f8c48f5ec4878463caa989e2e49ef0bb36a3db5
SOURCE/PRODUCT/rust/vendor/hyper-util-0.1.20/src/server/mod.rs	92	c30d25551b75ec6c2915ba9da0a5638488c2760a27c589c02415dec1441fb746
SOURCE/PRODUCT/rust/vendor/hyper-util-0.1.20/src/service/glue.rs	1956	dffde87ea652504e6260c52b7ddf28ba4c3df84e82acaf2ddcbd562abeb799f6
SOURCE/PRODUCT/rust/vendor/hyper-util-0.1.20/src/service/mod.rs	1459	e70a66aa974af3500cd0ab1e68397079f8b271af69276b6df90216df18420e0c
SOURCE/PRODUCT/rust/vendor/hyper-util-0.1.20/src/service/oneshot.rs	1633	29bb0a3ec6b54287e49379f32ccecf704c227ab4e8c3e9431a515186add376f3
SOURCE/PRODUCT/rust/vendor/hyper-util-0.1.20/tests/legacy_client.rs	57093	dd1e61fba1aceae059ccd7a49e90ebbb25ff8c7ea90a7acbab71aa98f0a21b63
SOURCE/PRODUCT/rust/vendor/hyper-util-0.1.20/tests/proxy.rs	17132	a17d630e0a65a876c1718cc564424e7a8071686103dc63f70b681229305b8d76
SOURCE/PRODUCT/rust/vendor/hyper-util-0.1.20/tests/test_utils/mod.rs	4804	29a225056b11e733fc84c49b11915d8dbe68bdffcedd2c0729b7fd7f2e8f821f
SOURCE/PRODUCT/rust/vendor/iana-time-zone-0.1.65/.cargo-checksum.json	3380	bcb8ca4549b6c7e8d3bcbb50f8aba61cf9733695a5f6ec4691f50489449d20e7
SOURCE/PRODUCT/rust/vendor/iana-time-zone-0.1.65/.cargo_vcs_info.json	94	24c82ae2a4cc517fb6e19cae9053325d4dd450b963b645890e7cd51cc445f414
SOURCE/PRODUCT/rust/vendor/iana-time-zone-0.1.65/.clang-format	121	14f2a77d6cb86bb43dcab6c9011089858b442293ce2e6c9a4eb942c5f31de3b4
SOURCE/PRODUCT/rust/vendor/iana-time-zone-0.1.65/.clippy.toml	51	aceebdf6a89d7717601e62cc213267b6fdf39bb42b968019d3b816db6eb61733
SOURCE/PRODUCT/rust/vendor/iana-time-zone-0.1.65/.github/dependabot.yml	200	57ffaee759dc7024c44688df46ce803d567fcd714ee0c092805c5107c677a7db
SOURCE/PRODUCT/rust/vendor/iana-time-zone-0.1.65/.github/workflows/release.yml	489	24b479d25e60e5797e7b137b094f45df5b67306db2ce6b438e377605b8ebf4a6
SOURCE/PRODUCT/rust/vendor/iana-time-zone-0.1.65/.github/workflows/rust.yml	14916	2433e1e16792e9ea57d56e7bc19039fe8df484430567a58fa6c3d1601b0b4a85
SOURCE/PRODUCT/rust/vendor/iana-time-zone-0.1.65/.github/workflows/zizmor.yaml	793	d5ba45d3243ecccdf81363d5f1ea08f2db08f652c1c5e9a3bcaa0e474c9d8b36
SOURCE/PRODUCT/rust/vendor/iana-time-zone-0.1.65/CHANGELOG.md	16490	0786c7bb3568ad62b30894551223d6f119cc862d83c5781661b37c89219b5aae
SOURCE/PRODUCT/rust/vendor/iana-time-zone-0.1.65/Cargo.lock	15072	0ab90a15924decf9579813f54cac5bce74ca2ccf2d7677625c62fce85c09fe47
SOURCE/PRODUCT/rust/vendor/iana-time-zone-0.1.65/Cargo.toml	2433	d1ef413992ad304def4305f3127a047bfd5adbeb2c8fd73fd63886a2217cd361
SOURCE/PRODUCT/rust/vendor/iana-time-zone-0.1.65/Cargo.toml.orig	1807	f56056b745a2cc570670c8971442c81163abcd758c4970b5cfdf241b54fed7ae
SOURCE/PRODUCT/rust/vendor/iana-time-zone-0.1.65/LICENSE-APACHE	10832	696759d65dfe558ff7d9f031c76db19ec5c0767470fb67c4e8d990820d1e99c9
SOURCE/PRODUCT/rust/vendor/iana-time-zone-0.1.65/LICENSE-MIT	1059	da28ccc6b158fc2d8cccc74e99794b1cff1d29bd7bbeb019442fcf0c04c6cad9
SOURCE/PRODUCT/rust/vendor/iana-time-zone-0.1.65/README.md	1875	22f9a823adec27aca10eb6dfb5e4e1e9d485e1d5f78348f788bfc81dbee2787f
SOURCE/PRODUCT/rust/vendor/iana-time-zone-0.1.65/bindings.txt	75	6e9b2e58051bf22fb39b38dc04e54bf75b6204fbd97df06bc58617b1b5d14461
SOURCE/PRODUCT/rust/vendor/iana-time-zone-0.1.65/deny.toml	96	bde861b1ca6304017f8a57268058aa99ad33d89b1498bba68086e65cca7fe7a2
SOURCE/PRODUCT/rust/vendor/iana-time-zone-0.1.65/examples/get_timezone.rs	149	c4db7b1cc71c7b3728ddd70e76c0dbd40239c6b1b8c705cb63476757d3177dec
SOURCE/PRODUCT/rust/vendor/iana-time-zone-0.1.65/examples/get_timezone_loop.rs	279	5e9da42eabd529f5f8d04acc5c1eb84575b9ed38a9226e76e91a1717089b016e
SOURCE/PRODUCT/rust/vendor/iana-time-zone-0.1.65/examples/stress-test.rs	644	3ad469de5a650389699c9ffe5fd78af2bdd46e7140cc05391c60d793fc6f8e98
SOURCE/PRODUCT/rust/vendor/iana-time-zone-0.1.65/src/ffi_utils.rs	19934	4a49637f60e4d2ab1afecb168e884cee8137a32037d440f9f032196c9fd6f159
SOURCE/PRODUCT/rust/vendor/iana-time-zone-0.1.65/src/lib.rs	3691	3f222eaa027a919a577fecd2d2b0dc64e4170faff6ad6c89041893049595a917
SOURCE/PRODUCT/rust/vendor/iana-time-zone-0.1.65/src/platform.rs	376	09c0d13643078077f185afb5f35026dcfd0caea5a8aeb8a090c73b275a04f5a4
SOURCE/PRODUCT/rust/vendor/iana-time-zone-0.1.65/src/tz_aix.rs	223	86fd048ff14062c53d1aa770ee715961f7b1099337453ca2eb297a74fc59f673
SOURCE/PRODUCT/rust/vendor/iana-time-zone-0.1.65/src/tz_android.rs	936	3da37f1b87f87a0ed215734f2b373b2d187bcf49386adfe8bfff207f9a5e8fe2
SOURCE/PRODUCT/rust/vendor/iana-time-zone-0.1.65/src/tz_darwin.rs	6703	7bcccb74ae1b59c6d0be0a8313d42fee79c6756f3a03edca3a422d4f8be9d288
SOURCE/PRODUCT/rust/vendor/iana-time-zone-0.1.65/src/tz_freebsd.rs	348	4247af5c6dd0712705186ed54d789193c64139f707af316d4fde86aa1e2a1b13
SOURCE/PRODUCT/rust/vendor/iana-time-zone-0.1.65/src/tz_haiku.rs	163	761afd80301683a44bf937bbf6b13c5c792af42ed7037623bbeccbab6d0aa8fc
SOURCE/PRODUCT/rust/vendor/iana-time-zone-0.1.65/src/tz_illumos.rs	799	375ae951d1417f63e6d77c9add7f7f646f24c0054cb8407bd4b9f06907494888
SOURCE/PRODUCT/rust/vendor/iana-time-zone-0.1.65/src/tz_linux.rs	6731	fc62ae0275e745c4fc6552c25f70812e37e91d78a16d9a40e5688331a7af04ed
SOURCE/PRODUCT/rust/vendor/iana-time-zone-0.1.65/src/tz_netbsd.rs	879	ec278bbe1cb5f648c063ec23bff6081146454b9f6aa3918b9ca50b8804d5838f
SOURCE/PRODUCT/rust/vendor/iana-time-zone-0.1.65/src/tz_ohos.rs	1875	f1db259b38f6890ec3c7b357e15d10f2aa166dc84394bac58fa62cb31d4559dc
SOURCE/PRODUCT/rust/vendor/iana-time-zone-0.1.65/src/tz_wasm32_emscripten.rs	887	d5884775c9d2aa0a64362b40e0987b01c1f0104c3e81b89744ab5a9ab47274e9
SOURCE/PRODUCT/rust/vendor/iana-time-zone-0.1.65/src/tz_wasm32_unknown.rs	602	10aa33caa86645a16e2126fe1a86dda2b57f63caa9addcd726245fbc9657dc1b
SOURCE/PRODUCT/rust/vendor/iana-time-zone-0.1.65/src/tz_wasm32_wasi.rs	144	721e7a23585bf472f1fe1287726f63592be72835c39a0cc25e330b00d5d54248
SOURCE/PRODUCT/rust/vendor/iana-time-zone-0.1.65/src/tz_windows.rs	587	804c11a3c638c93626459612cd444df64e9962668d1e8cd6f0774301c00c9529
SOURCE/PRODUCT/rust/vendor/iana-time-zone-0.1.65/src/windows_bindings.rs	68141	d58d11d01f5f5335febb91e83f32956801824553e2b26216bfd16e6a0c87803c
SOURCE/PRODUCT/rust/vendor/iana-time-zone-haiku-0.1.2/.cargo-checksum.json	986	0eba3c7fcdaa6d31c15c728d9b34022e38939c739d8ef7195bb90eb264017a7b
SOURCE/PRODUCT/rust/vendor/iana-time-zone-haiku-0.1.2/.cargo_vcs_info.json	99	e35aa42766bae2002cba8470471a6d73c1916a4b33cf5f99930927ece3ee28d4
SOURCE/PRODUCT/rust/vendor/iana-time-zone-haiku-0.1.2/Cargo.toml	932	8f06eca1c0e108d0422687eeb87030520ae7bd956efc92352599cc9cf079d9a3
SOURCE/PRODUCT/rust/vendor/iana-time-zone-haiku-0.1.2/Cargo.toml.orig	431	4257cf4466c8db10eea012268e3633c483884992885286f906056c4085f192f5
SOURCE/PRODUCT/rust/vendor/iana-time-zone-haiku-0.1.2/LICENSE-APACHE	10832	696759d65dfe558ff7d9f031c76db19ec5c0767470fb67c4e8d990820d1e99c9
SOURCE/PRODUCT/rust/vendor/iana-time-zone-haiku-0.1.2/LICENSE-MIT	1059	da28ccc6b158fc2d8cccc74e99794b1cff1d29bd7bbeb019442fcf0c04c6cad9
SOURCE/PRODUCT/rust/vendor/iana-time-zone-haiku-0.1.2/README.md	617	5b1ad9309b716374cc1bdcd025f525fac31b2f413e6c4d311e207fa6b1f96a83
SOURCE/PRODUCT/rust/vendor/iana-time-zone-haiku-0.1.2/build.rs	641	10304831100a60c1c2b990762dcfeb47dae8342cf9b54595bec94884e7de5784
SOURCE/PRODUCT/rust/vendor/iana-time-zone-haiku-0.1.2/src/implementation.cc	1556	66d2ecfe58ec543e27a6fb3a96526a07cd1ac43a2370344f856529e5a112ce0f
SOURCE/PRODUCT/rust/vendor/iana-time-zone-haiku-0.1.2/src/lib.rs	2495	e58db019554bd372f0a187f8f51f96624cdf21bcef507de2093e1d49ca0787cd
SOURCE/PRODUCT/rust/vendor/itoa-1.0.18/.cargo-checksum.json	1334	91026b615517f376b506b969da616ce1ac97ff760501690a528ca369e16c5ccc
SOURCE/PRODUCT/rust/vendor/itoa-1.0.18/.cargo_vcs_info.json	94	e0165305f3b22a9ab4217a121f85379aa56c2675caa7afedc0a7468fc187600b
SOURCE/PRODUCT/rust/vendor/itoa-1.0.18/.github/FUNDING.yml	16	b017158736b3c9751a2d21edfce7fe61c8954e2fced8da8dd3013c2f3e295bd9
SOURCE/PRODUCT/rust/vendor/itoa-1.0.18/.github/workflows/ci.yml	3333	89c4f60223daf03217ea7c1e8879135b11d2554bd1e57dd9eff5c02f1adc7909
SOURCE/PRODUCT/rust/vendor/itoa-1.0.18/Cargo.lock	11889	1cd64090b8e883963bb08d91e6968cc1e83ffdba4f4b2f47651ce9d351a8a947
SOURCE/PRODUCT/rust/vendor/itoa-1.0.18/Cargo.toml	1669	894c215e4e7e973b556b0e9627bf9b6a719a043fac9b5af9838660816392a09f
SOURCE/PRODUCT/rust/vendor/itoa-1.0.18/Cargo.toml.orig	960	44ca1ae5d9b48743305b57f3367051289512037e7836b8b3693b68d48dec0483
SOURCE/PRODUCT/rust/vendor/itoa-1.0.18/LICENSE-APACHE	9723	62c7a1e35f56406896d7aa7ca52d0cc0d272ac022b5d2796e7d6905db8a3636a
SOURCE/PRODUCT/rust/vendor/itoa-1.0.18/LICENSE-MIT	1023	23f18e03dc49df91622fe2a76176497404e46ced8a715d9d2b67a7446571cca3
SOURCE/PRODUCT/rust/vendor/itoa-1.0.18/README.md	2299	1305bd79675db0194915d9bc91bd0b3cf9487bc1126e05bf46b48ab43edce44b
SOURCE/PRODUCT/rust/vendor/itoa-1.0.18/benches/bench.rs	1193	29a0bdb973848007d681e571c57487e21e1bfb7aed5980c2190dba354498b154
SOURCE/PRODUCT/rust/vendor/itoa-1.0.18/src/lib.rs	16904	e962338e1886873aa7c3399ec89aa5378ccbfed712b9690f043628079390a34f
SOURCE/PRODUCT/rust/vendor/itoa-1.0.18/src/u128_ext.rs	695	498cc94f13805e551248fd82f47cc318f51d953a5002a9f8698858cd12fbae3c
SOURCE/PRODUCT/rust/vendor/itoa-1.0.18/tests/test.rs	1277	b22f8a8ed89edcbb4140b74f5edd7f2adf3cb0e363990dd6010cd6ebe0dc36b7
SOURCE/PRODUCT/rust/vendor/js-sys-0.3.103/.cargo-checksum.json	1752	5cecd99085bf814dfcc1dfc4200d54d2f4c83ed4fd9d2a02bf7e10224d482afb
SOURCE/PRODUCT/rust/vendor/js-sys-0.3.103/.cargo_vcs_info.json	107	ef67ff58c0368550633a5a124332ba4b4cf45498d7a74d58064bdecc19b94a11
SOURCE/PRODUCT/rust/vendor/js-sys-0.3.103/Cargo.lock	5544	6f81a445030ace013f7ea93eb5815dcbcc5053ccb00566d7842fa0195ac2fbf8
SOURCE/PRODUCT/rust/vendor/js-sys-0.3.103/Cargo.toml	2313	c4268bc3487f52e4f6b5b582f0c981651fda8e14ad5ff835620a34ee0318e0e7
SOURCE/PRODUCT/rust/vendor/js-sys-0.3.103/Cargo.toml.orig	2057	61b293a2d08a7262ce76402c09455c5ac87c932b3677a4700a0b1c5e06a4bfd7
SOURCE/PRODUCT/rust/vendor/js-sys-0.3.103/LICENSE-APACHE	10847	a60eea817514531668d7e00765731449fe14d059d3249e0bc93b36de45f759f2
SOURCE/PRODUCT/rust/vendor/js-sys-0.3.103/LICENSE-MIT	1057	378f5840b258e2779c39418f3f2d7b2ba96f1c7917dd6be0713f88305dbda397
SOURCE/PRODUCT/rust/vendor/js-sys-0.3.103/README.md	267	ada8f33d7201e841c1fb1f007b8232afd50bf1194ae38e5e6b1e7274a6b4c447
SOURCE/PRODUCT/rust/vendor/js-sys-0.3.103/src/Temporal.rs	157083	83dff27662620878df37b152dc35f7e4eaebbf04c7ab40b760d5631ef864dc97
SOURCE/PRODUCT/rust/vendor/js-sys-0.3.103/src/futures/mod.rs	13350	af4aff4947359f7db9ceb6a971eb1b087b715251f5009d9bce864e4ce7127b2d
SOURCE/PRODUCT/rust/vendor/js-sys-0.3.103/src/futures/queue.rs	3932	c2b3d2bc715773126fe2a53814ad93464305ed381f2d651d6c01975efaf8cafb
SOURCE/PRODUCT/rust/vendor/js-sys-0.3.103/src/futures/stream.rs	2417	71432e8401092d42e5d57a885c5bb63b3706adb43a4d2c4bce20a290a0cd3cb0
SOURCE/PRODUCT/rust/vendor/js-sys-0.3.103/src/futures/task/mod.rs	261	eadd65ff4397eff6aedafe712f4e04a64694f9dbc30bf928a18bb87477d9a644
SOURCE/PRODUCT/rust/vendor/js-sys-0.3.103/src/futures/task/multithread.rs	7458	19da8da771b5e11d9aa0fc1c4f4baf2a39a3b7353bb790b1c895ec9a2c5699d1
SOURCE/PRODUCT/rust/vendor/js-sys-0.3.103/src/futures/task/singlethread.rs	6417	8a47d877ee03fb172c9dd1fb82494620418570180ea2b3f2493fa3fc3c3fe97e
SOURCE/PRODUCT/rust/vendor/js-sys-0.3.103/src/futures/task/wait_async_polyfill.rs	2482	a4b4f5caf80f7d73dc268baee32eca34c6b140d92ee2ce4ea3b4fc25c99a8011
SOURCE/PRODUCT/rust/vendor/js-sys-0.3.103/src/futures/task/worker.js	179	1f1b207b7f45925d8c50f51538d3c23caf14073080bfe6e6bc64a3689b93db78
SOURCE/PRODUCT/rust/vendor/js-sys-0.3.103/src/lib.rs	636365	b92a3820e99d0a88895be2d1fe17f80a420c9d25ca988490c7a16e5ef0659683
SOURCE/PRODUCT/rust/vendor/libc-0.2.189/.cargo-checksum.json	40940	7e30d6d65ab17083e2bbb48616c9cd8b43dfbeb4cfb751c69d36bf74c8f31b48
SOURCE/PRODUCT/rust/vendor/libc-0.2.189/.cargo_vcs_info.json	94	3ae25e402263c1d372a9c6a0b09d4f63d6744a1f8d7912108191c3b6276ceb4f
SOURCE/PRODUCT/rust/vendor/libc-0.2.189/.editorconfig	171	e57fecd6b82cd69640ca1bc4e44f0c7acfe5fc12f641f14af9536e323b4159db
SOURCE/PRODUCT/rust/vendor/libc-0.2.189/.git-blame-ignore-revs	202	761aa385c661241fa77c15b502c361398cf500bbb9f8c3a4579b412c4c6249d7
SOURCE/PRODUCT/rust/vendor/libc-0.2.189/.release-plz.toml	1872	fcf2d382c4a2abd96caf9cc391b63e0c94d5832f5c48e9ab9eb4b2c847c0887c
SOURCE/PRODUCT/rust/vendor/libc-0.2.189/.rustfmt.toml	219	c88d9ba0e884291a2904d43cc7b940fafcb1ab443cdb7bcfca7117809c4f2816
SOURCE/PRODUCT/rust/vendor/libc-0.2.189/CHANGELOG.md	81394	1629ffb688b6f2ea0c1720ba1f768904ef9f27da4e9e7f32b76d6d52cd1940d1
SOURCE/PRODUCT/rust/vendor/libc-0.2.189/CONTRIBUTING.md	6452	ed7177a16e331da75244df3232c4e34f70bf58d2b31cffffd9b769a4745de567
SOURCE/PRODUCT/rust/vendor/libc-0.2.189/Cargo.lock	406	7b23220c994971e1ef93c3a13c78476fb35043e701a2e9c3f80567af3d94a9c3
SOURCE/PRODUCT/rust/vendor/libc-0.2.189/Cargo.toml	6072	95159789ef9c9aaee8230b13be5c89594833a7bf2db299e61eb23b512cb67144
SOURCE/PRODUCT/rust/vendor/libc-0.2.189/Cargo.toml.orig	6440	cba73b06128539455a57f7432e466ba583358ecb83ef8eda60731751b8a9f5cc
SOURCE/PRODUCT/rust/vendor/libc-0.2.189/LICENSE-APACHE	9723	62c7a1e35f56406896d7aa7ca52d0cc0d272ac022b5d2796e7d6905db8a3636a
SOURCE/PRODUCT/rust/vendor/libc-0.2.189/LICENSE-MIT	1066	123a331b5dbf04c30097fa43b8f858bc85df671fe776de498d01f3d6b7c1f69e
SOURCE/PRODUCT/rust/vendor/libc-0.2.189/README.md	3719	5af805465cb8cfa4186cb75df07f4aebd35a3d88f497ed71d189b74ecf8cbcdc
SOURCE/PRODUCT/rust/vendor/libc-0.2.189/build.rs	12792	e47f4a6762799b6e69cefc7acdb3291df828010e4de20609f7378f9c94ea29e6
SOURCE/PRODUCT/rust/vendor/libc-0.2.189/etc/libc-util.py	37307	a99fdefe6354c28c52eeac9c1e851041b69dad25b8a3b521d4f57b761517c798
SOURCE/PRODUCT/rust/vendor/libc-0.2.189/src/fuchsia/aarch64.rs	2150	34105478e20e9ce40b9e484eea6494e2408fead17c13500da90a2d44d996ce63
SOURCE/PRODUCT/rust/vendor/libc-0.2.189/src/fuchsia/mod.rs	137170	3b17821b3ceaf3430b6503965f5337b033817077e289e3cce29c80bf3960770f
SOURCE/PRODUCT/rust/vendor/libc-0.2.189/src/fuchsia/riscv64.rs	1291	a91ae8276df139f6181591be7209f9a68e9f3de5eec881c2e1c9768c53c4e292
SOURCE/PRODUCT/rust/vendor/libc-0.2.189/src/fuchsia/x86_64.rs	3043	543ea567b29d646afc026956ee5e652c10e87256789058e7e39f91bf2fe8bf14
SOURCE/PRODUCT/rust/vendor/libc-0.2.189/src/hermit.rs	15330	ebfe4d68e8f0323dc97d7e3165f7b315e4058ee9f5ced3e76f181f0a492e75e1
SOURCE/PRODUCT/rust/vendor/libc-0.2.189/src/lib.rs	11242	0701ce9606a01448c3229517fab308d49d160cccfca02ed6ebd8edfd8bb37d66
SOURCE/PRODUCT/rust/vendor/libc-0.2.189/src/macros.rs	20567	6d534c7b511cd19217ba205a4a30e289f7243ba3706645d6ec5cb417b7bdac7c
SOURCE/PRODUCT/rust/vendor/libc-0.2.189/src/new/aix/mod.rs	176	df0de5d8e452a8abb27727b8451b2ceff3bb856f7e5d9e9306df5177e4c6326f
SOURCE/PRODUCT/rust/vendor/libc-0.2.189/src/new/aix/unistd.rs	128	bcbb65f70759cd84c81fc24ea36aac423edb8f9d7148f65b545ee63954411fd1
SOURCE/PRODUCT/rust/vendor/libc-0.2.189/src/new/apple/libc/signal.rs	140	a960b6153775d791055b278534f79e21f8ff76c2c0c2891271e7abdf26e193d3
SOURCE/PRODUCT/rust/vendor/libc-0.2.189/src/new/apple/libc/unistd.rs	128	bcbb65f70759cd84c81fc24ea36aac423edb8f9d7148f65b545ee63954411fd1
SOURCE/PRODUCT/rust/vendor/libc-0.2.189/src/new/apple/libpthread/mod.rs	606	1e99efe513b0ee1fa6e53daf5950fc027380b1d71d793eca9e5b22af7b331b5b
SOURCE/PRODUCT/rust/vendor/libc-0.2.189/src/new/apple/libpthread/pthread_/introspection.rs	1048	3c797ded6d1a55670f9537a997407cf2267e6c7e7dbfa360d32474e2432979af
SOURCE/PRODUCT/rust/vendor/libc-0.2.189/src/new/apple/libpthread/pthread_/pthread.rs	2505	c2b680120ec8db839e702c4340bc39748ac34c806b5fc08acea0a4593131a015
SOURCE/PRODUCT/rust/vendor/libc-0.2.189/src/new/apple/libpthread/pthread_/pthread_impl.rs	404	57a9925a75b79d092c65288b8a8eb21bfb6c7de4c70d37a49018b4eb8b32a646
SOURCE/PRODUCT/rust/vendor/libc-0.2.189/src/new/apple/libpthread/pthread_/pthread_spis.rs	407	1ba51c251249822fae222db6a19e17278ffffc424fc6eea30282a6171491edbe
SOURCE/PRODUCT/rust/vendor/libc-0.2.189/src/new/apple/libpthread/pthread_/qos.rs	746	40f816fb6cebd19ead21197671e5425b454144515ee4b966d00db32ba6b0dfe5
SOURCE/PRODUCT/rust/vendor/libc-0.2.189/src/new/apple/libpthread/pthread_/sched.rs	179	7b22a3204e72d5013ebac7b830235d50883aefca86d720f1f38b93d54e309477
SOURCE/PRODUCT/rust/vendor/libc-0.2.189/src/new/apple/libpthread/pthread_/spawn.rs	465	daef8af8ed0b3d16922c2f5a511a67f57f69b5f80dfe37362bd0b410213f95ca
SOURCE/PRODUCT/rust/vendor/libc-0.2.189/src/new/apple/libpthread/pthread_/stack_np.rs	304	d1b6e2eab1850c303f8eec4059b3e8ec57d69eb47c216243f6b4b7523761fc29
SOURCE/PRODUCT/rust/vendor/libc-0.2.189/src/new/apple/libpthread/sys/_pthread/_pthread_types.rs	2694	a7a4307d7c3f91a6b03f76599fac5f40de556e5652123c6bc3b95df2bfa685de
SOURCE/PRODUCT/rust/vendor/libc-0.2.189/src/new/apple/libpthread/sys/mod.rs	462	337265fe49d77a7dcc879cd23e4f5baedcffab4808433dfb6ab9deb4ab490380
SOURCE/PRODUCT/rust/vendor/libc-0.2.189/src/new/apple/libpthread/sys/qos.rs	516	a6297cbab4089b330416bfcbe13b6d7aa8e75352299295046429b2e9d3bada42
SOURCE/PRODUCT/rust/vendor/libc-0.2.189/src/new/apple/mod.rs	529	96e4f2300247b8b587f312aeb8de991c65afd6a1693bbe0dc25610b9574d66db
SOURCE/PRODUCT/rust/vendor/libc-0.2.189/src/new/apple/xnu/arm/_mcontext.rs	403	63f1c62b47e7d7181c2b85f3cd3833c69a29eb0cad37a5754bfa6b5954ae7f6f
SOURCE/PRODUCT/rust/vendor/libc-0.2.189/src/new/apple/xnu/i386/_mcontext.rs	406	50543eaa5cf1d87f900b0c3e531dbfefd7586e1be2be3406223b2319edfcb7f2
SOURCE/PRODUCT/rust/vendor/libc-0.2.189/src/new/apple/xnu/mach/arm/_structs.rs	867	8e4af554170cef61c9143f92a283fd7eef66ad78824f194bbc89b098c6049a43
SOURCE/PRODUCT/rust/vendor/libc-0.2.189/src/new/apple/xnu/mach/i386/_structs.rs	2819	d7316b7d3fa5e55a5818cfd8a1977921bb14e07133648cffa8f4d9da2e31a604
SOURCE/PRODUCT/rust/vendor/libc-0.2.189/src/new/apple/xnu/mach/machine/_structs.rs	430	82f5a7f751897c882ed4c378d6282976ff21cf0c9cdf7f3be3cecd369a63b6f8
SOURCE/PRODUCT/rust/vendor/libc-0.2.189/src/new/apple/xnu/mach/mod.rs	463	46aad5c7197df2cc57c4392d9019034236233f0240bc7975f9e22ac33c9d40ed
SOURCE/PRODUCT/rust/vendor/libc-0.2.189/src/new/apple/xnu/machine/_mcontext.rs	319	166b0a450b730e2a943ca08a0c70061effb77ff9eff6f41c7b0c51b2d4215db9
SOURCE/PRODUCT/rust/vendor/libc-0.2.189/src/new/apple/xnu/mod.rs	834	9359b08f58f8cd88ade250166850202daa6e3278d387c072ac51e8f0c0cced19
SOURCE/PRODUCT/rust/vendor/libc-0.2.189/src/new/apple/xnu/net/bpf.rs	1865	0b6477e4ff541fbabe66ac2729524fc38c1e4be52a2f9e34c4155be732643318
SOURCE/PRODUCT/rust/vendor/libc-0.2.189/src/new/apple/xnu/net/mod.rs	118	7868b2b0065e01776ec4badaf166cac4ccb68ed98bf9bc284dbaffbf33e367b5
SOURCE/PRODUCT/rust/vendor/libc-0.2.189/src/new/apple/xnu/netinet6/in6_var.rs	830	61d6fc1ed1bbff8b0aa7de219b181aa68cc870ef290a6c39f5f3703eab955608
SOURCE/PRODUCT/rust/vendor/libc-0.2.189/src/new/apple/xnu/netinet6/mod.rs	132	dd1b80a3a57ffe7b48c60639a003d6e293646eb7a2cf209bf3673b043edbe611
SOURCE/PRODUCT/rust/vendor/libc-0.2.189/src/new/apple/xnu/sys/_types/_ucontext.rs	405	1651132d39042f0fc8cca7a23c890da0031b74359472189f851fb3458f2fde3e
SOURCE/PRODUCT/rust/vendor/libc-0.2.189/src/new/apple/xnu/sys/ioccom.rs	1604	dab00d14e36566c21be6cc7063ce4542c5c7fe9d9d3d27b1069a4c523e5125cd
SOURCE/PRODUCT/rust/vendor/libc-0.2.189/src/new/apple/xnu/sys/mod.rs	493	9f1013ae8b269add421f0d4a52b0baba841e1909dee5076fd1e76639a024e379
SOURCE/PRODUCT/rust/vendor/libc-0.2.189/src/new/apple/xnu/sys/signal.rs	192	a03cb64ec19326657c87ff8a5a31c2e6bc1deb55f9a7343ab1b2420819ed72bf
SOURCE/PRODUCT/rust/vendor/libc-0.2.189/src/new/apple/xnu/sys/sockio.rs	5687	1f298340a2d7b17b23aeacb87d1af829a142f6c8bb82d2237d7e0bee3b4c053e
SOURCE/PRODUCT/rust/vendor/libc-0.2.189/src/new/apple/xnu/sys/ttycom.rs	4592	da3bc0f95f4e7ded2e399fe977a39751b248c8a807cd37b3c6fdf41d15478d18
SOURCE/PRODUCT/rust/vendor/libc-0.2.189/src/new/bionic_libc/kernel_uapi/linux/mod.rs	177	b33dff424c9841a9037e31dddb90d7bd74de451e8509d7abc7dda636ec2646e7
SOURCE/PRODUCT/rust/vendor/libc-0.2.189/src/new/bionic_libc/kernel_uapi/linux/types.rs	481	10860921059eb04c5f0f159becfc415021f501ae33dc374872861b9a339af25b
SOURCE/PRODUCT/rust/vendor/libc-0.2.189/src/new/bionic_libc/kernel_uapi/mod.rs	64	d7808294eeb095d0298e8a9837d597f80f7c2629aa5e3281547f7ae00392f17b
SOURCE/PRODUCT/rust/vendor/libc-0.2.189/src/new/bionic_libc/mod.rs	476	23fdadb2e6d9823b8d37436abf5ba01629006fd5310977d2035802e5ca9a0c1c
SOURCE/PRODUCT/rust/vendor/libc-0.2.189/src/new/bionic_libc/pthread.rs	1153	d40b7f8421cf78d61f23224c3bda17407e40a1c85dd8122ca4f290624b21d8a1
SOURCE/PRODUCT/rust/vendor/libc-0.2.189/src/new/bionic_libc/sys/mod.rs	46	570e7c97f7c1efb14e167a3f0688547fbc907ed9dca93ad6d90dc719289cb6f1
SOURCE/PRODUCT/rust/vendor/libc-0.2.189/src/new/bionic_libc/sys/socket.rs	1137	19877b1de0e235a01734f9aebf20fc1ff1a01fd17302ed1a7d7b520a9fa68edb
SOURCE/PRODUCT/rust/vendor/libc-0.2.189/src/new/bionic_libc/unistd.rs	128	bcbb65f70759cd84c81fc24ea36aac423edb8f9d7148f65b545ee63954411fd1
SOURCE/PRODUCT/rust/vendor/libc-0.2.189/src/new/common/bsd.rs	45	8282cc2b87ca3afc6b01216fe3c3fe1818a3d57e95aa8d1e1a36cc5af1660609
SOURCE/PRODUCT/rust/vendor/libc-0.2.189/src/new/common/freebsd_like.rs	100	156dce9baa6b0ac57d483ffb582a913b9e4944cf10bbb5711a64da5f496a55c2
SOURCE/PRODUCT/rust/vendor/libc-0.2.189/src/new/common/linux_like/mod.rs	234	d42e65b3d6fccd5ba85a8397abb28267a96bfb76b6b47754000fbe9332c03fe4
SOURCE/PRODUCT/rust/vendor/libc-0.2.189/src/new/common/linux_like/pthread.rs	840	a1a33b1e27cd159ab1035c73e72fa8b0c266dd5a28f1079ad74d3c370857f097
SOURCE/PRODUCT/rust/vendor/libc-0.2.189/src/new/common/mod.rs	1249	5bcbce2960ff0840ab67a1ba5011009fa1f0f7697cff745d1461bf2b1460ddc6
SOURCE/PRODUCT/rust/vendor/libc-0.2.189/src/new/common/netbsd_like.rs	93	4327dd28d929f2c7b316f9241c44da6f6069d3db4381fb82700ec6d70d749041
SOURCE/PRODUCT/rust/vendor/libc-0.2.189/src/new/common/posix/mod.rs	449	f64b9d7f78e924529c62f2cd78199075eb334e0db9479cb59787f2740bd82d51
SOURCE/PRODUCT/rust/vendor/libc-0.2.189/src/new/common/posix/pthread.rs	10947	912f3d6bfc4b1e3ec90754d021ead243a5cdc96666b053bec5718edf5fbe6b92
SOURCE/PRODUCT/rust/vendor/libc-0.2.189/src/new/common/posix/unistd.rs	236	3f633a8c6776d1442f014717785fea3f068d1d3edbfad545d445f8076cb58447
SOURCE/PRODUCT/rust/vendor/libc-0.2.189/src/new/common/solarish.rs	95	ac208e1ad95d07b7528419fd9c573612d58af3d50766816b81667570ccb8b3b3
SOURCE/PRODUCT/rust/vendor/libc-0.2.189/src/new/cygwin/mod.rs	127	9de4cba157252e7731256d60192468f5a759ebd33ab2b509819ffc7557adced5
SOURCE/PRODUCT/rust/vendor/libc-0.2.189/src/new/cygwin/unistd.rs	128	bcbb65f70759cd84c81fc24ea36aac423edb8f9d7148f65b545ee63954411fd1
SOURCE/PRODUCT/rust/vendor/libc-0.2.189/src/new/dragonfly/mod.rs	178	7b96df7e566874a736d0c33ffc9e75a5f80e674da990cb664556728769ff25f9
SOURCE/PRODUCT/rust/vendor/libc-0.2.189/src/new/dragonfly/unistd.rs	128	bcbb65f70759cd84c81fc24ea36aac423edb8f9d7148f65b545ee63954411fd1
SOURCE/PRODUCT/rust/vendor/libc-0.2.189/src/new/emscripten/mod.rs	184	d0ec81b919d9d078bb7d66d9429c08b609e2b0fab512be30aa22cc00fa620660
SOURCE/PRODUCT/rust/vendor/libc-0.2.189/src/new/emscripten/pthread.rs	455	f14720341515da443cad49d61bf27a3d156b9fe7d7ccdf51651f1fdf4cb15c7f
SOURCE/PRODUCT/rust/vendor/libc-0.2.189/src/new/emscripten/sched.rs	1365	6f0a5b3cefb42bb01feabf34ad92d4bdbe5743263d4cd7b754baf921da81a127
SOURCE/PRODUCT/rust/vendor/libc-0.2.189/src/new/emscripten/unistd.rs	128	bcbb65f70759cd84c81fc24ea36aac423edb8f9d7148f65b545ee63954411fd1
SOURCE/PRODUCT/rust/vendor/libc-0.2.189/src/new/espidf/mod.rs	62	c89c7d3b96583d84888aae0c463dc49b5af61b34a97e9cde52fb9b62d301a023
SOURCE/PRODUCT/rust/vendor/libc-0.2.189/src/new/freebsd/mod.rs	299	d686733e28252ecb6e3100265c2f8c9d7b8ef1c0683504483f097882f195df12
SOURCE/PRODUCT/rust/vendor/libc-0.2.189/src/new/freebsd/net/dlt.rs	854	bf5e1dc8da836253b2a00e14e590d95611d73ac9136fe96af8ac42541905ff9d
SOURCE/PRODUCT/rust/vendor/libc-0.2.189/src/new/freebsd/net/mod.rs	108	68225681a4f1a024f91185088a430a4324dfed6a290ba26cca9c4dd93d0b32c9
SOURCE/PRODUCT/rust/vendor/libc-0.2.189/src/new/freebsd/netinet6/in6_var.rs	3421	858763ada9b7d549d0ad95478f40c380e46c2f9ca8af1a35ec86f3ca0545ee74
SOURCE/PRODUCT/rust/vendor/libc-0.2.189/src/new/freebsd/netinet6/mod.rs	122	f6fcf32012b48840525df6e684c83cdbcafe69b8148f540bbc9dfe9f36ce0356
SOURCE/PRODUCT/rust/vendor/libc-0.2.189/src/new/freebsd/sys/file.rs	1393	4dffceca36eaa53c3ace434e4fed1309009448c67ea6684a067a2cf362235e02
SOURCE/PRODUCT/rust/vendor/libc-0.2.189/src/new/freebsd/sys/ioccom.rs	1628	7b842ee1a6688a6d38ededc8aa69dd991b9d2e31d796fd0b8f9ce982ec8d1867
SOURCE/PRODUCT/rust/vendor/libc-0.2.189/src/new/freebsd/sys/mod.rs	156	3f2a2b60db73753dc32a06cf50914767eb567338ce21d8b18ddf53473688f9c5
SOURCE/PRODUCT/rust/vendor/libc-0.2.189/src/new/freebsd/sys/socket.rs	168	fc0b459bc6f0ae2c5d359b0bcb28d0d5f68ac492e4b7ba06654932e9b72fbe03
SOURCE/PRODUCT/rust/vendor/libc-0.2.189/src/new/freebsd/unistd.rs	128	bcbb65f70759cd84c81fc24ea36aac423edb8f9d7148f65b545ee63954411fd1
SOURCE/PRODUCT/rust/vendor/libc-0.2.189/src/new/fuchsia/mod.rs	85	c15b2da96c52281e86d4f114522999e6e713723f4950d62c2d544be641b28722
SOURCE/PRODUCT/rust/vendor/libc-0.2.189/src/new/fuchsia/unistd.rs	128	bcbb65f70759cd84c81fc24ea36aac423edb8f9d7148f65b545ee63954411fd1
SOURCE/PRODUCT/rust/vendor/libc-0.2.189/src/new/glibc/mod.rs	1110	fdec8f6272dbb2e084f6f4a87ebf30d479c0f66e7b0677796db8ae5b6c9df3e7
SOURCE/PRODUCT/rust/vendor/libc-0.2.189/src/new/glibc/posix/unistd.rs	197	b8528999ecab0a4883c0d89b1cb3c585a666255ab4a4bf5bfc705f7613edd8f4
SOURCE/PRODUCT/rust/vendor/libc-0.2.189/src/new/glibc/sysdeps/mips/mod.rs	108	4ee7bbd51acb0822e15b0b2e367aeb9c17b8514ec0e30c48f49664d6fda58030
SOURCE/PRODUCT/rust/vendor/libc-0.2.189/src/new/glibc/sysdeps/mips/nptl/bits/mod.rs	70	04b4ad0d30f3909c758eb5f20856289063d40af62a219e458dfe5b395ce46f7d
SOURCE/PRODUCT/rust/vendor/libc-0.2.189/src/new/glibc/sysdeps/mips/nptl/bits/struct_mutex.rs	672	dea882605b6d2bb7ece9f464350a5e08fe60b2269da1e743500862000fff0aa0
SOURCE/PRODUCT/rust/vendor/libc-0.2.189/src/new/glibc/sysdeps/nptl/bits/struct_mutex.rs	737	3eb21d2dca785c486c42cf27f1826d703b93dd68b162b60f27496b759244b55c
SOURCE/PRODUCT/rust/vendor/libc-0.2.189/src/new/glibc/sysdeps/nptl/mod.rs	839	80241727cf97fd683fd142516c8785ff65d5610af46c4d328f7b189968822055
SOURCE/PRODUCT/rust/vendor/libc-0.2.189/src/new/glibc/sysdeps/nptl/pthread.rs	2476	2a70703f299597f77969f3c221a8588036f668415fe3c8d7b4cadbb0613b9b84
SOURCE/PRODUCT/rust/vendor/libc-0.2.189/src/new/glibc/sysdeps/powerpc/mod.rs	111	a4ace6198d60e936cf9f9c6c91142de0504deea7e75d956fd87d8616ee9d8ca5
SOURCE/PRODUCT/rust/vendor/libc-0.2.189/src/new/glibc/sysdeps/powerpc/nptl/bits/mod.rs	73	22902d28b252dc2bc895039f35f73b9bd0820901f279c52ea68886dfa3e01bb4
SOURCE/PRODUCT/rust/vendor/libc-0.2.189/src/new/glibc/sysdeps/powerpc/nptl/bits/struct_mutex.rs	682	cabb41afb4bd7a8530381f333cdf5ac10b1e5efa3d8a0b0e5eabb4992fa2dd59
SOURCE/PRODUCT/rust/vendor/libc-0.2.189/src/new/glibc/sysdeps/s390/mod.rs	108	14b77d79c4d6a9c6317de05fcd7abde4ce96d3205d51f122155d97469a3ee3d6
SOURCE/PRODUCT/rust/vendor/libc-0.2.189/src/new/glibc/sysdeps/s390/nptl/bits/mod.rs	70	9917ffcb24f1b3176ef8893b63d62db6e0a1739d127791d57ab747f632d96575
SOURCE/PRODUCT/rust/vendor/libc-0.2.189/src/new/glibc/sysdeps/s390/nptl/bits/struct_mutex.rs	679	d03e09f593df8db6e3c4ea38a0500adef7a55835f8eec094e16d38a65bd65af9
SOURCE/PRODUCT/rust/vendor/libc-0.2.189/src/new/glibc/sysdeps/unix/linux/mod.rs	281	9a7c4d5c62c37166b35d2daa69a3dc8f5b4548ef49955463ae41393e260a4cb5
SOURCE/PRODUCT/rust/vendor/libc-0.2.189/src/new/glibc/sysdeps/unix/linux/net/route.rs	903	d8ec70bbaa919692430fdd608b70db11dbfe86b202760727dfd474a4b25b35c2
SOURCE/PRODUCT/rust/vendor/libc-0.2.189/src/new/glibc/sysdeps/unix/mod.rs	156	aa6d2fb4c32f5e1139cae14bcf7cee5935657aeff97df9c064ae9acd67620d04
SOURCE/PRODUCT/rust/vendor/libc-0.2.189/src/new/glibc/sysdeps/x86/mod.rs	107	3b10a1317ab9a91b525b14072c7a18bd19d03dbfbd7d9c21a67e88677485815d
SOURCE/PRODUCT/rust/vendor/libc-0.2.189/src/new/glibc/sysdeps/x86/nptl/bits/mod.rs	69	ffe722e02d262533f5f1ecdfa972492465ddc8585dd1c586c8ec00c68e59c50e
SOURCE/PRODUCT/rust/vendor/libc-0.2.189/src/new/glibc/sysdeps/x86/nptl/bits/struct_mutex.rs	678	ed725f7e076ebe1ef7ce856d819434f918911f99a9f1541cd1da3d6f8075770c
SOURCE/PRODUCT/rust/vendor/libc-0.2.189/src/new/haiku/mod.rs	84	b3863768692c6da24fc28fdcf0c29a9dd9e3a84f301d4bee6ccc4f802befc4f8
SOURCE/PRODUCT/rust/vendor/libc-0.2.189/src/new/haiku/unistd.rs	128	bcbb65f70759cd84c81fc24ea36aac423edb8f9d7148f65b545ee63954411fd1
SOURCE/PRODUCT/rust/vendor/libc-0.2.189/src/new/hermit_abi/mod.rs	105	25e5d698f292b95057f18dfe203fa96316326e0ca103da532190bb17c29cfdcf
SOURCE/PRODUCT/rust/vendor/libc-0.2.189/src/new/horizon/mod.rs	72	44b47e15d429026d369adfc16a4e9783cdda1be3d0a04f17c283da06573df886
SOURCE/PRODUCT/rust/vendor/libc-0.2.189/src/new/hurd/mod.rs	59	190a149192c237634df3e49c4834d05299aee91a3d399f356d97c36d35571a59
SOURCE/PRODUCT/rust/vendor/libc-0.2.189/src/new/illumos/mod.rs	85	eb5dd158844f63375a6fbb881d63279b12865342d1bb0da221216b7aa9c474b5
SOURCE/PRODUCT/rust/vendor/libc-0.2.189/src/new/illumos/unistd.rs	128	bcbb65f70759cd84c81fc24ea36aac423edb8f9d7148f65b545ee63954411fd1
SOURCE/PRODUCT/rust/vendor/libc-0.2.189/src/new/l4re/mod.rs	123	5fe9a1660accdaa5df8c1837b04001cea818620eca4d46d3a9cde81682cc59cb
SOURCE/PRODUCT/rust/vendor/libc-0.2.189/src/new/l4re/packet.rs	803	7f3ddbd9121e2029cdebede7890cf812e16da43bd7f9a0fb3b6cf224fdd318ce
SOURCE/PRODUCT/rust/vendor/libc-0.2.189/src/new/linux_uapi/linux/can.rs	3448	b30565ca3a98f76f98a6410fdd0649336270aa1ae4c677d1ce0d67a9be8803ee
SOURCE/PRODUCT/rust/vendor/libc-0.2.189/src/new/linux_uapi/linux/can/bcm.rs	1222	1718a1c3aae686d18ec83dff1560439d61de244bfaf332256cc2b42b85fe5249
SOURCE/PRODUCT/rust/vendor/libc-0.2.189/src/new/linux_uapi/linux/can/error.rs	3040	5c5ef6d7c2b9432ebbf6147f96cd260e10686f449f879e64db4757670a6ec638
SOURCE/PRODUCT/rust/vendor/libc-0.2.189/src/new/linux_uapi/linux/can/j1939.rs	1950	8976b51496d3f4aeb8eeec68558cb0298ad1fa4a879a9b4fda56ce2572f61d18
SOURCE/PRODUCT/rust/vendor/libc-0.2.189/src/new/linux_uapi/linux/can/netlink.rs	3097	2d90a0cb5dc9a15365c99c5101db1698f2da2df66704cfefdafd06252bcabe3e
SOURCE/PRODUCT/rust/vendor/libc-0.2.189/src/new/linux_uapi/linux/can/raw.rs	642	669f39f228820f8c76db846322dd4aa7599fcdf90a2f2f17d841294924bc094c
SOURCE/PRODUCT/rust/vendor/libc-0.2.189/src/new/linux_uapi/linux/futex.rs	2243	5168f5be61449a3a6d81bc52bbc28f1c006c3c1ee2ae4005800d89d6ff2e1296
SOURCE/PRODUCT/rust/vendor/libc-0.2.189/src/new/linux_uapi/linux/if_addr.rs	1101	997e2be333fced6a65698ed07cd0c894c38ccf82ee15e85f46aba3b1956a3e49
SOURCE/PRODUCT/rust/vendor/libc-0.2.189/src/new/linux_uapi/linux/if_link.rs	2153	11d7773f787f6eab32e66795d315cc96f72c7fc38bc6a32bcfab3d8465d90ed2
SOURCE/PRODUCT/rust/vendor/libc-0.2.189/src/new/linux_uapi/linux/if_packet.rs	7105	27b1f41f897c0ab33809dbcdc53b55e29cf3ba0c542da855f8c871f1c4527b44
SOURCE/PRODUCT/rust/vendor/libc-0.2.189/src/new/linux_uapi/linux/keyctl.rs	2771	c25ee20a54a14d56de2c886c32f718b7a403b18152cc81bd7726f974cdf5b3a3
SOURCE/PRODUCT/rust/vendor/libc-0.2.189/src/new/linux_uapi/linux/membarrier.rs	807	5d6b55b1f7410aeb24ce6bcdbac0d33144b14dc048641ebccb5adc697ea7de2f
SOURCE/PRODUCT/rust/vendor/libc-0.2.189/src/new/linux_uapi/linux/mod.rs	397	1ac1404725b699c36f4981f39f0b33f71659fd1d41d2a98527fcff668c72f854
SOURCE/PRODUCT/rust/vendor/libc-0.2.189/src/new/linux_uapi/linux/mount.rs	2230	be5bdf14fcab637b86feab3888d4faf4cfbb0b48078af1f5c64a4cc0192bb112
SOURCE/PRODUCT/rust/vendor/libc-0.2.189/src/new/linux_uapi/linux/netlink.rs	3624	f662fc63c460e4927874c8143fcc826f9f97da6a878c86db3653b7004a3285fd
SOURCE/PRODUCT/rust/vendor/libc-0.2.189/src/new/linux_uapi/linux/pidfd.rs	2083	6500c63d1ccaf4b7e14a36f225fd309bce9de80a50b81bca14bc6bded6ebd04e
SOURCE/PRODUCT/rust/vendor/libc-0.2.189/src/new/linux_uapi/linux/sctp.rs	5466	065a53c3d4b6ece8976424eefeb1e1d1a6f0ac842999c58b905631dffdd2a6cc
SOURCE/PRODUCT/rust/vendor/libc-0.2.189/src/new/linux_uapi/linux/tls.rs	6864	de59d2e2dd5b9939594874fad5453603ce4d59587d1affad6931616c9e9884bc
SOURCE/PRODUCT/rust/vendor/libc-0.2.189/src/new/linux_uapi/linux/types.rs	384	834f7e361d08bf1dec5c4761011b8df780e14feb69b6e2a6717fc0d3c6a6a12e
SOURCE/PRODUCT/rust/vendor/libc-0.2.189/src/new/linux_uapi/mod.rs	91	76cc081d46d008fe05fbb3d7f007fb62374d4efd9464916bbeb9b20c288c6416
SOURCE/PRODUCT/rust/vendor/libc-0.2.189/src/new/mod.rs	7948	7b2d0abc1797d27b8d5d18eba44e722e032cef54e1c9a0110db40422784bd3e5
SOURCE/PRODUCT/rust/vendor/libc-0.2.189/src/new/musl/arch/generic/mod.rs	151	106383ed35cb7526bbbb0e16ce3521ddb2a9e61fb533687922fc9b43cd654af7
SOURCE/PRODUCT/rust/vendor/libc-0.2.189/src/new/musl/arch/mips/bits/socket.rs	91	eb4dff2ab581eb893e0e6547ae7a7d86453caa069b61272a818256280a23ca71
SOURCE/PRODUCT/rust/vendor/libc-0.2.189/src/new/musl/arch/mips/mod.rs	148	cc6c0a24ef77b7c404887fb5b7a7fd15c2a79e2a3396531ea0058636cacb3018
SOURCE/PRODUCT/rust/vendor/libc-0.2.189/src/new/musl/arch/mips64/bits/socket.rs	91	eb4dff2ab581eb893e0e6547ae7a7d86453caa069b61272a818256280a23ca71
SOURCE/PRODUCT/rust/vendor/libc-0.2.189/src/new/musl/arch/mips64/mod.rs	152	40242447a56ed21249f0417f87a7ccd074a366f19eb1353d94e904f370e0f20f
SOURCE/PRODUCT/rust/vendor/libc-0.2.189/src/new/musl/arch/mod.rs	216	31a73fedfd8606e04352425fb4917181f2d7376f445cb61a5460bd682ce29ed4
SOURCE/PRODUCT/rust/vendor/libc-0.2.189/src/new/musl/mod.rs	943	6b2e092bdc907d2d236a5f6ad977d931e13e99425a3738a62769220697cc13de
SOURCE/PRODUCT/rust/vendor/libc-0.2.189/src/new/musl/pthread.rs	1750	e76e8f71cba55b45e4aa954970f939142595b828fd7e83586fc9145299a3b1cb
SOURCE/PRODUCT/rust/vendor/libc-0.2.189/src/new/musl/sched.rs	1365	6f0a5b3cefb42bb01feabf34ad92d4bdbe5743263d4cd7b754baf921da81a127
SOURCE/PRODUCT/rust/vendor/libc-0.2.189/src/new/musl/sys/socket.rs	1873	ed9de77a5937115aada325ce3d68b31e24e7ac21691dc2cb52c4e4695aa1e1dd
SOURCE/PRODUCT/rust/vendor/libc-0.2.189/src/new/musl/unistd.rs	128	bcbb65f70759cd84c81fc24ea36aac423edb8f9d7148f65b545ee63954411fd1
SOURCE/PRODUCT/rust/vendor/libc-0.2.189/src/new/netbsd/mod.rs	340	d7bddddf98b09188a6fe541feaaaecdee85eb55fee2aa3cf670f7e6afa4ac342
SOURCE/PRODUCT/rust/vendor/libc-0.2.189/src/new/netbsd/net/if_.rs	3245	5083d0f9d84de47c8b6fae60c9bb74d7c0586a80ccb8d625e5e2b4876e7f9444
SOURCE/PRODUCT/rust/vendor/libc-0.2.189/src/new/netbsd/sys/file.rs	461	a30095d85a4f8af49494f9b38114415f5c30e1d96a8c882eb7efd83a1cb6816a
SOURCE/PRODUCT/rust/vendor/libc-0.2.189/src/new/netbsd/sys/ipc.rs	372	91af85c26b3dca2a0661c820871d176baf29c00d53540f4807b9b28f9f3dfae4
SOURCE/PRODUCT/rust/vendor/libc-0.2.189/src/new/netbsd/sys/mod.rs	233	2dfbbf18e7585b64acfeb2f39d0495b50c142caec680db64bb4655e182347262
SOURCE/PRODUCT/rust/vendor/libc-0.2.189/src/new/netbsd/sys/socket.rs	1123	a926087991d4cd7ebe31a3f626b5a196047c20955e9e3c99f5abe50b899b1ef3
SOURCE/PRODUCT/rust/vendor/libc-0.2.189/src/new/netbsd/sys/statvfs.rs	1253	875c73a2c18ef78c7363b2196282579b88beca2d42ed24bda4fe8e7800db9bd4
SOURCE/PRODUCT/rust/vendor/libc-0.2.189/src/new/netbsd/sys/time.rs	439	7d420d5384e13ca361aaf9a7fc9faafe29a55b216988c8252a891d2232407a0c
SOURCE/PRODUCT/rust/vendor/libc-0.2.189/src/new/netbsd/sys/timex.rs	2658	1b476328c16ce06e316485bd9dc751f31e51f63d0c07e438bf3227e66da07768
SOURCE/PRODUCT/rust/vendor/libc-0.2.189/src/new/netbsd/sys/types.rs	302	a0ec3ac038f0026c285ebfd869a8ae062117b1ff29855cbcf570f7f55860c854
SOURCE/PRODUCT/rust/vendor/libc-0.2.189/src/new/netbsd/unistd.rs	128	bcbb65f70759cd84c81fc24ea36aac423edb8f9d7148f65b545ee63954411fd1
SOURCE/PRODUCT/rust/vendor/libc-0.2.189/src/new/netbsd/utmp_.rs	782	cbd35108f4ad7fd3c4fc65b888ba7813a29e3ed4af7920604df8085345f81973
SOURCE/PRODUCT/rust/vendor/libc-0.2.189/src/new/netbsd/utmpx_.rs	2915	27171f826d6d2bf962a1d973a3427477ae960ad5dccc947c481d45f17ae645f0
SOURCE/PRODUCT/rust/vendor/libc-0.2.189/src/new/newlib/mod.rs	83	046372b698393e20436c85b28dac6f02b5cc7d599d134637bbdaa89f2530d1a6
SOURCE/PRODUCT/rust/vendor/libc-0.2.189/src/new/newlib/unistd.rs	6579	15e74fb2c22e2343faa06a7a61baca198d7867cd70f8a4ead6cdc1f4fae24905
SOURCE/PRODUCT/rust/vendor/libc-0.2.189/src/new/nto/mod.rs	159	2e80a71385d3344a5f0b95b8d509148b52ea1a253d87e8f27345956d119f7e58
SOURCE/PRODUCT/rust/vendor/libc-0.2.189/src/new/nto/net/bpf.rs	1998	3634f8f5f31f9ad86bf9fe6b4438782806bffc75700c6045673e5512b4cb14bc
SOURCE/PRODUCT/rust/vendor/libc-0.2.189/src/new/nto/net/if_.rs	872	cdea96569bb155c7372da481dbf00630aadfadb68ef07bfe94d258a6c600b82b
SOURCE/PRODUCT/rust/vendor/libc-0.2.189/src/new/nto/unistd.rs	128	bcbb65f70759cd84c81fc24ea36aac423edb8f9d7148f65b545ee63954411fd1
SOURCE/PRODUCT/rust/vendor/libc-0.2.189/src/new/nuttx/mod.rs	81	7dbbf039987cb5ca17d2a1a562dc967de1c31b970568f728339cd5b9c8e05e25
SOURCE/PRODUCT/rust/vendor/libc-0.2.189/src/new/nuttx/unistd.rs	128	bcbb65f70759cd84c81fc24ea36aac423edb8f9d7148f65b545ee63954411fd1
SOURCE/PRODUCT/rust/vendor/libc-0.2.189/src/new/openbsd/mod.rs	161	7d86ff099ddfdc8c383f49a1f6fa9c1169810cbe0c1c57d0e86dc14cb1d87320
SOURCE/PRODUCT/rust/vendor/libc-0.2.189/src/new/openbsd/sys/ipc.rs	372	dd37c821138dbf723d637319ad0849e9ed0b2fce1d498e7e38627a8b0a8bf142
SOURCE/PRODUCT/rust/vendor/libc-0.2.189/src/new/openbsd/sys/mod.rs	101	a8fd8f1cb50bffb34db04d1040048e7c23043fea834c1915453b5d539034a845
SOURCE/PRODUCT/rust/vendor/libc-0.2.189/src/new/openbsd/unistd.rs	128	bcbb65f70759cd84c81fc24ea36aac423edb8f9d7148f65b545ee63954411fd1
SOURCE/PRODUCT/rust/vendor/libc-0.2.189/src/new/qurt/dlfcn.rs	802	8bfec94f78786e2eee9d4306efbf9ad977cf2b3f0d930f8cc65186e922371a9a
SOURCE/PRODUCT/rust/vendor/libc-0.2.189/src/new/qurt/errno.rs	4637	2456f7f7557e4716f8b65b1ef67281f795c70ad1d5515d6b001d26c07b943af3
SOURCE/PRODUCT/rust/vendor/libc-0.2.189/src/new/qurt/fcntl.rs	1339	0784ab7c55521df2ae80d37749fd22587bf5fe27568758e7d1b7e121a26db457
SOURCE/PRODUCT/rust/vendor/libc-0.2.189/src/new/qurt/limits.rs	1474	91c8b32b54cddbef81c9d1225f0c15d27b8d697e04225a808f28737960390727
SOURCE/PRODUCT/rust/vendor/libc-0.2.189/src/new/qurt/mod.rs	9905	8047001f3aa1704683ea57343015248b1ba1c860a671763fb7087da1c497fd36
SOURCE/PRODUCT/rust/vendor/libc-0.2.189/src/new/qurt/mqueue.rs	1973	f7d9175c4170f9c7fac147aacece30a08319c1a01ceac242819dacc31b1abb28
SOURCE/PRODUCT/rust/vendor/libc-0.2.189/src/new/qurt/pthread.rs	11613	8d6ad30ecf52a10062e0ffc891719643dbe1282d779934180a1e858f8c1b1e5b
SOURCE/PRODUCT/rust/vendor/libc-0.2.189/src/new/qurt/semaphore.rs	421	eb995a92cdead52ee61c3f498c7e408430b8430cd6cb6be74b47e6728c6773ae
SOURCE/PRODUCT/rust/vendor/libc-0.2.189/src/new/qurt/signal.rs	3644	82ec220c868d6bff14556abdb8e12fdb9498f991d5b525d5cd13151f57b5f309
SOURCE/PRODUCT/rust/vendor/libc-0.2.189/src/new/qurt/stdio.rs	3027	280e1faa29c7e2749469a9f9c4b0fa4ba8e0cee42a6e53d9376be6b8e3b8c2ff
SOURCE/PRODUCT/rust/vendor/libc-0.2.189/src/new/qurt/stdlib.rs	2345	7d2aad4837a4be08083be8153ecf3e95d8c70469598fbad25793c4cfed1939d8
SOURCE/PRODUCT/rust/vendor/libc-0.2.189/src/new/qurt/sys/mman.rs	1696	c0b862bf262564507796b1cdda967c601d265e6a1f1abfe1a5b6d45aa0742df6
SOURCE/PRODUCT/rust/vendor/libc-0.2.189/src/new/qurt/sys/mod.rs	116	e8585c4d447d02d1f4b72183e3d8b8c0d57301ca7099534ce2086a7a3d384b7d
SOURCE/PRODUCT/rust/vendor/libc-0.2.189/src/new/qurt/sys/sched.rs	796	5ae31ad3bf9199e570b9aa0f164eb337a322498aa8d7fb88e9cd73bc19ded597
SOURCE/PRODUCT/rust/vendor/libc-0.2.189/src/new/qurt/sys/stat.rs	1130	bbd98cd523dfc7e34c163bc2d397be8ed08401fe24d85d617b581d31e5bdb708
SOURCE/PRODUCT/rust/vendor/libc-0.2.189/src/new/qurt/sys/types.rs	244	c23c7f02eaa198f04991f0dede9e55279effd49ec4a341fb13064f68c19f24ca
SOURCE/PRODUCT/rust/vendor/libc-0.2.189/src/new/qurt/time.rs	1773	2745f5ad92955c192023cb57922c7d028d29a5a36a4cd531f9c2ad2a6f3fabc2
SOURCE/PRODUCT/rust/vendor/libc-0.2.189/src/new/qurt/unistd.rs	9941	377331ec77889334611103320c54838592dc1b92f38b52bdf5b324b67657af81
SOURCE/PRODUCT/rust/vendor/libc-0.2.189/src/new/redox/mod.rs	81	aaeaa40c0bffde42973cd1809c1c845075f92fac95a074fe3d01d4fb02dc0992
SOURCE/PRODUCT/rust/vendor/libc-0.2.189/src/new/relibc/mod.rs	108	5c6955e052d8b7ead97179e356c369ffcc435e09fcca4def3e100568845e7296
SOURCE/PRODUCT/rust/vendor/libc-0.2.189/src/new/relibc/unistd.rs	128	bcbb65f70759cd84c81fc24ea36aac423edb8f9d7148f65b545ee63954411fd1
SOURCE/PRODUCT/rust/vendor/libc-0.2.189/src/new/rtems/mod.rs	57	8ad621434ced0a9d1c0ed5d68514f59b0c8bd4c77fdad81eb09e671e7a42cf1d
SOURCE/PRODUCT/rust/vendor/libc-0.2.189/src/new/sgx/mod.rs	18	c500dc72eff5cbf99c9d7e0e3f1faa3c680bfd7f6ac0166fa1a35fd0d7e69f41
SOURCE/PRODUCT/rust/vendor/libc-0.2.189/src/new/sgx/unistd.rs	128	bcbb65f70759cd84c81fc24ea36aac423edb8f9d7148f65b545ee63954411fd1
SOURCE/PRODUCT/rust/vendor/libc-0.2.189/src/new/solaris/mod.rs	134	ce8a152ebacb9e8e0d87829d166e3ead64222ead397371bd557e18eefdcafe3d
SOURCE/PRODUCT/rust/vendor/libc-0.2.189/src/new/solaris/unistd.rs	128	bcbb65f70759cd84c81fc24ea36aac423edb8f9d7148f65b545ee63954411fd1
SOURCE/PRODUCT/rust/vendor/libc-0.2.189/src/new/solid/mod.rs	72	dc5c3c8a627972865ef0a968125e74b2f87636dc89dd2df0f7cea9a40d7c6beb
SOURCE/PRODUCT/rust/vendor/libc-0.2.189/src/new/teeos/mod.rs	103	1d69f212e2a848a32292eef9ad16a44a8d5cf80c7d43db5f445dbd1a49400e3b
SOURCE/PRODUCT/rust/vendor/libc-0.2.189/src/new/trusty/mod.rs	59	3f009fef70cbe062126c82f1f9274cba60b12d3766b825d66326666a1f240fc2
SOURCE/PRODUCT/rust/vendor/libc-0.2.189/src/new/uclibc/mod.rs	156	c3f988f3eb289ba6bc3b2535b82163a7ff160288b7494c156f0fba62143cf2d5
SOURCE/PRODUCT/rust/vendor/libc-0.2.189/src/new/uclibc/pthread.rs	1875	ab235319003806c5f20aef5f851af472480e88ff13d2a5f730870efb95e7982e
SOURCE/PRODUCT/rust/vendor/libc-0.2.189/src/new/uclibc/unistd.rs	128	bcbb65f70759cd84c81fc24ea36aac423edb8f9d7148f65b545ee63954411fd1
SOURCE/PRODUCT/rust/vendor/libc-0.2.189/src/new/ucrt/mod.rs	285	4fd3a973de4c4c6349e76320e09b13701ac284e7ae03c671054b1eeebb86215d
SOURCE/PRODUCT/rust/vendor/libc-0.2.189/src/new/vita/mod.rs	80	196d6ca5c9b1ccc602a6270c3cf0b0bdbd39246066d1a8385df03ba45b31d368
SOURCE/PRODUCT/rust/vendor/libc-0.2.189/src/new/vxworks/mod.rs	241	cf19388e70e80a6712bd770cd650bb4e6b5e95504b3d1d026b37a6bb0ed31e07
SOURCE/PRODUCT/rust/vendor/libc-0.2.189/src/new/vxworks/unistd.rs	128	bcbb65f70759cd84c81fc24ea36aac423edb8f9d7148f65b545ee63954411fd1
SOURCE/PRODUCT/rust/vendor/libc-0.2.189/src/new/wasi/mod.rs	77	2a74140697bc528193214aad11edc632923bd0cf8350d24f6d600f849dd19e19
SOURCE/PRODUCT/rust/vendor/libc-0.2.189/src/new/xous/mod.rs	55	69016c5c153d9a14003b15558cab96b4691a927586c20ca493fc8d3bb65594eb
SOURCE/PRODUCT/rust/vendor/libc-0.2.189/src/primitives.rs	2020	af323402fee13278461bcaec6a06a15dfca24a02d48b0570c88e2746288d7078
SOURCE/PRODUCT/rust/vendor/libc-0.2.189/src/psp.rs	125404	5c4d5fa3a24dad41aba8e05e5592fbc0bc5a5171785d75dab8f5df4f3727d40a
SOURCE/PRODUCT/rust/vendor/libc-0.2.189/src/qurt/mod.rs	675	5af8edfb34f5431586b7ae00b341daa4312737c1e39c16348b1fff1d1cb8c642
SOURCE/PRODUCT/rust/vendor/libc-0.2.189/src/sgx.rs	318	964d6af358f5c85f948275090e5a7854e0169c43b5c338070b6a4cd156ebc9e6
SOURCE/PRODUCT/rust/vendor/libc-0.2.189/src/solid/aarch64.rs	24	4d4236500f98858fc249f3b6858af5009851c8c582031926b8195b2646f7da5e
SOURCE/PRODUCT/rust/vendor/libc-0.2.189/src/solid/arm.rs	24	4d4236500f98858fc249f3b6858af5009851c8c582031926b8195b2646f7da5e
SOURCE/PRODUCT/rust/vendor/libc-0.2.189/src/solid/mod.rs	32237	600ae7749abc6d75d6c6922138505440e73a6959e6dd9a2dee0599fcc8a6b8f2
SOURCE/PRODUCT/rust/vendor/libc-0.2.189/src/switch.rs	367	5db5be2d9c235c00f74b25cceabdf2ce5ec9e1936f991815513e4edf5dec0d56
SOURCE/PRODUCT/rust/vendor/libc-0.2.189/src/teeos/mod.rs	30017	5811b33c2a80d152a16462a6620e66b1b5093f7be2fc70de63afda5a196e02a1
SOURCE/PRODUCT/rust/vendor/libc-0.2.189/src/trusty.rs	2023	cc90bf6b35a515021a3155aa3cc5fcab33457b8fbb2ac7259f0b694d33625fd8
SOURCE/PRODUCT/rust/vendor/libc-0.2.189/src/types.rs	4577	f5d55bd81c50b83575435562c65abf49cedbfe7635d4ba443e33a6d2f24a2294
SOURCE/PRODUCT/rust/vendor/libc-0.2.189/src/unix/aix/mod.rs	117542	f8b8e22bc7d82f2b3c7d3a920a4df6d3de95523af9097c02010687f618d9aed9
SOURCE/PRODUCT/rust/vendor/libc-0.2.189/src/unix/aix/powerpc64.rs	11547	814b5f3ccef00968c907f2ea126ad8598fc13fe11d186541342ed39d50ff7fa9
SOURCE/PRODUCT/rust/vendor/libc-0.2.189/src/unix/bsd/apple/b32/mod.rs	1837	c57d89459e22c7644df826ad694bcfe77e28d4fbfcd8d5fcd51645ec764df901
SOURCE/PRODUCT/rust/vendor/libc-0.2.189/src/unix/bsd/apple/b64/aarch64/mod.rs	270	bf2e39a80c8d768c2969197b80fafa50608ac0186b4f4aea53e7fa8bf40d2214
SOURCE/PRODUCT/rust/vendor/libc-0.2.189/src/unix/bsd/apple/b64/mod.rs	1942	c0a38b3174c3a8513e4e27faf75b5e506c6495b98d16ae36cc841b847d7aa404
SOURCE/PRODUCT/rust/vendor/libc-0.2.189/src/unix/bsd/apple/b64/x86_64/mod.rs	2683	ff16a360cb478a4c2e912b9779a806d0e3439e4c5110e0325c82af5ee8429591
SOURCE/PRODUCT/rust/vendor/libc-0.2.189/src/unix/bsd/apple/mod.rs	184777	30b07c6607e27c676ef00fcd0b8d23001fe6222360a5406f26db06111dd047de
SOURCE/PRODUCT/rust/vendor/libc-0.2.189/src/unix/bsd/freebsdlike/dragonfly/mod.rs	47442	ffbd3b6aecfb9154f109e015deb30af91e3470f5502ef6b44691095591cf6ecd
SOURCE/PRODUCT/rust/vendor/libc-0.2.189/src/unix/bsd/freebsdlike/freebsd/aarch64.rs	1044	f13a68b825a58596b5d3339378b0812b778481a291aeacb41de74cb65ad66d3f
SOURCE/PRODUCT/rust/vendor/libc-0.2.189/src/unix/bsd/freebsdlike/freebsd/arm.rs	709	d627ed0bf17932ec0e3226944a4f9714805b27a953778b309d914545cf21b82a
SOURCE/PRODUCT/rust/vendor/libc-0.2.189/src/unix/bsd/freebsdlike/freebsd/freebsd11/b32.rs	856	316e70938d2b050fd67e5aaf0bcdd0a70d55f195b26ce4ad6055cdf05cea2e61
SOURCE/PRODUCT/rust/vendor/libc-0.2.189/src/unix/bsd/freebsdlike/freebsd/freebsd11/b64.rs	820	811c3f1aeb70dfd051abc9d3357e8eca9564c08b85d3ea6f81caacfa559e3060
SOURCE/PRODUCT/rust/vendor/libc-0.2.189/src/unix/bsd/freebsdlike/freebsd/freebsd11/mod.rs	11259	76d8b8fa17ebac22cc0423eec6502c51910a03f4e7330d29d88d8908ac30b1a4
SOURCE/PRODUCT/rust/vendor/libc-0.2.189/src/unix/bsd/freebsdlike/freebsd/freebsd12/mod.rs	11933	9f2acdbe2569d1b8890b86019d09d356c43500415a90b2335dd59c8432f557ff
SOURCE/PRODUCT/rust/vendor/libc-0.2.189/src/unix/bsd/freebsdlike/freebsd/freebsd12/x86_64.rs	325	cccd7a563ad4e91518fad7c1d1c7630a5348e5d2dd935e36a40f60f254828c9c
SOURCE/PRODUCT/rust/vendor/libc-0.2.189/src/unix/bsd/freebsdlike/freebsd/freebsd13/mod.rs	13253	0ecd3d7abf2c2eeecc343fa7b2f3ae2872535a0ec69a61544f2cf133bcd27897
SOURCE/PRODUCT/rust/vendor/libc-0.2.189/src/unix/bsd/freebsdlike/freebsd/freebsd13/x86_64.rs	325	cccd7a563ad4e91518fad7c1d1c7630a5348e5d2dd935e36a40f60f254828c9c
SOURCE/PRODUCT/rust/vendor/libc-0.2.189/src/unix/bsd/freebsdlike/freebsd/freebsd14/mod.rs	13265	b0df06bd48f06eee77446e689c942fa2b33dc73f9653d5e4d49f58479cdcacff
SOURCE/PRODUCT/rust/vendor/libc-0.2.189/src/unix/bsd/freebsdlike/freebsd/freebsd14/x86_64.rs	700	838dee28bffe6f5d6bf0004d823cd8d17e642acb1d30c27a99f96faa32f0cdb8
SOURCE/PRODUCT/rust/vendor/libc-0.2.189/src/unix/bsd/freebsdlike/freebsd/freebsd15/mod.rs	13347	d85e17e4c18f3cccf4ac563eba35ad5b77a3621244bdd208d78b10c29c9b5f68
SOURCE/PRODUCT/rust/vendor/libc-0.2.189/src/unix/bsd/freebsdlike/freebsd/freebsd15/x86_64.rs	700	838dee28bffe6f5d6bf0004d823cd8d17e642acb1d30c27a99f96faa32f0cdb8
SOURCE/PRODUCT/rust/vendor/libc-0.2.189/src/unix/bsd/freebsdlike/freebsd/mod.rs	177333	f1862cec4db3f2c72906c50b9ebeb2fc24007ab6feb8d457852949da6c5015df
SOURCE/PRODUCT/rust/vendor/libc-0.2.189/src/unix/bsd/freebsdlike/freebsd/powerpc.rs	802	af7a43826e3ca9e5e7c3d7c1b50defa482074fd9909de3ee2e52cd0109c1a950
SOURCE/PRODUCT/rust/vendor/libc-0.2.189/src/unix/bsd/freebsdlike/freebsd/powerpc64.rs	804	f7be922bddd7a4b7da863d6aba057aab2d27f500c7101596bbaaccf075133451
SOURCE/PRODUCT/rust/vendor/libc-0.2.189/src/unix/bsd/freebsdlike/freebsd/riscv64.rs	1185	69242a001ab21b6e06b7442c37a89dbc5a67660c7c3cade1d46b65adf32a5669
SOURCE/PRODUCT/rust/vendor/libc-0.2.189/src/unix/bsd/freebsdlike/freebsd/x86.rs	1507	5165242f0c82040898dbf711294ba45c5ab2635d39d0bbf9cc899b816415e2a4
SOURCE/PRODUCT/rust/vendor/libc-0.2.189/src/unix/bsd/freebsdlike/freebsd/x86_64/mod.rs	5059	84044f397dbf13a1c517885c7b234efa2900d116324a4cca626d2f8df398d655
SOURCE/PRODUCT/rust/vendor/libc-0.2.189/src/unix/bsd/freebsdlike/mod.rs	64885	514068e20eb263560abaf4bc0f629e4f619d4648e0d25fa765041edb399ed4ec
SOURCE/PRODUCT/rust/vendor/libc-0.2.189/src/unix/bsd/mod.rs	28005	f3c1d43560fc184895036a88f65f489b1ed3d31bc38ce30f2bfdc033b9d102cd
SOURCE/PRODUCT/rust/vendor/libc-0.2.189/src/unix/bsd/netbsdlike/mod.rs	30494	e935dd0c5fd490e9328b2ac8afcdbe967340692594a7116cc8854fbe5045fae4
SOURCE/PRODUCT/rust/vendor/libc-0.2.189/src/unix/bsd/netbsdlike/netbsd/aarch64.rs	3868	ba2425edbf025f13ab3c3534d1671d310392df3a7d237539817d9cfa675971c8
SOURCE/PRODUCT/rust/vendor/libc-0.2.189/src/unix/bsd/netbsdlike/netbsd/arm.rs	2169	8dd57613695dec1b2104ec35839f0b9b6d234c6cc80365e9fef9ca977c1865a0
SOURCE/PRODUCT/rust/vendor/libc-0.2.189/src/unix/bsd/netbsdlike/netbsd/mips.rs	355	20cdd8d1427c986ecc3fcf7960d337917a13cfd8386dd2d54f8693a23d60892f
SOURCE/PRODUCT/rust/vendor/libc-0.2.189/src/unix/bsd/netbsdlike/netbsd/mod.rs	78895	31a6505b5a16b6cbe5b6463359f76a4ad8f896b3beb75a84b71dce2b8188dafa
SOURCE/PRODUCT/rust/vendor/libc-0.2.189/src/unix/bsd/netbsdlike/netbsd/powerpc.rs	298	c19c4edbc73b5a97b51e3e2ad39b9fee02ad15e80c70ceb3a1abfe977e5c0ead
SOURCE/PRODUCT/rust/vendor/libc-0.2.189/src/unix/bsd/netbsdlike/netbsd/riscv64.rs	2792	f446c996f00e4d15fd25461a30c767c05d083df9e047b0da497ce7c545acfa96
SOURCE/PRODUCT/rust/vendor/libc-0.2.189/src/unix/bsd/netbsdlike/netbsd/sparc64.rs	174	d50816e830225779ac9e9a55a7e3e097882153d72987061d76a96ee736c8af9c
SOURCE/PRODUCT/rust/vendor/libc-0.2.189/src/unix/bsd/netbsdlike/netbsd/x86.rs	130	3006b6a086c0241f5383ca101e7b9357368d713f9c38400633491656d110798e
SOURCE/PRODUCT/rust/vendor/libc-0.2.189/src/unix/bsd/netbsdlike/netbsd/x86_64.rs	1713	13dd36a0db740930155b5f28fedfac606c7291c0276bbf2c2b3fe03a4dbd2a51
SOURCE/PRODUCT/rust/vendor/libc-0.2.189/src/unix/bsd/netbsdlike/openbsd/aarch64.rs	446	13c91b304dfb5c3c26777863827c7b3707fe245fcf50da32caab641aff998c63
SOURCE/PRODUCT/rust/vendor/libc-0.2.189/src/unix/bsd/netbsdlike/openbsd/arm.rs	127	f064d935f416ca9f7e5e767b9b46da2250c997d667c0c7f4b4c7dfe02d0258c3
SOURCE/PRODUCT/rust/vendor/libc-0.2.189/src/unix/bsd/netbsdlike/openbsd/mips64.rs	87	bee7664d88f8451ae22552fc0721b6b6a6dee2493cc42bcb9829c1e47e4b05f5
SOURCE/PRODUCT/rust/vendor/libc-0.2.189/src/unix/bsd/netbsdlike/openbsd/mod.rs	68473	b5bf21aef874477bf26664c0ddfdb370ffeb73b287d7447f8bdd9c61e2546bb2
SOURCE/PRODUCT/rust/vendor/libc-0.2.189/src/unix/bsd/netbsdlike/openbsd/powerpc.rs	127	f064d935f416ca9f7e5e767b9b46da2250c997d667c0c7f4b4c7dfe02d0258c3
SOURCE/PRODUCT/rust/vendor/libc-0.2.189/src/unix/bsd/netbsdlike/openbsd/powerpc64.rs	125	1f62a42e2970c42de9e3492fbf3cd5b45410889f033743579266342d1a9e2a00
SOURCE/PRODUCT/rust/vendor/libc-0.2.189/src/unix/bsd/netbsdlike/openbsd/riscv64.rs	590	b2cf3778bfb51d1c0277f0e92963a04f734be3e29879c6c09a25bad2d9b5ab6a
SOURCE/PRODUCT/rust/vendor/libc-0.2.189/src/unix/bsd/netbsdlike/openbsd/sparc64.rs	89	8d4c5a4cae63e09e1c156164ddc82e0fc77926841d4d4e419dd2e7a7b7145f58
SOURCE/PRODUCT/rust/vendor/libc-0.2.189/src/unix/bsd/netbsdlike/openbsd/x86.rs	124	e6da2fdff7706fd3eac147d3aaf16afdd8542f231f502660d1d89c79b5eca21b
SOURCE/PRODUCT/rust/vendor/libc-0.2.189/src/unix/bsd/netbsdlike/openbsd/x86_64.rs	1737	bc7ed75ce66059aafa7a86986aefff267b2c951e47558453fe13ce1bdb48dc0b
SOURCE/PRODUCT/rust/vendor/libc-0.2.189/src/unix/cygwin/mod.rs	78459	6aad2e8077d97d293889145ea37ecc379cbe5cb78d2b198750639e822f0917d5
SOURCE/PRODUCT/rust/vendor/libc-0.2.189/src/unix/haiku/b32.rs	503	c3f8678ceee65a3094d8133b0d1a94470860e0b1867977f0569c52c5a20e039f
SOURCE/PRODUCT/rust/vendor/libc-0.2.189/src/unix/haiku/b64.rs	506	f97ce9225f4710893dab03ab3e13bc62152cc84f90c597ec88f6dc1f4c27d242
SOURCE/PRODUCT/rust/vendor/libc-0.2.189/src/unix/haiku/bsd.rs	4496	4d9af31fdac2561ee5f942dca97dd2f48139ca74660d40b854b307fa5679d1c8
SOURCE/PRODUCT/rust/vendor/libc-0.2.189/src/unix/haiku/mod.rs	64343	102560660857c1a7c6113b2a6b12bd816d9b70dd62cca17a77c543f798301681
SOURCE/PRODUCT/rust/vendor/libc-0.2.189/src/unix/haiku/native.rs	51726	93993d4cd065550b772c9700b1da64455f1b495ac8ce7fd71d9c043d4bae1ff0
SOURCE/PRODUCT/rust/vendor/libc-0.2.189/src/unix/haiku/x86_64.rs	1419	def40c16609b5d62c3cdbba6a38340720a96b326ad98d53838554e4b6878d2ee
SOURCE/PRODUCT/rust/vendor/libc-0.2.189/src/unix/hurd/b32.rs	2619	501f426f7aeb60acf4119064100dd94bbdfebff2cec785428708059d853dc123
SOURCE/PRODUCT/rust/vendor/libc-0.2.189/src/unix/hurd/b64.rs	2613	b9b2082e721a5ec89ba55fd5a16bbffcc8a05ca7cef6dbfbd78aff0806cb931f
SOURCE/PRODUCT/rust/vendor/libc-0.2.189/src/unix/hurd/mod.rs	152771	47c18259062e834f1937aa8e5902f27f431053f112d22f2af64c4826bbaabd6a
SOURCE/PRODUCT/rust/vendor/libc-0.2.189/src/unix/linux_like/android/b32/arm.rs	18085	9c19aeacb713b2886e0293c0abb4b64ddba5935a876a239c8c392b8ae68d02ab
SOURCE/PRODUCT/rust/vendor/libc-0.2.189/src/unix/linux_like/android/b32/mod.rs	6332	013d0c2f1b53ae7999ed789a6b92fd4938268a6df0e8dda50f6f16a21567bc6f
SOURCE/PRODUCT/rust/vendor/libc-0.2.189/src/unix/linux_like/android/b32/x86/mod.rs	20713	3cc9a98c2dd052029901f2c507c72795018a0ccfb64f97297b5680307da362a9
SOURCE/PRODUCT/rust/vendor/libc-0.2.189/src/unix/linux_like/android/b64/aarch64/mod.rs	17216	57e8a37d0cf47c07444832c8684d29be2383547a21c388715b2f597573f77412
SOURCE/PRODUCT/rust/vendor/libc-0.2.189/src/unix/linux_like/android/b64/mod.rs	5783	0ac090c7920232aecb9efbb7aef6074a1fc09a4f76c195886c1592a23d847374
SOURCE/PRODUCT/rust/vendor/libc-0.2.189/src/unix/linux_like/android/b64/riscv64/mod.rs	14162	394125fc6cbf568271c18cba4673dbb136b560c484d38e01670cab825ca55a0d
SOURCE/PRODUCT/rust/vendor/libc-0.2.189/src/unix/linux_like/android/b64/x86_64/mod.rs	21051	0ea316ab5e84781758ff14db88c90721400b4a4d2fb73f61c802bf2784774f94
SOURCE/PRODUCT/rust/vendor/libc-0.2.189/src/unix/linux_like/android/mod.rs	138289	5b79b3cb98010896af67fdc4a3c8105ce104fecfa8c21373ee2306e2958fd446
SOURCE/PRODUCT/rust/vendor/libc-0.2.189/src/unix/linux_like/emscripten/lfs64.rs	5321	5921989146110ae9b898334dc6c1de8fc2334149711f2aeb26dc654857ee82ac
SOURCE/PRODUCT/rust/vendor/libc-0.2.189/src/unix/linux_like/emscripten/mod.rs	47402	515dbc5565556e0b21f7453fe9d529a1cba73ae69ca6c0d3386d6eddb4df9bd2
SOURCE/PRODUCT/rust/vendor/libc-0.2.189/src/unix/linux_like/l4re/mod.rs	7178	47c07dc3c5e368ec9a64b33af9a314f51e5ed6c7fc6456bfba919d661a812275
SOURCE/PRODUCT/rust/vendor/libc-0.2.189/src/unix/linux_like/l4re/uclibc/aarch64/mod.rs	13168	c22979fe55e9fd752114a43d97cc42211fc5b2244a6c601042c1c6d6b263ba53
SOURCE/PRODUCT/rust/vendor/libc-0.2.189/src/unix/linux_like/l4re/uclibc/mod.rs	16140	47b8ca0231d56146c4435c9f5cded520ac67d5c5581d6a1277050942991ef4ef
SOURCE/PRODUCT/rust/vendor/libc-0.2.189/src/unix/linux_like/l4re/uclibc/x86_64/mod.rs	13380	438e289c3ad818dd8be5391a4b44e294daf8759424bbe54ae6cf06be14d81498
SOURCE/PRODUCT/rust/vendor/libc-0.2.189/src/unix/linux_like/linux/arch/generic/mod.rs	12814	39f70281f38aa591d18e23a465ad8b654acfd66203b53e44a9e27cd174fcea70
SOURCE/PRODUCT/rust/vendor/libc-0.2.189/src/unix/linux_like/linux/arch/mips/mod.rs	12506	00014d704cc5c578be2300c7c2057358c64c4700d33da5dcf2a01fd1a50c42fa
SOURCE/PRODUCT/rust/vendor/libc-0.2.189/src/unix/linux_like/linux/arch/mod.rs	554	8bc5898b03760a95dd4f124ac76ad92e5ae36b2d0644203d752ef2b37e487c3a
SOURCE/PRODUCT/rust/vendor/libc-0.2.189/src/unix/linux_like/linux/arch/powerpc/mod.rs	11052	03b1a1271891909372a3817f208943d8ed273ee66a8342a02426e0dd7b1137cf
SOURCE/PRODUCT/rust/vendor/libc-0.2.189/src/unix/linux_like/linux/arch/sparc/mod.rs	9846	5bb8a0680447d5e061fa2f2370681233487f2e099619536ab2392bbafa31cc0b
SOURCE/PRODUCT/rust/vendor/libc-0.2.189/src/unix/linux_like/linux/gnu/b32/arm/mod.rs	31606	60d5c7667d81db0ad9faf65edc79420b2100cab27699e03de4d415de931e9f58
SOURCE/PRODUCT/rust/vendor/libc-0.2.189/src/unix/linux_like/linux/gnu/b32/csky/mod.rs	26279	627e61997c33fc12fca9e337d248d8531ef0751f21f70110b65631a0e481b66d
SOURCE/PRODUCT/rust/vendor/libc-0.2.189/src/unix/linux_like/linux/gnu/b32/m68k/mod.rs	32153	2ea8f649fc9f01829de439ffe0fdbf9566602ed6ec0088128167af1080c3a1b2
SOURCE/PRODUCT/rust/vendor/libc-0.2.189/src/unix/linux_like/linux/gnu/b32/mips/mod.rs	34876	8b3254b47401cde6118f9eea7e98319af8174d99feac451949e673a28ed4ff6e
SOURCE/PRODUCT/rust/vendor/libc-0.2.189/src/unix/linux_like/linux/gnu/b32/mod.rs	13640	c7a1d5a3033fea02322b4d1f17b9576e11761a56f418e4ed5e72993f61fad160
SOURCE/PRODUCT/rust/vendor/libc-0.2.189/src/unix/linux_like/linux/gnu/b32/powerpc.rs	31860	585983c6617a590ee0ac5217280d03642efcf721bd80fdabd6b9477031574fee
SOURCE/PRODUCT/rust/vendor/libc-0.2.189/src/unix/linux_like/linux/gnu/b32/riscv32/mod.rs	27723	a5e6c931ca8da568626233f2aa5ee0dd0b8e4e1e8905d52ab9dd0ea618376c2f
SOURCE/PRODUCT/rust/vendor/libc-0.2.189/src/unix/linux_like/linux/gnu/b32/sparc/mod.rs	30322	d3f846bfcec990fbc009fe705edc39b64c011464b8ec1dd5373424ab9511e919
SOURCE/PRODUCT/rust/vendor/libc-0.2.189/src/unix/linux_like/linux/gnu/b32/x86/mod.rs	35456	e370a80bfdec000347c384f080b30c6f537dc51e17e715c2dd8a360e6a1407f3
SOURCE/PRODUCT/rust/vendor/libc-0.2.189/src/unix/linux_like/linux/gnu/b64/aarch64/ilp32.rs	371	cbf545c6fe4e5998792c036d9456408ae415cfe3d68ae2ad6981b8b8ac47a395
SOURCE/PRODUCT/rust/vendor/libc-0.2.189/src/unix/linux_like/linux/gnu/b64/aarch64/lp64.rs	485	0e41329debd9e8924bfe784d082c40efaeb8a585a7b5bc1faf9be8b53f0769e1
SOURCE/PRODUCT/rust/vendor/libc-0.2.189/src/unix/linux_like/linux/gnu/b64/aarch64/mod.rs	33031	368b40031515d5c4d9834a899136e0d046fdb06f751df84c143ca257d73d3fd9
SOURCE/PRODUCT/rust/vendor/libc-0.2.189/src/unix/linux_like/linux/gnu/b64/loongarch64/mod.rs	30618	080980118660502ff312a31e108aa9fee51a671fecd80b1871959586b2bdee02
SOURCE/PRODUCT/rust/vendor/libc-0.2.189/src/unix/linux_like/linux/gnu/b64/mips64/mod.rs	32987	cde2c6f63ef0efb12cb423e313a20572d76d2e3a24deceec2675fbb07ee422f2
SOURCE/PRODUCT/rust/vendor/libc-0.2.189/src/unix/linux_like/linux/gnu/b64/mod.rs	7906	4b6ba534576035f3dd89d6d89c520d4c0a98f3a3e24ece70dff5970d2047d446
SOURCE/PRODUCT/rust/vendor/libc-0.2.189/src/unix/linux_like/linux/gnu/b64/powerpc64/mod.rs	34469	9cd129a0658213e1e13d7a06c88c54035f4e012f0fa73456605808902e4607f5
SOURCE/PRODUCT/rust/vendor/libc-0.2.189/src/unix/linux_like/linux/gnu/b64/riscv64/mod.rs	31142	f229eb10a427a4d206bafa433f4f015cccbd4077d04d340bfae163bbb305435f
SOURCE/PRODUCT/rust/vendor/libc-0.2.189/src/unix/linux_like/linux/gnu/b64/s390x.rs	31758	f55c3bca64e3d01691125352e1dda98c93db7361761b817378db0b5f62b1df9d
SOURCE/PRODUCT/rust/vendor/libc-0.2.189/src/unix/linux_like/linux/gnu/b64/sparc64/mod.rs	31163	0a71dfee9d66d55e20323b82bb1817070a88606dc88e9008c1c11b32a45478f6
SOURCE/PRODUCT/rust/vendor/libc-0.2.189/src/unix/linux_like/linux/gnu/b64/x86_64/mod.rs	22809	5e23cc1b0fc69f2c50f6fc83e0dc8d25afef2d2e74dccd4240ae873c5d6bb72d
SOURCE/PRODUCT/rust/vendor/libc-0.2.189/src/unix/linux_like/linux/gnu/b64/x86_64/not_x32.rs	15122	414d14164e09f0d66609180cda5ff919fda0440b29df43bd0f0f55fd2ddcee4b
SOURCE/PRODUCT/rust/vendor/libc-0.2.189/src/unix/linux_like/linux/gnu/b64/x86_64/x32.rs	21293	3cab97c6a03adecccd4e10e90196b2555e3c9de77e210ac9caf3f186fbcd3f01
SOURCE/PRODUCT/rust/vendor/libc-0.2.189/src/unix/linux_like/linux/gnu/mod.rs	44342	df5cb173336a5381f3a668af12c89495fd161bcaa5ff3a46b0f9e7222a3bda2e
SOURCE/PRODUCT/rust/vendor/libc-0.2.189/src/unix/linux_like/linux/mod.rs	128231	caff5b733b297569edca489ab9b0d049c4fe70ca953de635d983ef483e10a197
SOURCE/PRODUCT/rust/vendor/libc-0.2.189/src/unix/linux_like/linux/musl/b32/arm/mod.rs	29247	7dc4b9a4d723d6868a84e81dbd5953b234c4540db3edd5a4a7ea0e154b101d91
SOURCE/PRODUCT/rust/vendor/libc-0.2.189/src/unix/linux_like/linux/musl/b32/hexagon.rs	25927	e0e53f5575871faa1870f43bf85b0033c1feac149f766ad73fa2149be2447324
SOURCE/PRODUCT/rust/vendor/libc-0.2.189/src/unix/linux_like/linux/musl/b32/mips/mod.rs	34212	64f6b834d3d98db1c2d95d40371c644f71170d7710fcdd933f1ff51c3fbe2c70
SOURCE/PRODUCT/rust/vendor/libc-0.2.189/src/unix/linux_like/linux/musl/b32/mod.rs	1115	b136185b20a863d5e2bbec9e3bcb7e0c56329e196165ca70f2aed5777e39aeab
SOURCE/PRODUCT/rust/vendor/libc-0.2.189/src/unix/linux_like/linux/musl/b32/powerpc.rs	29794	a946612120ed9700ff1e4e729b0f8107a40f9ed7f5b320357552d5475441042d
SOURCE/PRODUCT/rust/vendor/libc-0.2.189/src/unix/linux_like/linux/musl/b32/riscv32/mod.rs	23879	7b5efe1ebf7d5d5439fb929032b48dcde98ba274fb22deb0f45137df21eb87b6
SOURCE/PRODUCT/rust/vendor/libc-0.2.189/src/unix/linux_like/linux/musl/b32/x86/mod.rs	30504	83e340712e8acd89cefcb5eef0e826da79f47a7a42784699df90604c4e9a8712
SOURCE/PRODUCT/rust/vendor/libc-0.2.189/src/unix/linux_like/linux/musl/b64/aarch64/mod.rs	24504	889ba0c0d20a8531dd05024ec9825a7bc57562c2bda4d063e5c632e76a143fc4
SOURCE/PRODUCT/rust/vendor/libc-0.2.189/src/unix/linux_like/linux/musl/b64/loongarch64/mod.rs	22671	a7a136f43e8a6f2c680faf477055a12459fa307587111c0c7c147ac7df8722db
SOURCE/PRODUCT/rust/vendor/libc-0.2.189/src/unix/linux_like/linux/musl/b64/mips64.rs	27103	a855f49b0685e50b9fd118c8d8f9d5596440092e37b7696db87cc3d3db3894f9
SOURCE/PRODUCT/rust/vendor/libc-0.2.189/src/unix/linux_like/linux/musl/b64/mod.rs	2463	1ce1eee49b1c7c5c02fe04b1539a0316becf0295763e3e18b1088895ed937373
SOURCE/PRODUCT/rust/vendor/libc-0.2.189/src/unix/linux_like/linux/musl/b64/powerpc64.rs	26488	e18d27dc96bfd7a352b065498847b4f97d00d33dc27f1fd49ead11d97a923211
SOURCE/PRODUCT/rust/vendor/libc-0.2.189/src/unix/linux_like/linux/musl/b64/riscv64/mod.rs	22803	7dd2c67186d0f6e0d585c4eabd686f476edf83f2bd4ca0f6a3a55bcd71c11fd6
SOURCE/PRODUCT/rust/vendor/libc-0.2.189/src/unix/linux_like/linux/musl/b64/s390x.rs	25920	042a2be23f0b7437e7b5b007ed7ebddaf6b51e32cfac803f7e9d4fd6941d1d39
SOURCE/PRODUCT/rust/vendor/libc-0.2.189/src/unix/linux_like/linux/musl/b64/wasm32/mod.rs	24101	2ae98dba37841279be44f68330c301f823ec2e251ea8258dd7d40f491fd26f76
SOURCE/PRODUCT/rust/vendor/libc-0.2.189/src/unix/linux_like/linux/musl/b64/wasm32/wali.rs	16435	006149b7af0145dc40123fc7991d853c7f2c5c77bbc9c8a44c276be0d99a1343
SOURCE/PRODUCT/rust/vendor/libc-0.2.189/src/unix/linux_like/linux/musl/b64/x86_64/mod.rs	29079	6a2d9adaf90aa39b56b383d6987091616227f4b6c167934cda2e825e6c806c02
SOURCE/PRODUCT/rust/vendor/libc-0.2.189/src/unix/linux_like/linux/musl/lfs64.rs	5860	3c15fd2820d400b0650cca950cd41dc77c017c5f06841db1942cd59118a252e3
SOURCE/PRODUCT/rust/vendor/libc-0.2.189/src/unix/linux_like/linux/musl/mod.rs	29490	490ef1317a0173e283c139df5a83e37f54c3ba48eba66a485b2659907220389e
SOURCE/PRODUCT/rust/vendor/libc-0.2.189/src/unix/linux_like/linux/uclibc/arm/mod.rs	32292	27a2bab2ff33d0b159eb49ba5a302bcf2ecbc24431ffd0f494ab274a6e43f016
SOURCE/PRODUCT/rust/vendor/libc-0.2.189/src/unix/linux_like/linux/uclibc/mips/mips32/mod.rs	26638	39057a283532e0430dc664d9c4ace6a2fba6e9b252c1404a6835ed382a1f2e27
SOURCE/PRODUCT/rust/vendor/libc-0.2.189/src/unix/linux_like/linux/uclibc/mips/mips64/mod.rs	5753	7458bd4483a6c16db943d8d69de3e02ca952ec67c608604e174a26e99e453d71
SOURCE/PRODUCT/rust/vendor/libc-0.2.189/src/unix/linux_like/linux/uclibc/mips/mod.rs	10315	e552f579a8dc9e690891113aa6360607ad962bd84cbb60c370b5c5f7c7d1d8c0
SOURCE/PRODUCT/rust/vendor/libc-0.2.189/src/unix/linux_like/linux/uclibc/mod.rs	13243	aad428f795b39aa987653919175bb2fab633ceedbd01bcbf358c550dc7bdf936
SOURCE/PRODUCT/rust/vendor/libc-0.2.189/src/unix/linux_like/linux/uclibc/x86_64/mod.rs	10494	68ec631cd8d8da3d5b12161936e367a68fca982dacf45424789840335c1f39c0
SOURCE/PRODUCT/rust/vendor/libc-0.2.189/src/unix/linux_like/linux_l4re_shared.rs	65825	ee47eb40a299f4897e0cc1f8d5a6d554e4fb6302f11b752d921cfcfb09c0afab
SOURCE/PRODUCT/rust/vendor/libc-0.2.189/src/unix/linux_like/mod.rs	80253	298ca2a15df5313c893184334caef990df5dbe6f71afcf332d4322dde80e1c3d
SOURCE/PRODUCT/rust/vendor/libc-0.2.189/src/unix/mod.rs	90106	999588f6f4ac24156c1bf9260d639a64247a83d7b6db187f4f94f7305c5cde47
SOURCE/PRODUCT/rust/vendor/libc-0.2.189/src/unix/newlib/aarch64/mod.rs	1312	d72d067a433bf24ee6b6255c4d04ea7c966518b8d064560c593f1ab23c025962
SOURCE/PRODUCT/rust/vendor/libc-0.2.189/src/unix/newlib/arm/mod.rs	1358	95b6e4b3cd1eeb0386d4867e9e4c3438305aa3e8ae75697e06720aa06540a666
SOURCE/PRODUCT/rust/vendor/libc-0.2.189/src/unix/newlib/espidf/mod.rs	3679	cbaf10ccdb429719003cac3f3cd4aa0aa63a12a383afc5bd88a4ab3abaef9e2e
SOURCE/PRODUCT/rust/vendor/libc-0.2.189/src/unix/newlib/generic.rs	1155	c435a955d72878a71ea0719a75a4579818da6a2e01635f9fe1073d9a0d67352f
SOURCE/PRODUCT/rust/vendor/libc-0.2.189/src/unix/newlib/horizon/mod.rs	7765	329f41f1703f318ea8999c2a9f48b953381e9a4fc388670ce69444ad7a32b122
SOURCE/PRODUCT/rust/vendor/libc-0.2.189/src/unix/newlib/mod.rs	30360	6bbe0874c5d6f53ea2d9f2a7cb1b27bdb27b9b02704160e6133ea6e559ad66cd
SOURCE/PRODUCT/rust/vendor/libc-0.2.189/src/unix/newlib/powerpc/mod.rs	318	4d6dca09ea5dc000cbd39fb939a9b1a743d819931dfca3c896659e919a07a7da
SOURCE/PRODUCT/rust/vendor/libc-0.2.189/src/unix/newlib/rtems/mod.rs	4035	efcb2c5f96ae5877fb4cefa59e4a38ae40c4eba22afa9c9a9ecdc61121d3b9d2
SOURCE/PRODUCT/rust/vendor/libc-0.2.189/src/unix/newlib/vita/mod.rs	6506	2f9bf66b40c2aa611033faf3ade5510dc9789af7302571fade40a1715398f06c
SOURCE/PRODUCT/rust/vendor/libc-0.2.189/src/unix/nto/arch/aarch64.rs	914	e7fc7ada9e273c6cffe556f977db71a96c9e4a27f496a8223bc23e3fd876c05e
SOURCE/PRODUCT/rust/vendor/libc-0.2.189/src/unix/nto/arch/i686.rs	174	6ebb8acc594e9dbfa80c363dcf56aca0125afdab4fb3a1fc2806ed8ffe9dc252
SOURCE/PRODUCT/rust/vendor/libc-0.2.189/src/unix/nto/arch/mod.rs	310	4ff319773cd756d9dcace1348a3ac4569cf89a031436bdb57e66c9557a9eb948
SOURCE/PRODUCT/rust/vendor/libc-0.2.189/src/unix/nto/arch/x86_64.rs	2920	71e97cb09b938b2c6f01ba71e268221f8a51500ca309c71d6c8de61ee2c0e9c8
SOURCE/PRODUCT/rust/vendor/libc-0.2.189/src/unix/nto/io_pkt/mod.rs	4683	1fc160ff187fb6b49744859e3da481a3e7264b248bbe289efff22fd1e6d699e9
SOURCE/PRODUCT/rust/vendor/libc-0.2.189/src/unix/nto/io_sock/mod.rs	3002	941bfd903a0cd329ed92f36222a2f13c7e798cd403fee7d7859214a794a65534
SOURCE/PRODUCT/rust/vendor/libc-0.2.189/src/unix/nto/mod.rs	99630	41b6926daedda07a5dfbca7e23516ba39161f1de9b9cc89d9b6e512bd877f595
SOURCE/PRODUCT/rust/vendor/libc-0.2.189/src/unix/nto/neutrino.rs	42206	59e3b22aa27c2aba3e96b39c0f624897747650c7e916832629586259d18579ce
SOURCE/PRODUCT/rust/vendor/libc-0.2.189/src/unix/nuttx/mod.rs	20891	b231559c8b5e0af7fa32f869dce8236b32d0057603a5cea115c776b2ceaf14a0
SOURCE/PRODUCT/rust/vendor/libc-0.2.189/src/unix/redox/mod.rs	49551	45613acbd48fb5469a9d4e597e4e492a98138af3135887043c6d5b3f64e18ccb
SOURCE/PRODUCT/rust/vendor/libc-0.2.189/src/unix/solarish/compat.rs	6743	3d120a056208c03215cfbe3eef1584105160d133c0aa4557bb38018c177640b0
SOURCE/PRODUCT/rust/vendor/libc-0.2.189/src/unix/solarish/illumos.rs	9194	597c04a05dd586eec164624d1819d5bd0db3c26711131fdd896e2af09406340a
SOURCE/PRODUCT/rust/vendor/libc-0.2.189/src/unix/solarish/mod.rs	102950	9f94cb59612b898d8da26e69e291730cf374376f6d40940faed92c193c51f359
SOURCE/PRODUCT/rust/vendor/libc-0.2.189/src/unix/solarish/solaris.rs	5743	5ea6cc86389f7e3b8dca2de17fbd4fcdbb5b0a6638b95efeb7ae15c8bbb9e79b
SOURCE/PRODUCT/rust/vendor/libc-0.2.189/src/unix/solarish/x86.rs	843	44261c1f1b300dac9fa0dab93ec85d0c3b3c48b15bc4515b9820c9421cff7427
SOURCE/PRODUCT/rust/vendor/libc-0.2.189/src/unix/solarish/x86_64.rs	4390	eec1602998dbd3b3aeb2d9a5bd66fc53a6fbbcd7967ed0bb2dd61a8c176023e4
SOURCE/PRODUCT/rust/vendor/libc-0.2.189/src/unix/solarish/x86_common.rs	3070	4ae02d88622f7f080f5e8cd328f13187edbc5e124fb3e05e4cf212597f6cce48
SOURCE/PRODUCT/rust/vendor/libc-0.2.189/src/vxworks/aarch64.rs	24	4d4236500f98858fc249f3b6858af5009851c8c582031926b8195b2646f7da5e
SOURCE/PRODUCT/rust/vendor/libc-0.2.189/src/vxworks/arm.rs	24	4d4236500f98858fc249f3b6858af5009851c8c582031926b8195b2646f7da5e
SOURCE/PRODUCT/rust/vendor/libc-0.2.189/src/vxworks/mod.rs	78792	e5efaf8a584862fca87a3e367042de056a688a8a105d0bed149f09e516e4cc05
SOURCE/PRODUCT/rust/vendor/libc-0.2.189/src/vxworks/powerpc.rs	24	4d4236500f98858fc249f3b6858af5009851c8c582031926b8195b2646f7da5e
SOURCE/PRODUCT/rust/vendor/libc-0.2.189/src/vxworks/powerpc64.rs	24	4d4236500f98858fc249f3b6858af5009851c8c582031926b8195b2646f7da5e
SOURCE/PRODUCT/rust/vendor/libc-0.2.189/src/vxworks/riscv32.rs	24	b1f933205800f0da00f975d53b18fe0035e075cc4613acf110a09a277dc3302a
SOURCE/PRODUCT/rust/vendor/libc-0.2.189/src/vxworks/riscv64.rs	24	b1f933205800f0da00f975d53b18fe0035e075cc4613acf110a09a277dc3302a
SOURCE/PRODUCT/rust/vendor/libc-0.2.189/src/vxworks/x86.rs	24	b1f933205800f0da00f975d53b18fe0035e075cc4613acf110a09a277dc3302a
SOURCE/PRODUCT/rust/vendor/libc-0.2.189/src/vxworks/x86_64.rs	24	b1f933205800f0da00f975d53b18fe0035e075cc4613acf110a09a277dc3302a
SOURCE/PRODUCT/rust/vendor/libc-0.2.189/src/wasi/mod.rs	41808	f4bd5f0481da1922dd31195a2825bf9a1a852c82f56e536f82639eff961c0f9a
SOURCE/PRODUCT/rust/vendor/libc-0.2.189/src/wasi/p2.rs	5011	feecc0485eabd2c32bc5d800df6ad1b9b4d282741342fb08792f2635204e1e08
SOURCE/PRODUCT/rust/vendor/libc-0.2.189/src/windows/gnu/mod.rs	1138	6422acc5c5a82122c11efb84882778e30888c0693c0993fbf7f3baa59e4cbbb5
SOURCE/PRODUCT/rust/vendor/libc-0.2.189/src/windows/mod.rs	23650	8ec2bd46a05aed28f8bdfa17d99909300b59eb36cdc694545e29f8aa902e9e53
SOURCE/PRODUCT/rust/vendor/libc-0.2.189/src/windows/msvc/mod.rs	518	40410b26b606d1b59b0742b2632f3cd0a28a5429f784f9693fae0a78c15b3889
SOURCE/PRODUCT/rust/vendor/libc-0.2.189/src/xous.rs	366	1a83621c40248ad4d0c08e1fd4c1107d5efcbc2f4f0169538b7b4a885abedbfa
SOURCE/PRODUCT/rust/vendor/libc-0.2.189/tests/const_fn.rs	145	8ac3171d7bced3576a4e93f48570b3e00c553d7510ab85a7473ae3b716a812dc
SOURCE/PRODUCT/rust/vendor/log-0.4.33/.cargo-checksum.json	2097	a6510e59492adec0c850dd4bad9a3db4cc20a363b567d07f2e5932d016f5de55
SOURCE/PRODUCT/rust/vendor/log-0.4.33/.cargo_vcs_info.json	94	af6d36e2178c9d732b6cc9565e073502d460a661accfbb5bda550d3da7f4c4ad
SOURCE/PRODUCT/rust/vendor/log-0.4.33/.github/workflows/main.yml	5844	12ba374d45e4b400e04b86c05ae474dbcff50b0375d9e0c2a6445026474dc886
SOURCE/PRODUCT/rust/vendor/log-0.4.33/CHANGELOG.md	22637	5f743a67299d8b20db21c7a6d09a2070d5a34792d2c729982950b0e5221cf732
SOURCE/PRODUCT/rust/vendor/log-0.4.33/Cargo.lock	7029	c89ab5468f39a69b3c5e218b7d16ed440efe853233022c8b77f257ee613363af
SOURCE/PRODUCT/rust/vendor/log-0.4.33/Cargo.toml	2813	30526edc6bcb57820b7500b686f98bd63fe768645914a0646504527c1b727225
SOURCE/PRODUCT/rust/vendor/log-0.4.33/Cargo.toml.orig	2642	0072f66f56c8849423a7feb4f8b6f6b85edabae09ea821ef8003c86f4a7f5df1
SOURCE/PRODUCT/rust/vendor/log-0.4.33/LICENSE-APACHE	10847	a60eea817514531668d7e00765731449fe14d059d3249e0bc93b36de45f759f2
SOURCE/PRODUCT/rust/vendor/log-0.4.33/LICENSE-MIT	1071	6485b8ed310d3f0340bf1ad1f47645069ce4069dcc6bb46c7d5c6faf41de1fdb
SOURCE/PRODUCT/rust/vendor/log-0.4.33/README.md	5353	cd8854c3c57dfde940b5a32d1fdf7a2a3892cab9059fcbf5ca9fe846193c413a
SOURCE/PRODUCT/rust/vendor/log-0.4.33/benches/value.rs	488	b613ff353d3cf0ef8cb98e4ca461ea929b8ba553fe299f2eb2942d77a5b1b6a0
SOURCE/PRODUCT/rust/vendor/log-0.4.33/src/__private_api.rs	3720	04032f3a3c18103d8e361e21bb9e6933cb9f8231c88cec8b88424b563b5b27ac
SOURCE/PRODUCT/rust/vendor/log-0.4.33/src/kv/error.rs	2339	6dae12424164c33b93915f5e70bd6d99d616c969c8bfb543806721dd9b423981
SOURCE/PRODUCT/rust/vendor/log-0.4.33/src/kv/key.rs	4777	db3b3ba027a65849d995c96828e92dca7aabbd2fc0bda529eea61fe3bdaa7ce3
SOURCE/PRODUCT/rust/vendor/log-0.4.33/src/kv/mod.rs	7943	a62c4dbfbcf28fc755c3662ea4a1e79268edc15311d5ca97b7f0325cc2dfb43f
SOURCE/PRODUCT/rust/vendor/log-0.4.33/src/kv/source.rs	13562	0f7c3a89c8998fe3805ae35f3e87778bca30a444da9f67964e674028f7864625
SOURCE/PRODUCT/rust/vendor/log-0.4.33/src/kv/value.rs	43640	aa2a1cfaa33ead7a29fbe3ed06aa3b061013de471e3abde3f1389cd7b78b9622
SOURCE/PRODUCT/rust/vendor/log-0.4.33/src/lib.rs	66005	7b605f1702b0a97c5ba5371aba62d6297cad21c00f1097040d201eb7cc28fa7e
SOURCE/PRODUCT/rust/vendor/log-0.4.33/src/macros.rs	18783	6917080cd9c4a2ca8128024f562a2bfdbbcd43616e41ef125289a30c6a9a4be2
SOURCE/PRODUCT/rust/vendor/log-0.4.33/src/serde.rs	12647	ead8df70c3ca3fafeed062f7a42d9b6f87bc7826055d71d8c4b77a0a25b57634
SOURCE/PRODUCT/rust/vendor/log-0.4.33/tests/integration.rs	3185	0980b3bd85d36863bc9f355e80bc7cf7987d2599adbc87e8e0082861a08a1097
SOURCE/PRODUCT/rust/vendor/log-0.4.33/tests/macros.rs	14879	99d59843a980e7adc2aa40eb6d3205cc5024e0fa94297fe34afd376dc396c8ff
SOURCE/PRODUCT/rust/vendor/log-0.4.33/triagebot.toml	9	a135e10c777cd13459559bdf74fb704c1379af7c9b0f70bc49fa6f5a837daa81
SOURCE/PRODUCT/rust/vendor/matchit-0.8.4/.cargo-checksum.json	1915	d74a59de02c12022c2c90593cec0fd78282211ab33ff9bc5eb7cad3bb61c734d
SOURCE/PRODUCT/rust/vendor/matchit-0.8.4/.cargo_vcs_info.json	94	7ab6ea00ac8d0917dd6bbb00393b94f63f72e0dd5b66e25fdbace14e3391c1f4
SOURCE/PRODUCT/rust/vendor/matchit-0.8.4/.github/workflows/rust.yml	1910	0c66fe2b6b57808111a20697a395de98a091cf4000517de00c41acdfaa9d1658
SOURCE/PRODUCT/rust/vendor/matchit-0.8.4/.rustfmt.toml	36	de5c7b6e0f58ba5869dd1092b808a0b81dc609a01edc2bd7e5b071aa2edd5e95
SOURCE/PRODUCT/rust/vendor/matchit-0.8.4/Cargo.lock	31483	176d03166aad1265d1c8a1430b0d95fc0d9aeb24a4ba22a6eb99058fe8cbcccf
SOURCE/PRODUCT/rust/vendor/matchit-0.8.4/Cargo.toml	1603	6be08693223305210754898a92d1fa142a884bad57798e193331a2d87560461f
SOURCE/PRODUCT/rust/vendor/matchit-0.8.4/Cargo.toml.orig	901	02d625c58cb80fda1f7f581ba9d83cc9ea21e9527ccd43b0df603c6a5304a856
SOURCE/PRODUCT/rust/vendor/matchit-0.8.4/LICENSE	1071	de701d0618d694feb1af90f02181a1763d9b0bdeb70a3a592781e529077dba65
SOURCE/PRODUCT/rust/vendor/matchit-0.8.4/LICENSE.httprouter	1522	162ce11ad71338d0a0c6ebaf5c48af72c6ae237b468859d3656fe2d9ed3f3a85
SOURCE/PRODUCT/rust/vendor/matchit-0.8.4/README.md	4355	181706c7b32682e534462b54ae1bfd0bad2050552cf1bbf6f31f21a8a3bbc5a8
SOURCE/PRODUCT/rust/vendor/matchit-0.8.4/benches/bench.rs	10356	6e075954539bb0c49cece34fa5d4259cde4d6fb247bbb5e4e9735b161e1bf857
SOURCE/PRODUCT/rust/vendor/matchit-0.8.4/examples/hyper.rs	2872	bd51bb5a293a6fed5162d70f509061219c61c63b83da8248bde4d75a2f7ac025
SOURCE/PRODUCT/rust/vendor/matchit-0.8.4/src/error.rs	4043	325f4f1e302a191bfb0e0d3240b2a124b612b86aa4fbfe8d799427bc58e02eb8
SOURCE/PRODUCT/rust/vendor/matchit-0.8.4/src/escape.rs	4931	f4ad9f1f935941fd0487bd0ee86569a0a21a47f8a1e1dc98f9bce7bfcc3f8e03
SOURCE/PRODUCT/rust/vendor/matchit-0.8.4/src/lib.rs	3865	d9aacf8176a0c8b74861a7364447a55779611cbaad2c08ca0b498a28d6359a4d
SOURCE/PRODUCT/rust/vendor/matchit-0.8.4/src/params.rs	7596	18327c24f0031efb4485351cc3984a489c037ad5b767ebb75aaec14e25b8573c
SOURCE/PRODUCT/rust/vendor/matchit-0.8.4/src/router.rs	4391	79bebbf3bc4c1597c7822a50955f935545231dc82918c954388c116b937ff736
SOURCE/PRODUCT/rust/vendor/matchit-0.8.4/src/tree.rs	32481	5c25f9d1f3e1e2af538822903c2375e117cc1f8c270f8a1c91ce106f0f2bb939
SOURCE/PRODUCT/rust/vendor/matchit-0.8.4/tests/insert.rs	6374	7c10cc38e1fdbb2ba5ddc2961a24dfb11dca263abde2833e28cb77acdc988f15
SOURCE/PRODUCT/rust/vendor/matchit-0.8.4/tests/match.rs	32990	33bf4781f538e3499cb1e463ae212787e21df2b8f3cbf04c18982c4b0f1a1213
SOURCE/PRODUCT/rust/vendor/matchit-0.8.4/tests/remove.rs	7539	bc2de63e42ab925b6faa0343a173fa9d57c8d91b305bf476d4e14bd0d6965800
SOURCE/PRODUCT/rust/vendor/memchr-2.8.3/.cargo-checksum.json	5550	7a772ae111fd9370fe127ad0d65c00ccbc5030fe37c84abc879a7b442e5ac6a0
SOURCE/PRODUCT/rust/vendor/memchr-2.8.3/.cargo_vcs_info.json	94	739b57f156ae78ce5ad0f2bc44ff727f1a9d48e743bc266e8e3ab8c35baa5ecb
SOURCE/PRODUCT/rust/vendor/memchr-2.8.3/.ignore	9	ae8b19032d4fc418b99ccae9e7cc3996b1386665d0bd5edc5634a158e7d2f6a2
SOURCE/PRODUCT/rust/vendor/memchr-2.8.3/.vim/coc-settings.json	557	cdc5e2b88bddbdbd1b85f21389c4d882720e4c4488ad566c43fccd9124f2e3bf
SOURCE/PRODUCT/rust/vendor/memchr-2.8.3/AI_POLICY.md	1878	eb058d5b8387f03159cf6ef868100459d7e01f49499733028fcc916bc97c1cc4
SOURCE/PRODUCT/rust/vendor/memchr-2.8.3/CONTRIBUTING.md	210	f5b2b4a9a3dbcd9a6f2654eb97dd7135e6af3717b9a3f037a9cbf714e387af76
SOURCE/PRODUCT/rust/vendor/memchr-2.8.3/COPYING	126	01c266bced4a434da0051174d6bee16a4c82cf634e2679b6155d40d75012390f
SOURCE/PRODUCT/rust/vendor/memchr-2.8.3/Cargo.lock	2120	54b66d3eabcf4993f06c5b556ab1df0082dd14985529e301124590280dbe0554
SOURCE/PRODUCT/rust/vendor/memchr-2.8.3/Cargo.toml	1833	a14f68b8fa55f15fd03b15dced37bcf66a0a628f568eedc82817cdb7f9281951
SOURCE/PRODUCT/rust/vendor/memchr-2.8.3/Cargo.toml.orig	2560	2d004168044e88b00f971e65d7e6c988a555aa00d7ef4d0ceb5b5a9c228fb0c9
SOURCE/PRODUCT/rust/vendor/memchr-2.8.3/LICENSE-MIT	1081	0f96a83840e146e43c0ec96a22ec1f392e0680e6c1226e6f3ba87e0740af850f
SOURCE/PRODUCT/rust/vendor/memchr-2.8.3/README.md	9870	92a74aaffe011bdaa06fbc34a01686a6eba58ca1322e976759417a547fddf734
SOURCE/PRODUCT/rust/vendor/memchr-2.8.3/UNLICENSE	1211	7e12e5df4bae12cb21581ba157ced20e1986a0508dd10d0e8a4ab9a4cf94e85c
SOURCE/PRODUCT/rust/vendor/memchr-2.8.3/rustfmt.toml	44	1ca600239a27401c4a43f363cf3f38183a212affc1f31bff3ae93234bbaec228
SOURCE/PRODUCT/rust/vendor/memchr-2.8.3/src/arch/aarch64/memchr.rs	3407	5bb70f915084e629d940dbc322f5b9096b2e658cf63fea8a2f6e7550412e73a0
SOURCE/PRODUCT/rust/vendor/memchr-2.8.3/src/arch/aarch64/mod.rs	90	44cd1a614bd66f1e66fc86c541d3c3b8d3a14a644c13e8bf816df3f555eac2d4
SOURCE/PRODUCT/rust/vendor/memchr-2.8.3/src/arch/aarch64/neon/memchr.rs	37977	e8c00b8fb2c7e2711832ae3cedefe59f32ebedd7dfa4d0ec6de2a566c979daea
SOURCE/PRODUCT/rust/vendor/memchr-2.8.3/src/arch/aarch64/neon/mod.rs	112	eab6d56c2b2354db4ee395f40282cd49f97e2ab853547be5de6e65fbe1b2f634
SOURCE/PRODUCT/rust/vendor/memchr-2.8.3/src/arch/aarch64/neon/packedpair.rs	8285	32d3e4cd0dd9b6c8382e5308cbd896d20242c90b12862c44a5de6a8b4d6126df
SOURCE/PRODUCT/rust/vendor/memchr-2.8.3/src/arch/all/memchr.rs	37690	b0b1214aa573ed5d02ae62a77c42c773065566b50274d4096e37817d65ab1594
SOURCE/PRODUCT/rust/vendor/memchr-2.8.3/src/arch/all/mod.rs	8348	05f3fc2b069682eb1545fc6366d167bb620a454365dac8b8dd6cde6cd64de18a
SOURCE/PRODUCT/rust/vendor/memchr-2.8.3/src/arch/all/packedpair/default_rank.rs	4426	abffd1b5b8b7a3be95c03dd1105b905c246a379854dc56f1e846ea7c4408f2c7
SOURCE/PRODUCT/rust/vendor/memchr-2.8.3/src/arch/all/packedpair/mod.rs	14472	292b66042c5b5c78bba33db6526aeae6904db803d601fcdd29032b87b3eb3754
SOURCE/PRODUCT/rust/vendor/memchr-2.8.3/src/arch/all/rabinkarp.rs	14804	06038cce1cbead7b088e541ba41bcc1c095c34bde483b7df6ad9f77a49c1063c
SOURCE/PRODUCT/rust/vendor/memchr-2.8.3/src/arch/all/shiftor.rs	3125	0d79117f52a1e4795843603a3bb0b45397df4ad5e4184bbc923658dab9dc3b5f
SOURCE/PRODUCT/rust/vendor/memchr-2.8.3/src/arch/all/twoway.rs	33321	0b27eb1cd7402c1375a50466f8f66a68cb2806c3f69a647340b2759793eed4f8
SOURCE/PRODUCT/rust/vendor/memchr-2.8.3/src/arch/generic/memchr.rs	49244	ee2a77afcbf506655e352eb3cd42451a70cc2c39e3da487b2985638bc09ced3e
SOURCE/PRODUCT/rust/vendor/memchr-2.8.3/src/arch/generic/mod.rs	557	1dd75f61e0ea2563b8205a08aaa7b55500130aa331d18b9e9f995724b66c7a39
SOURCE/PRODUCT/rust/vendor/memchr-2.8.3/src/arch/generic/packedpair.rs	12666	892d6ee28f0f5007c973d11d697e43e6f6888341b15ea95ce4571e9584069dc5
SOURCE/PRODUCT/rust/vendor/memchr-2.8.3/src/arch/mod.rs	373	ca3960b7e2ed28d1b3c121710a870430531aad792f64d4dcb4ca4709d6cbda30
SOURCE/PRODUCT/rust/vendor/memchr-2.8.3/src/arch/wasm32/memchr.rs	3023	d88ac79f891d8530f505f5035062d3da274a05d66c611480c75430d52709d052
SOURCE/PRODUCT/rust/vendor/memchr-2.8.3/src/arch/wasm32/mod.rs	92	a20377aa8fe07d68594879101dc73061e4f51d9c8d812b593b1f376e3c8add79
SOURCE/PRODUCT/rust/vendor/memchr-2.8.3/src/arch/wasm32/simd128/memchr.rs	37465	bac2c4c43fe710c83a6f2b1118fede043be89dd821d4b532907f129f09fdb5cf
SOURCE/PRODUCT/rust/vendor/memchr-2.8.3/src/arch/wasm32/simd128/mod.rs	114	c157b373faedbfd65323be432e25bc411d97aa1b7bc58e76048614c7b2bf3bf6
SOURCE/PRODUCT/rust/vendor/memchr-2.8.3/src/arch/wasm32/simd128/packedpair.rs	8358	288ba6e5eee6a7a8e5e45c64cff1aa5d72d996c2a6bc228be372c75789f08e45
SOURCE/PRODUCT/rust/vendor/memchr-2.8.3/src/arch/x86_64/avx2/memchr.rs	50366	576ec0c30f49874f7fd9f6caeb490d56132c0fbbaa4d877b1aa532cafce19323
SOURCE/PRODUCT/rust/vendor/memchr-2.8.3/src/arch/x86_64/avx2/mod.rs	111	0033d1b712d0b10f0f273ef9aa8caa53e05e49f4c56a64f39af0b9df97eec584
SOURCE/PRODUCT/rust/vendor/memchr-2.8.3/src/arch/x86_64/avx2/packedpair.rs	9734	87b69cb4301815906127db4f6370f572c7c5d5dad35c0946c00ad888dbcaec8c
SOURCE/PRODUCT/rust/vendor/memchr-2.8.3/src/arch/x86_64/memchr.rs	10366	4cf0611c926c3016d1b640880ef14e5654a8d1c1b480fe9a5965956be7eeeeef
SOURCE/PRODUCT/rust/vendor/memchr-2.8.3/src/arch/x86_64/mod.rs	103	61b2aa876942fd3e78714c2ae21e356c8634545c06995020f443fa50218df027
SOURCE/PRODUCT/rust/vendor/memchr-2.8.3/src/arch/x86_64/sse2/memchr.rs	40911	0de0444e26d885eaf866220578752aac871e03bebee7b4f5de7fe8a35f5fa97f
SOURCE/PRODUCT/rust/vendor/memchr-2.8.3/src/arch/x86_64/sse2/mod.rs	111	38b70ae52a64ec974dbb91d04d6ca8013d9e06d1fe4af852206bbc2faf1c59aa
SOURCE/PRODUCT/rust/vendor/memchr-2.8.3/src/arch/x86_64/sse2/packedpair.rs	8830	ad893c5ab9525966693e742673fb666f54ff9102949fc91c5e61642c8ad2f110
SOURCE/PRODUCT/rust/vendor/memchr-2.8.3/src/cow.rs	2889	2b053e393d3841f780425b3b0da5bec4f187603fa7c271b045ecb7d885b23395
SOURCE/PRODUCT/rust/vendor/memchr-2.8.3/src/ext.rs	1598	210f89d1e32211bc64414cbd56e97b4f56ce8a8832d321d77a9fe519634e27ea
SOURCE/PRODUCT/rust/vendor/memchr-2.8.3/src/lib.rs	8337	614f778a41e88a29ea0ceb8e92c839dbb6b5a61c967f8bfd962975e18f932c71
SOURCE/PRODUCT/rust/vendor/memchr-2.8.3/src/macros.rs	423	3e4b39252bfa471fad384160a43f113ebfec7bec46a85d16f006622881dd2081
SOURCE/PRODUCT/rust/vendor/memchr-2.8.3/src/memchr.rs	27463	6ae779ec5d00f443075316e0105edf30b489a38e2e96325bec14ccecd014145b
SOURCE/PRODUCT/rust/vendor/memchr-2.8.3/src/memmem/mod.rs	24963	d869159f0d0c1915d7acc42a6a4aa3c97c049ddc043e6566afeb78ad290995d1
SOURCE/PRODUCT/rust/vendor/memchr-2.8.3/src/memmem/searcher.rs	39226	84f6a23bef907696cb672e6898c15fb87008058abc100dde58519d8ec5ebca5d
SOURCE/PRODUCT/rust/vendor/memchr-2.8.3/src/tests/memchr/mod.rs	11159	269f8e4b4f7f5ea458f27a3c174eb1020ffb2484eeba9464170beb51747df69b
SOURCE/PRODUCT/rust/vendor/memchr-2.8.3/src/tests/memchr/naive.rs	827	6a0bee033e5edfb5b1d5769a5fa1c78388f7e9ff7bb91cb67f0ad029289e00e7
SOURCE/PRODUCT/rust/vendor/memchr-2.8.3/src/tests/memchr/prop.rs	11609	1854eea2338c405fe4635aac430f51e10d2069cd37a7489ddaff47da95f8720b
SOURCE/PRODUCT/rust/vendor/memchr-2.8.3/src/tests/mod.rs	362	7cec8f809e279310a465c6a7725087970f219a676cc76c83de30c695bb490740
SOURCE/PRODUCT/rust/vendor/memchr-2.8.3/src/tests/packedpair.rs	8074	b02ec4fbb61a8653cb5f2268c31bc9168b8043347f2abdcc74081acf83b98e15
SOURCE/PRODUCT/rust/vendor/memchr-2.8.3/src/tests/substring/mod.rs	8430	c7660d10749363ac4687e7da2b5fda60768230425df8ba416c0c28b8d56a5c74
SOURCE/PRODUCT/rust/vendor/memchr-2.8.3/src/tests/substring/naive.rs	1232	df6f55d165382b8a53762ba4c324926cac13ebc62cde1805f4ce08740b326483
SOURCE/PRODUCT/rust/vendor/memchr-2.8.3/src/tests/substring/prop.rs	3903	38c15992609b5681a95d838ae6f2933e00a1219f2c971bfba245f96e0729fcdc
SOURCE/PRODUCT/rust/vendor/memchr-2.8.3/src/vector.rs	18020	9b104d0bda9b8e18b10c41633513637af84346282bf113f3be3813725605fe31
SOURCE/PRODUCT/rust/vendor/mime-0.3.17/.cargo-checksum.json	1319	8e3cccaece3ef49b21bf9fa808aa813eefd02f214e63fc874876eff05e5e646a
SOURCE/PRODUCT/rust/vendor/mime-0.3.17/.cargo_vcs_info.json	94	805162b72d1192356b310332793b02795ca2b12a6407f03d1c96c8972b8a28e4
SOURCE/PRODUCT/rust/vendor/mime-0.3.17/.travis.yml	346	4bfaa1b001835cafb5060574bc3f563034c5f48406dbb870eae7b271d16f5cc7
SOURCE/PRODUCT/rust/vendor/mime-0.3.17/CONTRIBUTING.md	498	7a8f1d12eb98bd09c290d31f25b03c71ff78027d9fc468e8782efa7dd3e69f1c
SOURCE/PRODUCT/rust/vendor/mime-0.3.17/Cargo.toml	822	fdf8868865cb29fcdc57bf9385cf65b4c1ff7d28ee3f96a6f29a934cc1db2563
SOURCE/PRODUCT/rust/vendor/mime-0.3.17/Cargo.toml.orig	355	e1380fe16536b8b3fdc9f7aacb4f92b2106b551913aca06c3ef54e9e53f623de
SOURCE/PRODUCT/rust/vendor/mime-0.3.17/LICENSE-APACHE	10847	a60eea817514531668d7e00765731449fe14d059d3249e0bc93b36de45f759f2
SOURCE/PRODUCT/rust/vendor/mime-0.3.17/LICENSE-MIT	1058	df9cfd06d8a44d9a671eadd39ffd97f166481da015a30f45dfd27886209c5922
SOURCE/PRODUCT/rust/vendor/mime-0.3.17/README.md	710	4ac32f1d6d7e1ac9f89f0a6d7d0cbc26f20ef9defdc7b206ef3a77616f493bbf
SOURCE/PRODUCT/rust/vendor/mime-0.3.17/benches/cmp.rs	914	9deb7c222eb69e7c5160aa82d361d4883792be3b557fbf8f7c807b398ba951a1
SOURCE/PRODUCT/rust/vendor/mime-0.3.17/benches/fmt.rs	425	46ec1e7c7970a3eed84b303309a2395ac16d16534ea691db7f361d0016ef0673
SOURCE/PRODUCT/rust/vendor/mime-0.3.17/benches/parse.rs	602	af2b35fc314e39c7fb3fbe6a77b65e54d0f4bd8956950330700028a98513b7d8
SOURCE/PRODUCT/rust/vendor/mime-0.3.17/src/lib.rs	26141	154cead5ddff82df2b4bda0344bdbbdde5b096fb8e64fce4c624b7d94259694c
SOURCE/PRODUCT/rust/vendor/mime-0.3.17/src/parse.rs	14627	3610253295af9780904ae66440f93a9d5d50356392aec839bc71253956b805b9
SOURCE/PRODUCT/rust/vendor/mio-1.2.2/.cargo-checksum.json	6737	2cd9f954a5029e4829e85e37db39d37e9660a7cae42dea0264ab63651e294f69
SOURCE/PRODUCT/rust/vendor/mio-1.2.2/.cargo_vcs_info.json	94	5afc22dc6d6115fe7be6aa827b2bf2f6e07dad5246293cb7c24489b4e00a0eb7
SOURCE/PRODUCT/rust/vendor/mio-1.2.2/CHANGELOG.md	29633	6c6d4f6b5b897e7938bfd02f57e13a9279a52c3b90329f4b1e0eb1e697f396de
SOURCE/PRODUCT/rust/vendor/mio-1.2.2/Cargo.lock	5098	8adef3750854da074c3a2df9ecbf497dca9ea82bb0bd98bca49b13bfea474206
SOURCE/PRODUCT/rust/vendor/mio-1.2.2/Cargo.toml	3184	55a2a996de3be5238509b1bf6d7e53d3653a0d3eb929a67490f87bcc3842c6f7
SOURCE/PRODUCT/rust/vendor/mio-1.2.2/Cargo.toml.orig	3037	f8b7b0b6a1a56e34f09be8b6758edb42c9156eb790285bafd23e4b5eedb10a6a
SOURCE/PRODUCT/rust/vendor/mio-1.2.2/LICENSE	1082	07919255c7e04793d8ea760d6c2ce32d19f9ff02bdbdde3ce90b1e1880929a9b
SOURCE/PRODUCT/rust/vendor/mio-1.2.2/README.md	7167	1488f4a9b5f2719953822e9b2984170e3d39a3e8fca563bc600db2356a19ed52
SOURCE/PRODUCT/rust/vendor/mio-1.2.2/examples/tcp_listenfd_server.rs	7852	3e11f2318584f252989f28e5af536a06b01cb953f14f06f87c8f7a0f663242d6
SOURCE/PRODUCT/rust/vendor/mio-1.2.2/examples/tcp_server.rs	7180	3d8b0315eebca8de0a09a6fd0fba2a2bf805ce339dee7a20fd45f4aedbebde71
SOURCE/PRODUCT/rust/vendor/mio-1.2.2/examples/udp_server.rs	3346	115ecc0d9081adcbe63284ef47d21b93ae78208beb8ec22c229d0b7b92a2c38e
SOURCE/PRODUCT/rust/vendor/mio-1.2.2/src/event/event.rs	8640	93539254a5d472b51ec5348c742cfbbe586bf710ad81b01f726289df1b0e2473
SOURCE/PRODUCT/rust/vendor/mio-1.2.2/src/event/events.rs	5792	5cad85e0d0c9e619b6017f868c681ed0dc023e7aae8c0c5c0c7337b2fa96a8a6
SOURCE/PRODUCT/rust/vendor/mio-1.2.2/src/event/mod.rs	209	c129c42114867e3e7337a6605952db8cef8a7ef0938f67a28fa68e73fc420c6a
SOURCE/PRODUCT/rust/vendor/mio-1.2.2/src/event/source.rs	4607	848c081b4b9b1e8c322820a6ca76ecb8d32a78a76b5dc99aeb8f13cfd4bf1467
SOURCE/PRODUCT/rust/vendor/mio-1.2.2/src/interest.rs	6449	1a6975703d866ea636a41e8a0b278fbdf646b8f806d84c9616a8b959b5c4435c
SOURCE/PRODUCT/rust/vendor/mio-1.2.2/src/io_source.rs	8915	4d719ec26a4d8cf59a59bf5a6a5477f0341527089aa5df433848424c6b4b3797
SOURCE/PRODUCT/rust/vendor/mio-1.2.2/src/lib.rs	10187	46c519a194423ce2bc4d2f529a9d254b9dd1c45147d002701853658ff00544df
SOURCE/PRODUCT/rust/vendor/mio-1.2.2/src/macros.rs	2242	954a9c57fcdabc8625664880a41fedf2457ff87d5d5d6fee5e3c8c6112ac765b
SOURCE/PRODUCT/rust/vendor/mio-1.2.2/src/net/mod.rs	1677	be5606d108b3d1003f86682025c068161dd18f6e54222d55e96131b3a13a336d
SOURCE/PRODUCT/rust/vendor/mio-1.2.2/src/net/tcp/listener.rs	9896	cfd5331a7d8b90fef55f42b9dad23b352eca8a9fae321e7ce9871a5d7aa5d929
SOURCE/PRODUCT/rust/vendor/mio-1.2.2/src/net/tcp/mod.rs	97	f2c50c1d338a69d704e18727142d8495be2927b390d7bbb77cc0cf4e945ed83a
SOURCE/PRODUCT/rust/vendor/mio-1.2.2/src/net/tcp/stream.rs	16276	127757a47bbfc770a49195154c2e7eb69a65eb33a8fbce0b2bf78fa5c5905e2d
SOURCE/PRODUCT/rust/vendor/mio-1.2.2/src/net/udp.rs	26899	865baa73b3f4d863cabb86cf5ba2e6bcc705a638efe7f02c52fe1e5c36ac6ab4
SOURCE/PRODUCT/rust/vendor/mio-1.2.2/src/net/uds/datagram.rs	8630	fb4bf68b6e1ef7d7f2aed4acff3ae9173d11cd2937fa6486a6f3f67c3e029439
SOURCE/PRODUCT/rust/vendor/mio-1.2.2/src/net/uds/listener.rs	4033	4a1843515326553504493833688065a066dfa13127bb1b8726c36b9f182daa28
SOURCE/PRODUCT/rust/vendor/mio-1.2.2/src/net/uds/mod.rs	152	39d8e36750564c22830af93fe7a9b000b6cbbe1c0f3b5eb527df14b6fc61fe14
SOURCE/PRODUCT/rust/vendor/mio-1.2.2/src/net/uds/stream.rs	8887	64348e63a6abb49ac3ec111a415ede15afb9a73976f0669a3e8b734af2984550
SOURCE/PRODUCT/rust/vendor/mio-1.2.2/src/poll.rs	31548	f076c5a35c28af96d315fbe5daad313e6ebb20ea38872eac635ad3b67bbb6303
SOURCE/PRODUCT/rust/vendor/mio-1.2.2/src/sys/mod.rs	2615	3bb47fdf1b3066a890317288bd73dab25dc8d19a1eab088ee1d2f3c34d6db52a
SOURCE/PRODUCT/rust/vendor/mio-1.2.2/src/sys/shell/mod.rs	2492	e2647faf7fdf4eb9a336e0e5d4f947b9a62d9ae229abd4a63775e67835f5606d
SOURCE/PRODUCT/rust/vendor/mio-1.2.2/src/sys/shell/selector.rs	2598	13e42f067631c9a4b972041d904c72e02315e601aa2cb46212f4eae898550008
SOURCE/PRODUCT/rust/vendor/mio-1.2.2/src/sys/shell/tcp.rs	808	130028f166fa918f5cf48551afa6204792d5dae88eccd4dc4565814d3c151546
SOURCE/PRODUCT/rust/vendor/mio-1.2.2/src/sys/shell/udp.rs	247	0db637a4ce1ec3a5ccb410d1e94bcc525df8ad005c1d4235d7d50111d335dbde
SOURCE/PRODUCT/rust/vendor/mio-1.2.2/src/sys/shell/uds.rs	1071	06b7e16d03fd7636401807548d145d99f666486b2d9a4976eccecc20499927ab
SOURCE/PRODUCT/rust/vendor/mio-1.2.2/src/sys/shell/waker.rs	277	81bc18cf52345a8d17e8142291e43dd70a36dfd9f5eb486f3e787998ee4451dc
SOURCE/PRODUCT/rust/vendor/mio-1.2.2/src/sys/unix/mod.rs	5772	c126b70fd0466529c26e7085b43277f4859f0ff7b24548cff09c52602b310474
SOURCE/PRODUCT/rust/vendor/mio-1.2.2/src/sys/unix/net.rs	8201	1d085c2125333474fbf2f50f7391b1cf40a2a7593980cc2a3dc7ee10df8a269c
SOURCE/PRODUCT/rust/vendor/mio-1.2.2/src/sys/unix/pipe.rs	18467	200244b04149f738f7d2b8c68ffad08032cd40274f0f9cad408f4af38adcab45
SOURCE/PRODUCT/rust/vendor/mio-1.2.2/src/sys/unix/selector/epoll.rs	7099	b952cb6d4225f442524d1a5a15bb7cecad6ad4738afaed5776e6b9d4a1203891
SOURCE/PRODUCT/rust/vendor/mio-1.2.2/src/sys/unix/selector/event_ports.rs	25582	cbc5d9a64a4e24ad8eda9eb353779d69ed3ba5bebe364fc9ba08099e6d48ecc4
SOURCE/PRODUCT/rust/vendor/mio-1.2.2/src/sys/unix/selector/kqueue.rs	29335	4eb09c63a263cc8086b1be5ae835101e09fed38a85948f9431d451c5113f3f2c
SOURCE/PRODUCT/rust/vendor/mio-1.2.2/src/sys/unix/selector/poll.rs	26111	6ecf10be74e130339e2ad94d5a1c8647e988f1bb75c7a723be6f2d14a6fe26df
SOURCE/PRODUCT/rust/vendor/mio-1.2.2/src/sys/unix/selector/stateless_io_source.rs	1293	25465ea28b12461e721bff291e5a90c5adac3e4cf35a4d744235d557f4c501c8
SOURCE/PRODUCT/rust/vendor/mio-1.2.2/src/sys/unix/sourcefd.rs	3808	f2d1c775de84db3f577ea84c1b66a4f61f1d3118de9ab6d357a8b9109ea0a50d
SOURCE/PRODUCT/rust/vendor/mio-1.2.2/src/sys/unix/tcp.rs	5070	8ebb68826c04241dcb65852ce45ed96fcbea3983aed63052afa4cb3fe7d06b21
SOURCE/PRODUCT/rust/vendor/mio-1.2.2/src/sys/unix/udp.rs	1097	2d9c704b059fdd0be6b844be4db8ef4dcad902fc146e9cf55eae5a5eef2fdb86
SOURCE/PRODUCT/rust/vendor/mio-1.2.2/src/sys/unix/uds/datagram.rs	794	c09a1cd0d9ca43e5291a892e8059a48b8db85af16f2b75a725534a7cfbe55efb
SOURCE/PRODUCT/rust/vendor/mio-1.2.2/src/sys/unix/uds/listener.rs	5140	fd3c9c74539c5c6ee23d16bbeeeca4536e3250e8613a4485c7ceca6393c12fbd
SOURCE/PRODUCT/rust/vendor/mio-1.2.2/src/sys/unix/uds/mod.rs	6294	d2651beed0ee871561dfb70c1ac6029c1028cd26ac668416fe228dc13fc73a11
SOURCE/PRODUCT/rust/vendor/mio-1.2.2/src/sys/unix/uds/stream.rs	827	4b0ec759a550b65ce396bb19b9593fce4ea57576d5d91c3cab9f743ecc6defd8
SOURCE/PRODUCT/rust/vendor/mio-1.2.2/src/sys/unix/waker/event_ports.rs	491	72bb39491bef061bf3a120525c139d0b5b4f6189ddb7962a76e702cf9228f868
SOURCE/PRODUCT/rust/vendor/mio-1.2.2/src/sys/unix/waker/eventfd.rs	3569	960dd88f1bc39e9a93a3142adb55f849766cf5aa7bcde78c8c6faaf118d7cd69
SOURCE/PRODUCT/rust/vendor/mio-1.2.2/src/sys/unix/waker/kqueue.rs	828	8794269a3533d01672d8672a3210a254ebec66471247305eefb66b46d2110c14
SOURCE/PRODUCT/rust/vendor/mio-1.2.2/src/sys/unix/waker/pipe.rs	3006	06032c3dd49a77eb59f40abcc6c143fea248e867e3cc17e0950a429c3ff92875
SOURCE/PRODUCT/rust/vendor/mio-1.2.2/src/sys/unix/waker/single_threaded.rs	1263	9455f1a042b45f67f81c6ee284688216ff4534f67e922bde4e437d0553924793
SOURCE/PRODUCT/rust/vendor/mio-1.2.2/src/sys/wasip1/mod.rs	11765	1c269f5fd8aa19c467404cf3fb74de6931ce8856b5ae7604e9ab92a240ad9d70
SOURCE/PRODUCT/rust/vendor/mio-1.2.2/src/sys/windows/afd.rs	8462	e833f92520149aec7e997c66e00f34d13ffec1c2f28fd9e3a4ef1b3f43028841
SOURCE/PRODUCT/rust/vendor/mio-1.2.2/src/sys/windows/event.rs	4539	2a40784b42d2cef9aeb02d281e73c2d3d96de74cb89609f439a0d080faa7dbd2
SOURCE/PRODUCT/rust/vendor/mio-1.2.2/src/sys/windows/handle.rs	670	f75276733a6f930f755a1bc5651cba8be52320a45709eec0b4ce5efe8779c5b6
SOURCE/PRODUCT/rust/vendor/mio-1.2.2/src/sys/windows/io_status_block.rs	882	052095e6b312244f1247c21cfac238dc66f593d19de3ceb1c430825c60fe01b2
SOURCE/PRODUCT/rust/vendor/mio-1.2.2/src/sys/windows/iocp.rs	9612	480c1b05e9cb7e37baf3e5d4824ceff6af121df5993d9ce7240b26b3277588f8
SOURCE/PRODUCT/rust/vendor/mio-1.2.2/src/sys/windows/mod.rs	4203	5ec972abad0319e9edcddf42c6841c936c8cfce64041ec97e7a241fde1de220b
SOURCE/PRODUCT/rust/vendor/mio-1.2.2/src/sys/windows/named_pipe.rs	40543	a6254fb522bb45f17ae1e3f6c70f63dd9a9fae66137eae60bb47be254b0560b4
SOURCE/PRODUCT/rust/vendor/mio-1.2.2/src/sys/windows/net.rs	3818	a7a7629842c89632b49f74cd7c73bd258d4f8fc53d7b8374452fcecf4d8124ba
SOURCE/PRODUCT/rust/vendor/mio-1.2.2/src/sys/windows/overlapped.rs	873	94fa619a7655228485c714ef5b5ed4b703a360e51130cdfc07d20c1aa38cb3c5
SOURCE/PRODUCT/rust/vendor/mio-1.2.2/src/sys/windows/selector.rs	25025	76faa07846037dac8424f9b2937ef77685be108f5b4d2dff05661192162034f5
SOURCE/PRODUCT/rust/vendor/mio-1.2.2/src/sys/windows/tcp.rs	1735	4ece198438b7686c4d8cf9686b77a9be76a521305a8051865e648d98c3676e48
SOURCE/PRODUCT/rust/vendor/mio-1.2.2/src/sys/windows/udp.rs	1493	45cbba2941287d89e089f168e29f65cea03b8b11aa8f5b7fee173d53a5c0e6b0
SOURCE/PRODUCT/rust/vendor/mio-1.2.2/src/sys/windows/waker.rs	598	cf27f75061b86dabe362d936c5945fd0e644aea833993de45d40b4be5fbbe56c
SOURCE/PRODUCT/rust/vendor/mio-1.2.2/src/token.rs	5157	31be1c8634260e78f20beb152a318d75d0de1065b591a209b73a71f7caed8aa2
SOURCE/PRODUCT/rust/vendor/mio-1.2.2/src/waker.rs	3056	cd521418aede70369775607232d1162ff70f3993f4951ed113cc18fcd7af6539
SOURCE/PRODUCT/rust/vendor/num-traits-0.2.19/.cargo-checksum.json	2586	8d800405c6f581a4819822e6c659f969bb9b0d99754d35587e2ecd8cac3b254d
SOURCE/PRODUCT/rust/vendor/num-traits-0.2.19/.cargo_vcs_info.json	94	e34bdc2d65c741cc679d2e5c72c8ed8d952d2e20c5712a3c950af4235363ad7b
SOURCE/PRODUCT/rust/vendor/num-traits-0.2.19/Cargo.toml	1296	dd701a0da6cce7e6e047cc944b2330f3c5e48cd64329e10942ea7d9299d435be
SOURCE/PRODUCT/rust/vendor/num-traits-0.2.19/Cargo.toml.orig	835	172863fc77ccbdd76c7d65660c1030e553cc3629931808f18f4cd4cc73a08c53
SOURCE/PRODUCT/rust/vendor/num-traits-0.2.19/LICENSE-APACHE	10847	a60eea817514531668d7e00765731449fe14d059d3249e0bc93b36de45f759f2
SOURCE/PRODUCT/rust/vendor/num-traits-0.2.19/LICENSE-MIT	1071	6485b8ed310d3f0340bf1ad1f47645069ce4069dcc6bb46c7d5c6faf41de1fdb
SOURCE/PRODUCT/rust/vendor/num-traits-0.2.19/README.md	1794	3fa9b7a124e7bc011758919f6d13fbdce58027852abc6c0851ddf6addfedabd5
SOURCE/PRODUCT/rust/vendor/num-traits-0.2.19/RELEASES.md	12754	eb3298353c12e0cd48c79437199bd7f159c4250da06f8362afcf71004e98fde5
SOURCE/PRODUCT/rust/vendor/num-traits-0.2.19/build.rs	160	d3969209fc1c9d201c66ed11820d0b328600d75b3971f8ceebeab04900bc0587
SOURCE/PRODUCT/rust/vendor/num-traits-0.2.19/src/bounds.rs	3870	a79325f6a92269ad7df3d11b9ff700d2d13fb1160e28f0c091a644efc4badc2b
SOURCE/PRODUCT/rust/vendor/num-traits-0.2.19/src/cast.rs	25904	d2c9337163c3d594a701bfce21aec56571625fa0117f970f14fd82dcc4504bf6
SOURCE/PRODUCT/rust/vendor/num-traits-0.2.19/src/float.rs	70306	2caf20ca3227422dcd8981accc79898e889bbda97fce1fc7f881c98e7091d8c3
SOURCE/PRODUCT/rust/vendor/num-traits-0.2.19/src/identities.rs	5440	c26d7f2fd6636721930d11d345e0c7103b0a4ac242dc4035dbc956a45eba422f
SOURCE/PRODUCT/rust/vendor/num-traits-0.2.19/src/int.rs	15786	ca214bab6624cb7f19bcb439958aa34596e0b13d8fc9b0090a7b37e89946d124
SOURCE/PRODUCT/rust/vendor/num-traits-0.2.19/src/lib.rs	21776	00973c9c52fd607d6e4b1da4ce4d5caa7d1bc39c8cd6f5d64878075766c8ad33
SOURCE/PRODUCT/rust/vendor/num-traits-0.2.19/src/macros.rs	1397	ee96613a2c73a3bef10ec7ae4d359dbf5f0b41f83e8a87c3d62ccc18dd27e498
SOURCE/PRODUCT/rust/vendor/num-traits-0.2.19/src/ops/bytes.rs	8833	24ade942062566d686c6de5674b5668ea3cd688c7c88bd8e5df7ea7f96d70c6e
SOURCE/PRODUCT/rust/vendor/num-traits-0.2.19/src/ops/checked.rs	10040	01e6379bf1d8eeca9dcf8bb5397e419e898e4043b57b0e2470e225bc27e81e6a
SOURCE/PRODUCT/rust/vendor/num-traits-0.2.19/src/ops/euclid.rs	9376	89c09c2df7fcc4bdba32533d4e7254dceb424085239544ea2a9ae8a606bf7383
SOURCE/PRODUCT/rust/vendor/num-traits-0.2.19/src/ops/inv.rs	931	dd80b9bd48d815f17855a25842287942317fa49d1fdcdd655b61bd20ef927cda
SOURCE/PRODUCT/rust/vendor/num-traits-0.2.19/src/ops/mod.rs	137	2b3c396af44cd240205ba8b560625fa00c07cf387139d2c49eeb7869545d976d
SOURCE/PRODUCT/rust/vendor/num-traits-0.2.19/src/ops/mul_add.rs	3983	15bd64d9420c86300c5ea7f57aa736af2ef968e4e5eaaae03f62fd277f124569
SOURCE/PRODUCT/rust/vendor/num-traits-0.2.19/src/ops/overflowing.rs	4283	01f4cd27f8b0e257687170cc537188029e08e5d13e0c552b01153be5d66d5716
SOURCE/PRODUCT/rust/vendor/num-traits-0.2.19/src/ops/saturating.rs	5103	165993c829c10c4f60e32c8cf34434b669ef54284d7f73dc7ec58a22ba65e6fc
SOURCE/PRODUCT/rust/vendor/num-traits-0.2.19/src/ops/wrapping.rs	11260	39d7bc7e074ba7590cd29b40206baed9cb30ae70dca2b7ceb460c6ca7eaad2a8
SOURCE/PRODUCT/rust/vendor/num-traits-0.2.19/src/pow.rs	6574	92c12990d2396b2dabd4ba80e80ad706c0c8fd0f1b967ab3bdd9cb738b150702
SOURCE/PRODUCT/rust/vendor/num-traits-0.2.19/src/real.rs	22156	b45bc1ca54549595c8d4f91a0e192769c1d924b40eda3446af4780f7a07ac8ed
SOURCE/PRODUCT/rust/vendor/num-traits-0.2.19/src/sign.rs	5877	7ca11eebee94b553a33a9e53b7663ba5173db297dee523d1a2600fbbc80ef850
SOURCE/PRODUCT/rust/vendor/num-traits-0.2.19/tests/cast.rs	12080	6fcc0d6653253182e979e42542fe971829cd24ab2c3a21a668e935c23d39f7c0
SOURCE/PRODUCT/rust/vendor/once_cell-1.21.4/.cargo-checksum.json	2699	e77a31c5b91c35d60072d2c1171d2fddec8b099e999a24df03d997c1dce57f25
SOURCE/PRODUCT/rust/vendor/once_cell-1.21.4/.cargo_vcs_info.json	94	abe28464063d16bc9b0ebaad2b1682fc1a8052b0968bb4277f6b265844822c67
SOURCE/PRODUCT/rust/vendor/once_cell-1.21.4/.github/workflows/ci.yaml	602	b1c9b12babf51fcaa7de2adc737c91e882da240cf847becf380141cec320cf2d
SOURCE/PRODUCT/rust/vendor/once_cell-1.21.4/CHANGELOG.md	7699	c104a8ec44b9087539185006e8187a8412883b902318e0a0a807a23ac756a070
SOURCE/PRODUCT/rust/vendor/once_cell-1.21.4/Cargo.lock	5125	25438daaf9e812ea9c506823a9030c708b38e0a664039c91f4d16b05d0444dd4
SOURCE/PRODUCT/rust/vendor/once_cell-1.21.4/Cargo.toml	2542	87e5b7ee438abdef12e46386e86370f54ad70cabdcf949556b9ef012a9da9587
SOURCE/PRODUCT/rust/vendor/once_cell-1.21.4/Cargo.toml.orig	2420	cce5bf836e33ad0e9adfb6e900d432371af2ca3861da45b719a0fce716ea810f
SOURCE/PRODUCT/rust/vendor/once_cell-1.21.4/LICENSE-APACHE	10847	a60eea817514531668d7e00765731449fe14d059d3249e0bc93b36de45f759f2
SOURCE/PRODUCT/rust/vendor/once_cell-1.21.4/LICENSE-MIT	1023	23f18e03dc49df91622fe2a76176497404e46ced8a715d9d2b67a7446571cca3
SOURCE/PRODUCT/rust/vendor/once_cell-1.21.4/README.md	2191	2331182c8b5a6971fd0d04a0ca711d5839e93b3de6b2003108940a8c93850aaf
SOURCE/PRODUCT/rust/vendor/once_cell-1.21.4/bors.toml	50	ebd69f714a49dceb8fd10ebadfea6e2767be4732fdef49eddf6239151b4bc78c
SOURCE/PRODUCT/rust/vendor/once_cell-1.21.4/examples/bench.rs	831	1597a52529f75d6c5ad0b86759a775b1d723dfa810e2016317283b13594219da
SOURCE/PRODUCT/rust/vendor/once_cell-1.21.4/examples/bench_acquire.rs	1344	9f4912ca262194cb55e893c33739c85c2f4868d07905b9dd3238552b6ce8a6e4
SOURCE/PRODUCT/rust/vendor/once_cell-1.21.4/examples/lazy_static.rs	1036	8bca1b264da21eceb1ccaf30477fc941bc71bedd030f1c6982ed3a7804abfb4f
SOURCE/PRODUCT/rust/vendor/once_cell-1.21.4/examples/reentrant_init_deadlocks.rs	351	ff84929de27a848e5b155549caa96db5db5f030afca975f8ba3f3da640083001
SOURCE/PRODUCT/rust/vendor/once_cell-1.21.4/examples/regex.rs	1663	4a2e0fb093c7f5bbe0fff8689fc0c670c5334344a1bfda376f5faa98a05d459f
SOURCE/PRODUCT/rust/vendor/once_cell-1.21.4/examples/test_synchronization.rs	1225	88abd5c16275bb2f2d77eaecf369d97681404a77b8edd0021f24bfd377c46be3
SOURCE/PRODUCT/rust/vendor/once_cell-1.21.4/src/imp_cs.rs	2485	9eb73c340931f642664a8ee7a823af318c1118fab87b1aa63489e10a73c30945
SOURCE/PRODUCT/rust/vendor/once_cell-1.21.4/src/imp_pl.rs	5916	9337fcbbfb80606de9f785f5e0f2d5ba513d7fd13918f90504bb24189831f877
SOURCE/PRODUCT/rust/vendor/once_cell-1.21.4/src/imp_std.rs	12743	1c130f83be5c1360dfd379911f97797c1e4c730b845f465c8c2630467ca317d2
SOURCE/PRODUCT/rust/vendor/once_cell-1.21.4/src/lib.rs	47322	9868277311543bf4a22463d41948af6e810feb40fdd7844d47893eeab1780215
SOURCE/PRODUCT/rust/vendor/once_cell-1.21.4/src/race.rs	16266	4751464e8ccedb102097962a68d736de6f9434f78aa7761a1a03efd4a360c6c3
SOURCE/PRODUCT/rust/vendor/once_cell-1.21.4/tests/it/main.rs	297	e6e9987e053af84b9d76052602995b1e777efb5bc06cd5f49009e6f03b18626c
SOURCE/PRODUCT/rust/vendor/once_cell-1.21.4/tests/it/race.rs	4735	5e299887123a852cb33692e27d88d59d2a007252675b60722d5e3ce5ca93dc19
SOURCE/PRODUCT/rust/vendor/once_cell-1.21.4/tests/it/race_once_box.rs	3798	0cb5b3852f92002445ccc481de11642b22b9137f3a09db566cb484ab8eb32325
SOURCE/PRODUCT/rust/vendor/once_cell-1.21.4/tests/it/sync_lazy.rs	3685	a36c5d66340b3d6d20aad331a499858a2125dfdfd624c5bf3b4b06a0b157c75c
SOURCE/PRODUCT/rust/vendor/once_cell-1.21.4/tests/it/sync_once_cell.rs	8206	e6e539ce06966f656b24cc692603cf39241690fa58339d2775ecccda274b3769
SOURCE/PRODUCT/rust/vendor/once_cell-1.21.4/tests/it/unsync_lazy.rs	2765	51a1ffd411770d1e32399ec23feb5f61be362bbed34e100eb7509f8496224e1a
SOURCE/PRODUCT/rust/vendor/once_cell-1.21.4/tests/it/unsync_once_cell.rs	3853	82b72936d7bd4090db25cfc543c01ef3206d6917ac56f09d17d4110a65deb30a
SOURCE/PRODUCT/rust/vendor/password-hash-0.5.0/.cargo-checksum.json	1917	004ec8f62ff6f8f1a22c36af753b30ebee182bb31ee2400bb1726562a3e3f534
SOURCE/PRODUCT/rust/vendor/password-hash-0.5.0/.cargo_vcs_info.json	107	b105317d0b4324835e43ccecd4b9fdba97bc253ce64b062844d1a92e7ca2ab1b
SOURCE/PRODUCT/rust/vendor/password-hash-0.5.0/CHANGELOG.md	5127	162a9fad9a9a220c2e62f93e6e1e2458f138baf7761f101137979cd31818251e
SOURCE/PRODUCT/rust/vendor/password-hash-0.5.0/Cargo.toml	1593	0680aa660e52066a5c4409d0d23212a15f555031e8ccaa9ea8aac5958a3ebe89
SOURCE/PRODUCT/rust/vendor/password-hash-0.5.0/Cargo.toml.orig	1063	c6cdae28333e7222973dc29735ad460d45c46521be337cd4141c75f8d215885d
SOURCE/PRODUCT/rust/vendor/password-hash-0.5.0/LICENSE-APACHE	10849	a9040321c3712d8fd0b09cf52b17445de04a23a10165049ae187cd39e5c86be5
SOURCE/PRODUCT/rust/vendor/password-hash-0.5.0/LICENSE-MIT	1070	233b95ccbf90dc67e32f3e8995c489f6312d9191ebd141a931c3b684f1e3be6d
SOURCE/PRODUCT/rust/vendor/password-hash-0.5.0/README.md	2860	59481c2d31aabedd213f3572def3969a0de18a1f05a41fc547d074047470a6c9
SOURCE/PRODUCT/rust/vendor/password-hash-0.5.0/src/encoding.rs	2161	c77d441ed057982a3847146d22f0154bd541fe66a157f0f33691fc36dc50ce93
SOURCE/PRODUCT/rust/vendor/password-hash-0.5.0/src/errors.rs	5212	14137cdcd7e0137f806e6664f17f6d17e5b0e55b946898a1b2c02bfa086dd39b
SOURCE/PRODUCT/rust/vendor/password-hash-0.5.0/src/ident.rs	5450	14fe7330bdad50d932efef361c5d0631ae94f173aa1c5741533f3107253e7365
SOURCE/PRODUCT/rust/vendor/password-hash-0.5.0/src/lib.rs	10935	b63c09576f0c8c8094b6cbe8bb4c13702adf7dc01d4185a3b11cb37e6316dca8
SOURCE/PRODUCT/rust/vendor/password-hash-0.5.0/src/output.rs	11527	dedbd1eea5a8c6a1ffb6b6d68507ef89fa5f059b55c2b89da3385cbbf0f704d5
SOURCE/PRODUCT/rust/vendor/password-hash-0.5.0/src/params.rs	12670	c76838597ded5162c1860fac341850ddfe6df5156d45a1514d8bebeee34d15be
SOURCE/PRODUCT/rust/vendor/password-hash-0.5.0/src/salt.rs	12696	c475e04c49716ec7278abf7147980c73ed53081f32f4b118474d10c1e6a89cb8
SOURCE/PRODUCT/rust/vendor/password-hash-0.5.0/src/traits.rs	3577	7ee9e9d21e416590ea529121b0de6960e9f1f2dd1b0a309a566efebf631f035f
SOURCE/PRODUCT/rust/vendor/password-hash-0.5.0/src/value.rs	10254	6541cad2260442117297ab463b88773b4caee60ebd42ffb4ceff7f75d6606b62
SOURCE/PRODUCT/rust/vendor/password-hash-0.5.0/tests/encoding.rs	1278	616fa947a4ae0af2c26d0c98c63dc12a5f677c863120c44f02e120e9416b804d
SOURCE/PRODUCT/rust/vendor/password-hash-0.5.0/tests/hashing.rs	2219	e2bfd8effde3586ebcc0b566f2b8840d94adc644837ad5eb6abf98cb526f59f8
SOURCE/PRODUCT/rust/vendor/password-hash-0.5.0/tests/password_hash.rs	3850	97e58fa5c58297b5ed6cda9edaa282c87d482d092c76c92fe10b6905b08da8e5
SOURCE/PRODUCT/rust/vendor/password-hash-0.5.0/tests/test_vectors.rs	1874	cd10b9b085947b06bf5c7894fe7ea0290b963bdde7daea59052b3efaefa0edd7
SOURCE/PRODUCT/rust/vendor/percent-encoding-2.3.2/.cargo-checksum.json	904	163a80f87ba5b6c8f93e80e59605967f6d01a1a3f375c1791db4af6511b520f3
SOURCE/PRODUCT/rust/vendor/percent-encoding-2.3.2/.cargo_vcs_info.json	129	2ae92ec4c21dd8bca2d5ecb28b40596427d969782a6453a8d2cbb6e9183bfe1c
SOURCE/PRODUCT/rust/vendor/percent-encoding-2.3.2/Cargo.lock	160	e8ebbff29bf764c0f87881e1cc39ed66efe9c7ea61d7e07749d530f7c8eba82c
SOURCE/PRODUCT/rust/vendor/percent-encoding-2.3.2/Cargo.toml	1056	e4ea043c47bbd5551fc5fcf8151eab94428b4be6f2337834a0f9020a4392fb19
SOURCE/PRODUCT/rust/vendor/percent-encoding-2.3.2/Cargo.toml.orig	415	36b46b35abb58c4e2dbe2c25bcf64709ed170bd720efd1b4b1280509ca072f5f
SOURCE/PRODUCT/rust/vendor/percent-encoding-2.3.2/LICENSE-APACHE	10847	a60eea817514531668d7e00765731449fe14d059d3249e0bc93b36de45f759f2
SOURCE/PRODUCT/rust/vendor/percent-encoding-2.3.2/LICENSE-MIT	1072	b38f11f6096706e6de553dabe2a7ed142d59b6fa8c97e290c67496154745cdd5
SOURCE/PRODUCT/rust/vendor/percent-encoding-2.3.2/src/ascii_set.rs	5812	f75552e4f446ed240cef64c1367e848cf3ae65f77602085459566d835a1d8587
SOURCE/PRODUCT/rust/vendor/percent-encoding-2.3.2/src/lib.rs	16051	641903d385581e76f31ef8c991d83c2a5d7fbbc2879d93909c539037e4e1e3e2
SOURCE/PRODUCT/rust/vendor/pin-project-lite-0.2.17/.cargo-checksum.json	8621	26a8f2ccc560528d76c3a86d4236b184d9eb6daa69d711c830a763716b158a13
SOURCE/PRODUCT/rust/vendor/pin-project-lite-0.2.17/.cargo_vcs_info.json	94	8963794f9697aaefa78e18e84868db11ccb35ccf181bee63080b4b8288aca713
SOURCE/PRODUCT/rust/vendor/pin-project-lite-0.2.17/CHANGELOG.md	11238	bc8ee542db08cd5c877ca45fb7266131d7da2be12271147d3596becec3825002
SOURCE/PRODUCT/rust/vendor/pin-project-lite-0.2.17/Cargo.lock	898	da0e15b444ac71828ac931113ff6737f4d583ddad879a90a0171b211fb32840f
SOURCE/PRODUCT/rust/vendor/pin-project-lite-0.2.17/Cargo.toml	3699	473f9cfe9738986d0d1c46e306bd11ad3e36bca8f1eab5bbe9f7297313fb33f4
SOURCE/PRODUCT/rust/vendor/pin-project-lite-0.2.17/Cargo.toml.orig	4293	db145fe035b37a7965b03b7df78b5b4635a1bad60b13e76f87ec541667c3d143
SOURCE/PRODUCT/rust/vendor/pin-project-lite-0.2.17/LICENSE-APACHE	10174	0d542e0c8804e39aa7f37eb00da5a762149dc682d7829451287e11b938e94594
SOURCE/PRODUCT/rust/vendor/pin-project-lite-0.2.17/LICENSE-MIT	1023	23f18e03dc49df91622fe2a76176497404e46ced8a715d9d2b67a7446571cca3
SOURCE/PRODUCT/rust/vendor/pin-project-lite-0.2.17/README.md	4281	a6221fce50cc09c13b03a7973fb1d4dbf59ce7f46ca06830bbd46d201ed3b2d8
SOURCE/PRODUCT/rust/vendor/pin-project-lite-0.2.17/src/lib.rs	57246	09a84ff233021dabb75200ef71ebcb1c5a47c94484ce294ef5dcf43797873ba4
SOURCE/PRODUCT/rust/vendor/pin-project-lite-0.2.17/tests/auxiliary/mod.rs	316	52a78b77be05c67737c56865fbce4477eaacc6482d6377af2a5822f05a2ce061
SOURCE/PRODUCT/rust/vendor/pin-project-lite-0.2.17/tests/compiletest.rs	248	48cfd92c7271345d57a6c222a7a61e00449f38e6ba379130813c45b31a5589c9
SOURCE/PRODUCT/rust/vendor/pin-project-lite-0.2.17/tests/drop_order.rs	4413	9b13b6461e44be1c1beca6ec47387de83efcb988326e4ff832183b8fad17a3f4
SOURCE/PRODUCT/rust/vendor/pin-project-lite-0.2.17/tests/expand/.rustfmt.toml	30	3025e466e14d8ac54e5371397434f79be4976b5bf3faf64e36c5e941980a0cf2
SOURCE/PRODUCT/rust/vendor/pin-project-lite-0.2.17/tests/expand/default/enum.expanded.rs	5175	a0e001a28bd060f5091a977141eddfe169b2e1ebffe4b180e3af20b6837b4f02
SOURCE/PRODUCT/rust/vendor/pin-project-lite-0.2.17/tests/expand/default/enum.rs	351	ebe6b6403e35459420f6fe979243c382972d2d582376d69f6c630ab5ba2599b5
SOURCE/PRODUCT/rust/vendor/pin-project-lite-0.2.17/tests/expand/default/struct.expanded.rs	3356	437332ba78e77ddf56431f897f2032994654a8d0a958bc97fb155072282c91ae
SOURCE/PRODUCT/rust/vendor/pin-project-lite-0.2.17/tests/expand/default/struct.rs	201	05767cd68ec5cddc481cff5ad677b5146f7d6fd1effcf1ff131d24c334d85032
SOURCE/PRODUCT/rust/vendor/pin-project-lite-0.2.17/tests/expand/multifields/enum.expanded.rs	3536	f6ed5344acfb0ebcd55cbe0e9a70bedad50815e2f540729f1ca59bb33e77b463
SOURCE/PRODUCT/rust/vendor/pin-project-lite-0.2.17/tests/expand/multifields/enum.rs	315	d38eb301c86307edbf5cb07ed434b64a10a68aaef32dfb8b15029b5cc5586b0b
SOURCE/PRODUCT/rust/vendor/pin-project-lite-0.2.17/tests/expand/multifields/struct.expanded.rs	5988	7257c732191d5dd697ddf7939d24f5600bda10cc72f80c92c1217b3209832dff
SOURCE/PRODUCT/rust/vendor/pin-project-lite-0.2.17/tests/expand/multifields/struct.rs	267	1fe2b911e8782eaac5952d9e0914473d46d82db45b1da859bdc6b8dc3978e549
SOURCE/PRODUCT/rust/vendor/pin-project-lite-0.2.17/tests/expand/naming/enum-all.expanded.rs	5175	a0e001a28bd060f5091a977141eddfe169b2e1ebffe4b180e3af20b6837b4f02
SOURCE/PRODUCT/rust/vendor/pin-project-lite-0.2.17/tests/expand/naming/enum-all.rs	351	ebe6b6403e35459420f6fe979243c382972d2d582376d69f6c630ab5ba2599b5
SOURCE/PRODUCT/rust/vendor/pin-project-lite-0.2.17/tests/expand/naming/enum-mut.expanded.rs	2257	72712b60b635d79ff6d53dcefac952335fc7b2c1befd245f122921b23a7bfa9e
SOURCE/PRODUCT/rust/vendor/pin-project-lite-0.2.17/tests/expand/naming/enum-mut.rs	277	bf215d055b29a7f9fdb84cabf34576d9dec8e87c33cebe2b553d1fe5e5cb0882
SOURCE/PRODUCT/rust/vendor/pin-project-lite-0.2.17/tests/expand/naming/enum-none.expanded.rs	1040	6c00c1ab0d340fe72ea6c2fe502073ad74c6801250a6261d7cd3612a315ae798
SOURCE/PRODUCT/rust/vendor/pin-project-lite-0.2.17/tests/expand/naming/enum-none.rs	251	115968816e1a1a6b3634b8594dde4815d4641d817d69ebdd90879b96a8a2808e
SOURCE/PRODUCT/rust/vendor/pin-project-lite-0.2.17/tests/expand/naming/enum-ref.expanded.rs	2251	fa708877f09333c49c6fc5c101ff0d5c70a1372f7ee6d4830939ce5ff197ac48
SOURCE/PRODUCT/rust/vendor/pin-project-lite-0.2.17/tests/expand/naming/enum-ref.rs	284	e09ce2ca812b9fcf7dc59b486e5b50b84db08860a2ceda63ba094d7351bb391f
SOURCE/PRODUCT/rust/vendor/pin-project-lite-0.2.17/tests/expand/naming/struct-all.expanded.rs	4656	fdfdb4d9c696ff9103cdbdea350dbe0dd2b40d5680e19295747bb167f3791b94
SOURCE/PRODUCT/rust/vendor/pin-project-lite-0.2.17/tests/expand/naming/struct-all.rs	307	0d6b64bc687fbc19329a5558461329e3d2cfa367ff8adb7be76efe2d3160d33e
SOURCE/PRODUCT/rust/vendor/pin-project-lite-0.2.17/tests/expand/naming/struct-mut.expanded.rs	3276	d7f0c80f787de540c97faed814c51efd66d08b0e5bb8db3185a923f1bfdbf19f
SOURCE/PRODUCT/rust/vendor/pin-project-lite-0.2.17/tests/expand/naming/struct-mut.rs	229	36edd8db816c122c80ccb139b4305cad8edfdf9b7ee4aebacafa1180613a5075
SOURCE/PRODUCT/rust/vendor/pin-project-lite-0.2.17/tests/expand/naming/struct-none.expanded.rs	3356	437332ba78e77ddf56431f897f2032994654a8d0a958bc97fb155072282c91ae
SOURCE/PRODUCT/rust/vendor/pin-project-lite-0.2.17/tests/expand/naming/struct-none.rs	201	05767cd68ec5cddc481cff5ad677b5146f7d6fd1effcf1ff131d24c334d85032
SOURCE/PRODUCT/rust/vendor/pin-project-lite-0.2.17/tests/expand/naming/struct-ref.expanded.rs	3276	8c5d5efc6f18f08c84c977d8b4e8f2e3505a75a198c418cf0c60cd7b51d2024b
SOURCE/PRODUCT/rust/vendor/pin-project-lite-0.2.17/tests/expand/naming/struct-ref.rs	236	dd249875f962d16dd9ec821acf0c2b5c1ed0ed05569f6e874ccd5caca2759acf
SOURCE/PRODUCT/rust/vendor/pin-project-lite-0.2.17/tests/expand/not_unpin/enum.expanded.rs	3288	1c2dde8ff53bff0716a490ca6dc2fed351d4db1ef7bbd4cf40d48b8f7d305839
SOURCE/PRODUCT/rust/vendor/pin-project-lite-0.2.17/tests/expand/not_unpin/enum.rs	333	c65aac4d2083e83d2dfc3bec8ce243e3e9169ef5f986f077f0a8b4226d39f7c3
SOURCE/PRODUCT/rust/vendor/pin-project-lite-0.2.17/tests/expand/not_unpin/struct.expanded.rs	3023	3ba32743c7578aad45354b59e1ad2d9dcb64a753f34ad25431c529b436260e15
SOURCE/PRODUCT/rust/vendor/pin-project-lite-0.2.17/tests/expand/not_unpin/struct.rs	287	99d77727393e4a050d2ceb99710172dfdd13dfcb6e6416f63de39e5df3a9f03f
SOURCE/PRODUCT/rust/vendor/pin-project-lite-0.2.17/tests/expand/pinned_drop/enum.expanded.rs	3796	8776e664d0af9102c6af6f41dfb3e6cd8c69a5cb4fb3fd8ed8fb0aaca95dc711
SOURCE/PRODUCT/rust/vendor/pin-project-lite-0.2.17/tests/expand/pinned_drop/enum.rs	435	8f590791cb4693bb077c562f0d93128f9452e6a5f60c631b5fd624a221883ebd
SOURCE/PRODUCT/rust/vendor/pin-project-lite-0.2.17/tests/expand/pinned_drop/struct.expanded.rs	3691	9643f7d71b94675a71c7c0ff8d8a3b1e3f716bb1f7c0efdea5c6c74b76274d2b
SOURCE/PRODUCT/rust/vendor/pin-project-lite-0.2.17/tests/expand/pinned_drop/struct.rs	328	8da271d7d3182b33be297d985a1e3b57d6067406db21eca8ac2c448ef1a0869a
SOURCE/PRODUCT/rust/vendor/pin-project-lite-0.2.17/tests/expand/pub/enum.expanded.rs	3515	c52cfaa064ffbf04821386180d3ddf8a57a54012ece5114114f4ae4c7215d93f
SOURCE/PRODUCT/rust/vendor/pin-project-lite-0.2.17/tests/expand/pub/enum.rs	314	fdbd806e92cfad4e67737d1f782544aa4e3116bae702161c43b5c22bfbf3a208
SOURCE/PRODUCT/rust/vendor/pin-project-lite-0.2.17/tests/expand/pub/struct.expanded.rs	3432	9e84c170b1e6505ffed33d66c976c44338cffa35838ddaef52c3598dec7cfe55
SOURCE/PRODUCT/rust/vendor/pin-project-lite-0.2.17/tests/expand/pub/struct.rs	213	05cb3f03ef9801fecf0a7c86bbd236c97218b34ac01ee507cb7de9a78efaeffa
SOURCE/PRODUCT/rust/vendor/pin-project-lite-0.2.17/tests/expandtest.rs	232	a4336ab879d79824ab3144ea385a7a00ba77604c3b6639ae53b6283850b421df
SOURCE/PRODUCT/rust/vendor/pin-project-lite-0.2.17/tests/include/basic.rs	2159	8c06c765c92d696284dde5b4762488100ce0ee1661ead307023a85d5c82d8ddc
SOURCE/PRODUCT/rust/vendor/pin-project-lite-0.2.17/tests/proper_unpin.rs	2039	83790eb38ae2fd5aed97fc67da79d91c1071f08d1e5aaef0c71e65d8b5767403
SOURCE/PRODUCT/rust/vendor/pin-project-lite-0.2.17/tests/test.rs	14456	3bfff987a820770bd0126656a77871d5609f21c9c3b6825bd1606561aa37b572
SOURCE/PRODUCT/rust/vendor/pin-project-lite-0.2.17/tests/ui/not_unpin/conflict-unpin.rs	575	23c7e081d86f2000838c32844dce1eee98d1b118eb1a29daf65c705aad5c68fb
SOURCE/PRODUCT/rust/vendor/pin-project-lite-0.2.17/tests/ui/not_unpin/conflict-unpin.stderr	2438	af2198329d947c0ce17478f84e2f9930eec2fbf7724fe3d498cddc649882afc6
SOURCE/PRODUCT/rust/vendor/pin-project-lite-0.2.17/tests/ui/not_unpin/negative_impls_stable.rs	540	f014d5398d505ca5f482905cb9597a2d5fced563b9350229468c3751dd7f92ae
SOURCE/PRODUCT/rust/vendor/pin-project-lite-0.2.17/tests/ui/not_unpin/negative_impls_stable.stderr	894	3753d61c5ac847522b778a89000ed023ce69b5f9bf1078184e6f54a071f9854b
SOURCE/PRODUCT/rust/vendor/pin-project-lite-0.2.17/tests/ui/pin_project/conflict-drop.rs	272	a1964fa136080cc354479ff55b8428e5fa79305681fb2475cc37d6071cd64112
SOURCE/PRODUCT/rust/vendor/pin-project-lite-0.2.17/tests/ui/pin_project/conflict-drop.stderr	587	623613517ebc409a6b9f85c70f392610f7f04600719be3fe2393e3a7161c9c3a
SOURCE/PRODUCT/rust/vendor/pin-project-lite-0.2.17/tests/ui/pin_project/conflict-unpin.rs	1315	37e7b2f9ab1be70d0521c9dbbc954067f22a2321511e008f0f72e13d0edb4afe
SOURCE/PRODUCT/rust/vendor/pin-project-lite-0.2.17/tests/ui/pin_project/conflict-unpin.stderr	3772	c927a3fb51a27faea9a622ac4389023a7bd2d12d91579977c42688efa3823f8b
SOURCE/PRODUCT/rust/vendor/pin-project-lite-0.2.17/tests/ui/pin_project/invalid-bounds.rs	1907	4068e272a4f5d44851e0901dd6cfa806ead000c2e1a507a2b42be51d26d17056
SOURCE/PRODUCT/rust/vendor/pin-project-lite-0.2.17/tests/ui/pin_project/invalid-bounds.stderr	18966	2a666eda02fbd995399a7f835e97d46512d6d473585f6a65045a1ba245820d15
SOURCE/PRODUCT/rust/vendor/pin-project-lite-0.2.17/tests/ui/pin_project/invalid.rs	473	1c84cc089623dd31f483011ed6543f169af341b028a212fcf00146bc96dd792f
SOURCE/PRODUCT/rust/vendor/pin-project-lite-0.2.17/tests/ui/pin_project/invalid.stderr	1427	b6da005d80c9cd83075b767e03b2b7783c6ce1e7d91af2d2c8dc8b147e1984f9
SOURCE/PRODUCT/rust/vendor/pin-project-lite-0.2.17/tests/ui/pin_project/negative_impls_stable.rs	517	1e70055fbec4bc0a53454fd93a0663f8785440d37dcf359ab29958d97fd51e9d
SOURCE/PRODUCT/rust/vendor/pin-project-lite-0.2.17/tests/ui/pin_project/negative_impls_stable.stderr	731	ec2685a5d7b574a4b433c2f20f36097a14a080ad3965fe13aad461ba76584f8a
SOURCE/PRODUCT/rust/vendor/pin-project-lite-0.2.17/tests/ui/pin_project/overlapping_lifetime_names.rs	219	ac9c29b389e8e067e9e384cf04be69c0e5bb862cf373de0e3b4296fe2007809b
SOURCE/PRODUCT/rust/vendor/pin-project-lite-0.2.17/tests/ui/pin_project/overlapping_lifetime_names.stderr	2927	a957ca87b4f6fceb65ffd53eb306ce0bcab49e8268a51a979477b9051d7c9c83
SOURCE/PRODUCT/rust/vendor/pin-project-lite-0.2.17/tests/ui/pin_project/overlapping_unpin_struct.rs	337	cb3d6d4087b8b4c917bc71e55764775f6bb018a77cda5c6b726afacd66789859
SOURCE/PRODUCT/rust/vendor/pin-project-lite-0.2.17/tests/ui/pin_project/overlapping_unpin_struct.stderr	1438	5008d2ab8d761f307bf82c97555b5c25ade7a1fa3a9d2cb84b9840e3c8eff544
SOURCE/PRODUCT/rust/vendor/pin-project-lite-0.2.17/tests/ui/pin_project/packed.rs	399	6a24ac14e61e5d3e3b495f49d226318ec500e5aa46f34acf8e4f3e0827bd9604
SOURCE/PRODUCT/rust/vendor/pin-project-lite-0.2.17/tests/ui/pin_project/packed.stderr	5639	87b287980cc26fe0f086d3f6a733339c96da4fa6cec904e3005d16345c2fb08b
SOURCE/PRODUCT/rust/vendor/pin-project-lite-0.2.17/tests/ui/pin_project/unpin_sneaky.rs	221	6e6385e067679c3bf5233163b3fa99ff2fc28bcb93fe594a5c987c0db7c0eaa6
SOURCE/PRODUCT/rust/vendor/pin-project-lite-0.2.17/tests/ui/pin_project/unpin_sneaky.stderr	217	cc0b8a2b832d309e3ac73bdbdc369fbbb738ed20898ccff89b1f6fb2bd4fa301
SOURCE/PRODUCT/rust/vendor/pin-project-lite-0.2.17/tests/ui/pin_project/unsupported.rs	542	3ad5f584f9e56be3573133fba026a7bb378595d0a4b7b1bcbb6b78e37cef20a7
SOURCE/PRODUCT/rust/vendor/pin-project-lite-0.2.17/tests/ui/pin_project/unsupported.stderr	3663	93433fdb5c0542036a5a44f25da885d0c1ae78ad84094b924debe7af4cd8b73b
SOURCE/PRODUCT/rust/vendor/pin-project-lite-0.2.17/tests/ui/pinned_drop/call-drop-inner.rs	319	0618b60a450c99b5953b302e26c68df1abe7632af3d9baf3639eb60091e4ff4e
SOURCE/PRODUCT/rust/vendor/pin-project-lite-0.2.17/tests/ui/pinned_drop/call-drop-inner.stderr	772	ce3f7849c00ccfd31cfba66eda040402948c543e19bbae00e46509fe8ed3398f
SOURCE/PRODUCT/rust/vendor/pin-project-lite-0.2.17/tests/ui/pinned_drop/conditional-drop-impl.rs	516	df03f38b2a331f339af2734fdd4ad2f637b2e2189d9928599adebe04ebee517f
SOURCE/PRODUCT/rust/vendor/pin-project-lite-0.2.17/tests/ui/pinned_drop/conditional-drop-impl.stderr	1142	fefd8098eacd9776ef3996c34caa39c0b77c47f216fb5b186f123580f8203f65
SOURCE/PRODUCT/rust/vendor/ppv-lite86-0.2.21/.cargo-checksum.json	1242	5c8a1c072c3a403554b594f8ceaaf18c6aea85eb5fe1abc0bcd4d2028e2a1f00
SOURCE/PRODUCT/rust/vendor/ppv-lite86-0.2.21/.cargo_vcs_info.json	115	2fb1672300ee2dc24306b2ba3a58a3ecec6e4165154232e4ae7ab079226cbe65
SOURCE/PRODUCT/rust/vendor/ppv-lite86-0.2.21/CHANGELOG.md	443	0bd1d2bdb4a940a0d867a782644eb007e79611be0a8d74d4ba106e83597716df
SOURCE/PRODUCT/rust/vendor/ppv-lite86-0.2.21/Cargo.toml	1223	aa9337145bd03a6e76fd42c2ee5f07c5c23ff6b2eb73cfc35c3070d76c5bacb8
SOURCE/PRODUCT/rust/vendor/ppv-lite86-0.2.21/Cargo.toml.orig	604	eab2d53c62ed1a81b0f7d9e1cda5c2a6c15b3b3ab2a8f2a2ec8fb5c865db46c9
SOURCE/PRODUCT/rust/vendor/ppv-lite86-0.2.21/LICENSE-APACHE	10854	0218327e7a480793ffdd4eb792379a9709e5c135c7ba267f709d6f6d4d70af0a
SOURCE/PRODUCT/rust/vendor/ppv-lite86-0.2.21/LICENSE-MIT	1076	4cada0bd02ea3692eee6f16400d86c6508bbd3bafb2b65fed0419f36d4f83e8f
SOURCE/PRODUCT/rust/vendor/ppv-lite86-0.2.21/src/generic.rs	24226	4ed0101db7e24bd12472c4ebb347b200f7e0a71838abc10b223d2ae1508960c2
SOURCE/PRODUCT/rust/vendor/ppv-lite86-0.2.21/src/lib.rs	1000	45f498128e4843e920df48a285b26b87d2366983226b131e8f55535b45d03127
SOURCE/PRODUCT/rust/vendor/ppv-lite86-0.2.21/src/soft.rs	13253	12248968388d2f94dc90672bfee04fbf4fe7cba6f7237394c3607a9aa0600373
SOURCE/PRODUCT/rust/vendor/ppv-lite86-0.2.21/src/types.rs	7444	a1c9e993f85a99d1762597193d72ee8ff00c3f1116885040b4e4ecfbdedabf0a
SOURCE/PRODUCT/rust/vendor/ppv-lite86-0.2.21/src/x86_64/mod.rs	16151	89827a9d6a310adf8825961df92e1476c4da5012ee46961f26c6bc498065cf27
SOURCE/PRODUCT/rust/vendor/ppv-lite86-0.2.21/src/x86_64/sse2.rs	56252	7b5b3b8caefa7a75f00ac44a95e630b3bdd8d0d08fd7d37ab0b287939289c951
SOURCE/PRODUCT/rust/vendor/proc-macro2-1.0.107/.cargo-checksum.json	3001	f446cfd05e78b027598827cd6a564b7856a55fc5612e992c3dab2c28ba589ba1
SOURCE/PRODUCT/rust/vendor/proc-macro2-1.0.107/.cargo_vcs_info.json	94	0a870b23ea0c10231ed5a850b8fe8f23dd74926e90594e49a35a7e1b5e8a92f5
SOURCE/PRODUCT/rust/vendor/proc-macro2-1.0.107/.github/FUNDING.yml	16	b017158736b3c9751a2d21edfce7fe61c8954e2fced8da8dd3013c2f3e295bd9
SOURCE/PRODUCT/rust/vendor/proc-macro2-1.0.107/.github/workflows/ci.yml	7371	f0003fd6c9bd0f9208f552a57dd5dd76fee714a7d0be286cecc98f06add580ff
SOURCE/PRODUCT/rust/vendor/proc-macro2-1.0.107/Cargo.lock	5985	30daf1b1e7557b089dfe7783a6cdd8bd7b4f82b31eaaa554c1afbca448f3a936
SOURCE/PRODUCT/rust/vendor/proc-macro2-1.0.107/Cargo.toml	2460	6bdbe54a7f052e552dcfca90351764476e2767237ec3f954df8bd9f602861056
SOURCE/PRODUCT/rust/vendor/proc-macro2-1.0.107/Cargo.toml.orig	2340	e04a009c48ea3e9b017807ea9183e330cc909a9cc0e754c5c6b3f7c0b29fb9de
SOURCE/PRODUCT/rust/vendor/proc-macro2-1.0.107/LICENSE-APACHE	9723	62c7a1e35f56406896d7aa7ca52d0cc0d272ac022b5d2796e7d6905db8a3636a
SOURCE/PRODUCT/rust/vendor/proc-macro2-1.0.107/LICENSE-MIT	1023	23f18e03dc49df91622fe2a76176497404e46ced8a715d9d2b67a7446571cca3
SOURCE/PRODUCT/rust/vendor/proc-macro2-1.0.107/README.md	3864	8eebdcf2f9a5034693589a9982adf06c2aac5c9f078c07a44400d293ed5b4a8e
SOURCE/PRODUCT/rust/vendor/proc-macro2-1.0.107/build.rs	10277	baeb20b52f6b536be8657a566591a507bb2e34a45cf8baa42b135510a0c3c729
SOURCE/PRODUCT/rust/vendor/proc-macro2-1.0.107/rust-toolchain.toml	38	6bbb61302978c736b2da03e4fb40e3beab908f85d533ab46fd541e637b5f3e0f
SOURCE/PRODUCT/rust/vendor/proc-macro2-1.0.107/src/detection.rs	2703	ed9a5f9a979ab01247d7a68eeb1afa3c13209334c5bfff0f9289cb07e5bb4e8b
SOURCE/PRODUCT/rust/vendor/proc-macro2-1.0.107/src/extra.rs	5164	29f094473279a29b71c3cc9f5fa27c2e2c30c670390cf7e4b7cf451486cc857e
SOURCE/PRODUCT/rust/vendor/proc-macro2-1.0.107/src/fallback.rs	35014	416a3d24349c163d47f62ac8ae61c28ba6dc4990f04f3d5dacde030b86582d06
SOURCE/PRODUCT/rust/vendor/proc-macro2-1.0.107/src/lib.rs	51164	ed6bf5e3c3b4fc952d4bdf9b48b149087bceaebf5392befce0bc6cae590a008d
SOURCE/PRODUCT/rust/vendor/proc-macro2-1.0.107/src/location.rs	871	9225c5a55f03b56cce42bc55ceb509e8216a5e0b24c94aa1cd071b04e3d6c15f
SOURCE/PRODUCT/rust/vendor/proc-macro2-1.0.107/src/marker.rs	573	c11c5a1be8bdf18be3fcd224393f350a9aae7ce282e19ce583c84910c6903a8f
SOURCE/PRODUCT/rust/vendor/proc-macro2-1.0.107/src/num.rs	342	82d625cbcd255965e46231ac3af1b74ab8bff9787c799e8ed1f978de146cb0b5
SOURCE/PRODUCT/rust/vendor/proc-macro2-1.0.107/src/parse.rs	28680	1257d423e9311dda9db0239ff244dfe7b028c1048ab8a83d76daec6068b05114
SOURCE/PRODUCT/rust/vendor/proc-macro2-1.0.107/src/probe.rs	220	2b57e8ebf46a7c60ee2762f23f16d24ee9ddb8f1acd0a7faf7a99cf2e4187151
SOURCE/PRODUCT/rust/vendor/proc-macro2-1.0.107/src/probe/proc_macro_span.rs	1217	53853f0c70170c9695294b8867821664d9b8f1c901957b003003a3c26987abbe
SOURCE/PRODUCT/rust/vendor/proc-macro2-1.0.107/src/probe/proc_macro_span_file.rs	370	e7fb4cf8852d9d589bfa3321d8d5cdc8cccb45606ec816a6b8a08f73e416b9ce
SOURCE/PRODUCT/rust/vendor/proc-macro2-1.0.107/src/probe/proc_macro_span_location.rs	408	e022386204b6e042b3c55a6c809923849a2f915199bcbf3be72d0b7c8ffa7f83
SOURCE/PRODUCT/rust/vendor/proc-macro2-1.0.107/src/rcvec.rs	3080	d6e4c1ea42f75e63465fce50ca83f9257536ccdc0345fe78b0037aa2c08c5e37
SOURCE/PRODUCT/rust/vendor/proc-macro2-1.0.107/src/rustc_literal_escaper.rs	22380	fb3f2f93a09b84f539e6ef514d4b403ee16f2112ff04642099170a60828318ee
SOURCE/PRODUCT/rust/vendor/proc-macro2-1.0.107/src/wrapper.rs	31198	21a563ef1eec685e3d60ee0479812f212c578dc6d405053b7827c46f6801fdc6
SOURCE/PRODUCT/rust/vendor/proc-macro2-1.0.107/tests/comments.rs	3456	11520f6baee23b9258db904f4c256fd3877493f754e2b99041f73a330e74a911
SOURCE/PRODUCT/rust/vendor/proc-macro2-1.0.107/tests/features.rs	227	7e52c0c801019b271bf11a994c2e1799a1429b0c1a3a34e551a23971797fe412
SOURCE/PRODUCT/rust/vendor/proc-macro2-1.0.107/tests/marker.rs	2647	f16299460587d6c65603ed809f1a3b81853e4b99d6cb44d0b68bb07259d7e9f8
SOURCE/PRODUCT/rust/vendor/proc-macro2-1.0.107/tests/test.rs	32289	7d58c3a754241ffdec84e4e9ac799852071db71d77359de164ca7ba6217020e9
SOURCE/PRODUCT/rust/vendor/proc-macro2-1.0.107/tests/test_fmt.rs	1263	1fa3a817bf934c3bb38942e56eecb70ef525710c6bcfec0356adec654b053c0b
SOURCE/PRODUCT/rust/vendor/proc-macro2-1.0.107/tests/test_size.rs	3805	7ed5f07c3ccc74c4d09f3c1c43542fbbe23417146761558a0fd4659e19ae1afc
SOURCE/PRODUCT/rust/vendor/quote-1.0.47/.cargo-checksum.json	3410	77c75949648f39a753e67b9fa616fa255429b9475e52eb8b87ebf70307133d70
SOURCE/PRODUCT/rust/vendor/quote-1.0.47/.cargo_vcs_info.json	94	1452b78f41bb8c7dbf526da57f134ac6d75cf80b7cc539494bab5e133907ce0e
SOURCE/PRODUCT/rust/vendor/quote-1.0.47/.github/FUNDING.yml	16	b017158736b3c9751a2d21edfce7fe61c8954e2fced8da8dd3013c2f3e295bd9
SOURCE/PRODUCT/rust/vendor/quote-1.0.47/.github/workflows/ci.yml	2861	fb61965972f379dbd9bd98ea5d45ffd67fd79b30e71ef667f69e8b65134923c2
SOURCE/PRODUCT/rust/vendor/quote-1.0.47/Cargo.lock	6722	a8d837a5066c75ed2af8a982eb6f8ebdfb96f94ddb06978fec45827f4ea1348c
SOURCE/PRODUCT/rust/vendor/quote-1.0.47/Cargo.toml	1753	13d8c50837f14aff48cd622349f98fb2c46350b7a0c08fd574cf7de4def27d06
SOURCE/PRODUCT/rust/vendor/quote-1.0.47/Cargo.toml.orig	1150	acbbe8c10dc81f648339333c8fa3e0aa787ad5887b105d1947bc522553d87d73
SOURCE/PRODUCT/rust/vendor/quote-1.0.47/LICENSE-APACHE	9723	62c7a1e35f56406896d7aa7ca52d0cc0d272ac022b5d2796e7d6905db8a3636a
SOURCE/PRODUCT/rust/vendor/quote-1.0.47/LICENSE-MIT	1023	23f18e03dc49df91622fe2a76176497404e46ced8a715d9d2b67a7446571cca3
SOURCE/PRODUCT/rust/vendor/quote-1.0.47/README.md	9203	9d6af721967088b8263c0544c0c3c459206998252dd5632a3bdf87cb27ec92be
SOURCE/PRODUCT/rust/vendor/quote-1.0.47/build.rs	882	cd6808c02e476b09a520105e2c6f6d325cccb1ecd542cbbcc836a0ae6f6fb0f1
SOURCE/PRODUCT/rust/vendor/quote-1.0.47/rust-toolchain.toml	38	6bbb61302978c736b2da03e4fb40e3beab908f85d533ab46fd541e637b5f3e0f
SOURCE/PRODUCT/rust/vendor/quote-1.0.47/src/ext.rs	3549	dabcf1dbf9a81c2dccbfb85f81a08120f5a15be40616d51434ed4ebdfe0c7283
SOURCE/PRODUCT/rust/vendor/quote-1.0.47/src/format.rs	4816	662db1f14106d79aacab400a3176a75989a4437ecaaa85ab88cd9a40b750cc5b
SOURCE/PRODUCT/rust/vendor/quote-1.0.47/src/ident_fragment.rs	2359	eed1a7407182c00ddfdc98741eaa6e234a6d2c01755e95f943b27926b8c92243
SOURCE/PRODUCT/rust/vendor/quote-1.0.47/src/lib.rs	47968	e01ca26adfe51a087813d1fc1154efd8a8c9cb5b5a81f314194b4904a4422c71
SOURCE/PRODUCT/rust/vendor/quote-1.0.47/src/runtime.rs	15848	fdb7986b31141627408b51381607f66ef4b69dd81b080c2f6489da267e96b2ba
SOURCE/PRODUCT/rust/vendor/quote-1.0.47/src/spanned.rs	1081	713678bf5cb3b4bf2f119dcf64d188a63dc59455a724c3d2567ceab83b734d73
SOURCE/PRODUCT/rust/vendor/quote-1.0.47/src/to_tokens.rs	7185	1b07b676afce2f666bac6f454758d066758033fc85e9cd9d2d12d58ad2eb36e1
SOURCE/PRODUCT/rust/vendor/quote-1.0.47/tests/compiletest.rs	214	4e381aa8ca3eabb7ac14d1e0c3700b3223e47640547a6988cfa13ad68255f60f
SOURCE/PRODUCT/rust/vendor/quote-1.0.47/tests/test.rs	13694	023d6b57ba5ba199a04d9757e3b1464c2bc09579b035ea82c047e08d89d19226
SOURCE/PRODUCT/rust/vendor/quote-1.0.47/tests/ui/does-not-have-iter-interpolated-dup.rs	209	ad13eea21d4cdd2ab6c082f633392e1ff20fb0d1af5f2177041e0bf7f30da695
SOURCE/PRODUCT/rust/vendor/quote-1.0.47/tests/ui/does-not-have-iter-interpolated-dup.stderr	767	c7bbbc8860b9ec0e87e725412a139841c3046aaf465f7190c94f935ab037a996
SOURCE/PRODUCT/rust/vendor/quote-1.0.47/tests/ui/does-not-have-iter-interpolated.rs	201	83a5b3f240651adcbe4b6e51076d76d653ad439b37442cf4054f1fd3c073f3b7
SOURCE/PRODUCT/rust/vendor/quote-1.0.47/tests/ui/does-not-have-iter-interpolated.stderr	747	6ca839345f8119f7eb3acd2fc6a37833dbcc861c02d8961727db01a29318fcc6
SOURCE/PRODUCT/rust/vendor/quote-1.0.47/tests/ui/does-not-have-iter-separated.rs	55	fe413c48331d5e3a7ae5fef6a5892a90c72f610d54595879eb49d0a94154ba3f
SOURCE/PRODUCT/rust/vendor/quote-1.0.47/tests/ui/does-not-have-iter-separated.stderr	738	ff2312aa4623e79eb7f5810cf0e6d992cd57779f0a01c5855a92a1f102086123
SOURCE/PRODUCT/rust/vendor/quote-1.0.47/tests/ui/does-not-have-iter.rs	54	09dc9499d861b63cebb0848b855b78e2dc9497bfde37ba6339f3625ae009a62f
SOURCE/PRODUCT/rust/vendor/quote-1.0.47/tests/ui/does-not-have-iter.stderr	726	21408398d12876b82416cfd57b7919ca4210f5fb8f79d7d921b2bfed5879ac4d
SOURCE/PRODUCT/rust/vendor/quote-1.0.47/tests/ui/not-quotable.rs	119	5759d0884943417609f28faadc70254a3e2fd3d9bd6ff7297a3fb70a77fafd8a
SOURCE/PRODUCT/rust/vendor/quote-1.0.47/tests/ui/not-quotable.stderr	681	a9748bc9a0a72a17f9c1f96e9b12be3686e9d7d51f120796516e26e5cebf62ad
SOURCE/PRODUCT/rust/vendor/quote-1.0.47/tests/ui/not-repeatable.rs	106	a4b115c04e4e41049a05f5b69450503fbffeba031218b4189cb931839f7f9a9c
SOURCE/PRODUCT/rust/vendor/quote-1.0.47/tests/ui/not-repeatable.stderr	1802	72105d3dec4e8ed2a657db7d397e30d452c26c1488cb1e18e23c2d1d137a6f6d
SOURCE/PRODUCT/rust/vendor/quote-1.0.47/tests/ui/wrong-type-span.rs	109	6195e35ea844c0c52ba1cff5d790c3a371af6915d137d377834ad984229ef9ea
SOURCE/PRODUCT/rust/vendor/quote-1.0.47/tests/ui/wrong-type-span.stderr	346	cad072e40e0ecc04f375122ae41aede2f0da2a9244492b3fcf70249e59d1b128
SOURCE/PRODUCT/rust/vendor/r-efi-5.3.0/.cargo-checksum.json	6744	c22efaa24bf9cfccd910fcd7ed644971f8214217f3cc7e5f5498f4f548a8f7cd
SOURCE/PRODUCT/rust/vendor/r-efi-5.3.0/.cargo_vcs_info.json	94	50e0c72ee0164f182d7b5db0213cdb1626bad950f2443b05d006c28c7f0641b5
SOURCE/PRODUCT/rust/vendor/r-efi-5.3.0/.github/workflows/publish.yml	808	431c68b9d566180134e8771ea9cb9339d72ec77c3010b4cedfd423e271dc7386
SOURCE/PRODUCT/rust/vendor/r-efi-5.3.0/.github/workflows/rust-tests.yml	3190	ca7ba173da0a6510676770b103119ce57029d424afe9e1027541d529af6c7f3f
SOURCE/PRODUCT/rust/vendor/r-efi-5.3.0/AUTHORS	3693	ff92bed461f50338dd703a9ba9aee496a425957873df1d91192776e4bdf5dda7
SOURCE/PRODUCT/rust/vendor/r-efi-5.3.0/Cargo.lock	405	cc335892128a13fb1431213f65cfd3281ff098cf47b97882ca097f0206d7e0b0
SOURCE/PRODUCT/rust/vendor/r-efi-5.3.0/Cargo.toml	1582	dba000c0173b09b1e3b69afa42a715b5ab64355e6502ce6d9d1767c7845cf402
SOURCE/PRODUCT/rust/vendor/r-efi-5.3.0/Cargo.toml.orig	1226	57b6d9b9a1b6524f6b4dcc1dd24970ac03e6959786a6cfedaec9ba52878b4d3e
SOURCE/PRODUCT/rust/vendor/r-efi-5.3.0/Makefile	1650	b445cfadd750b564ba8ef072754a4eed5aa127f12faa6e5b15a35b748d28b6fb
SOURCE/PRODUCT/rust/vendor/r-efi-5.3.0/NEWS.md	11022	a8924309f9b5d8cf035b12ee47d4afe99c3ca57ea60061239263ac0b0e2161ba
SOURCE/PRODUCT/rust/vendor/r-efi-5.3.0/README.md	2919	420f65fec3ba2e89d49da51b222d2881d26959037a7b7d3794143db4bd4627b1
SOURCE/PRODUCT/rust/vendor/r-efi-5.3.0/examples/freestanding.rs	1386	0be5eb60397228306aa9f8afc533e32926d210205a7359e14da903159482416d
SOURCE/PRODUCT/rust/vendor/r-efi-5.3.0/examples/gop-query.rs	6711	3257c55d6ae4572db1bfcaf20bc05990ea92d46c5d292eb99c278242f1007e2c
SOURCE/PRODUCT/rust/vendor/r-efi-5.3.0/examples/hello-world.rs	1896	1a398f93a54bfddaab6ba3e0145cf70496266c44b9748a11ff569a9a18063bc4
SOURCE/PRODUCT/rust/vendor/r-efi-5.3.0/src/base.rs	42637	e0f0b69967dc436e302f37230f5aff0e8bf748f6a1159b968180e6d0ac0b9644
SOURCE/PRODUCT/rust/vendor/r-efi-5.3.0/src/hii.rs	27873	d0b19b7cc7b0c2c4d70e2891554ed6d7f941388709476eab6fa7bad129c583ed
SOURCE/PRODUCT/rust/vendor/r-efi-5.3.0/src/lib.rs	9196	289fdfa8384062616aa39b49c4094b93849ff0a2e5f6d7125b40124299a0837e
SOURCE/PRODUCT/rust/vendor/r-efi-5.3.0/src/protocols.rs	1393	a8f1c0d9abf2af2d7962fce68160a3bf8083165bb70861808423afedadee6602
SOURCE/PRODUCT/rust/vendor/r-efi-5.3.0/src/protocols/absolute_pointer.rs	1953	46ad9792ea021f47e4fedf8d3c07769872e056c39936c9647492a52455558b41
SOURCE/PRODUCT/rust/vendor/r-efi-5.3.0/src/protocols/block_io.rs	1822	4f70d38453f057bb240988d7fac593ffa0f38a0057c6e8855f34ff37801e7f3d
SOURCE/PRODUCT/rust/vendor/r-efi-5.3.0/src/protocols/bus_specific_driver_override.rs	1226	a695a18e6729020919f99880fb14c2a26f565471f15d6300cb67475d33ec6087
SOURCE/PRODUCT/rust/vendor/r-efi-5.3.0/src/protocols/debug_support.rs	21935	a03fc44a2ad151e58eff3bd72f910b63bfadd5802ac2fc157fc94c2030bd9fa9
SOURCE/PRODUCT/rust/vendor/r-efi-5.3.0/src/protocols/debugport.rs	850	bc491b03444ec35593a9cde519d0ab5fc863a046073dd813f1eb58c075da45dc
SOURCE/PRODUCT/rust/vendor/r-efi-5.3.0/src/protocols/decompress.rs	848	a4c67d958f0b9a392840a53eef69369acc6f545f90369685b3cae3c32e5cbc51
SOURCE/PRODUCT/rust/vendor/r-efi-5.3.0/src/protocols/device_path.rs	2000	1a8c897f8e392fd7fe60d829b7852d22dd847f5f64bf1382e58e7776d9a176a2
SOURCE/PRODUCT/rust/vendor/r-efi-5.3.0/src/protocols/device_path_from_text.rs	697	e972d7699fb031df9da2c4d5623ae289d4cc282116b634218039b97d1e7628fe
SOURCE/PRODUCT/rust/vendor/r-efi-5.3.0/src/protocols/device_path_to_text.rs	781	9929d0797ab4892051bd15ac831dc2566f7106ec9edec0fd289b3c780a2b0976
SOURCE/PRODUCT/rust/vendor/r-efi-5.3.0/src/protocols/device_path_utilities.rs	2241	7d7e9ba66e9f8add3c77718bd605e6e434598f2834236e7805aba57b531eba30
SOURCE/PRODUCT/rust/vendor/r-efi-5.3.0/src/protocols/disk_io.rs	1019	01a68686dae958b4fbd9fd5bbc556cf41b61e7da281a0b4ea56e62e61822d843
SOURCE/PRODUCT/rust/vendor/r-efi-5.3.0/src/protocols/disk_io2.rs	1262	33aeb807ab9b78534787f44e0a3a8c52afe057e23b48ecb6703195cd0b135a8e
SOURCE/PRODUCT/rust/vendor/r-efi-5.3.0/src/protocols/driver_binding.rs	1130	f48363c5afd21aac39cbd2644be0e861acc4b182bc14c68a4f84e94a5f001f8d
SOURCE/PRODUCT/rust/vendor/r-efi-5.3.0/src/protocols/driver_diagnostics2.rs	939	62b0ffe6760ae0e90e51652c667ec623cef3bbd44c17fb89881a24167b1b446c
SOURCE/PRODUCT/rust/vendor/r-efi-5.3.0/src/protocols/driver_family_override.rs	608	004aceae8540766d87eb2cef9c8c37ab5aa3755920af6d960cb9171a41acb4a1
SOURCE/PRODUCT/rust/vendor/r-efi-5.3.0/src/protocols/file.rs	4606	25f09f54cf3ebd69366bde5160218247c6712ae19dac17a36ec4e2881b214f93
SOURCE/PRODUCT/rust/vendor/r-efi-5.3.0/src/protocols/graphics_output.rs	2552	9e9b7ac05b92ac0a9680506edb3ed36ebbac2dc9c800268b2c54cbf539e9dd9e
SOURCE/PRODUCT/rust/vendor/r-efi-5.3.0/src/protocols/hii_database.rs	10401	faa82d420085dee851f8a332db00c888e7ed1685d43e2c286790a34b2ecfdf7a
SOURCE/PRODUCT/rust/vendor/r-efi-5.3.0/src/protocols/hii_font.rs	2252	092f45c74335c524ee379508e2b6925ed9033c7c10928e64b2489ca3778a4723
SOURCE/PRODUCT/rust/vendor/r-efi-5.3.0/src/protocols/hii_font_ex.rs	2816	2400b2092c14da2aa09c62266356321d4b96838dc41c5918a2f3e0e1e3920318
SOURCE/PRODUCT/rust/vendor/r-efi-5.3.0/src/protocols/hii_package_list.rs	478	6bb29d076697bb3b672913b98f55995f9efcba830b4ab6bfed29bd8402aa70ab
SOURCE/PRODUCT/rust/vendor/r-efi-5.3.0/src/protocols/hii_string.rs	1744	1327ba9e108900ddafec98c02534c81104c3c47cad32a7d17c7b7a7ee723c86f
SOURCE/PRODUCT/rust/vendor/r-efi-5.3.0/src/protocols/ip4.rs	5309	252d244ec9b098fcee6a185ffa98cbdee34164c7872fe30b07d5e8dfdf7a8fe3
SOURCE/PRODUCT/rust/vendor/r-efi-5.3.0/src/protocols/ip6.rs	7207	72a51653aa4535f7b136a7bacaa1718e0a68be847d4a716c6e76b7f75a94e6ea
SOURCE/PRODUCT/rust/vendor/r-efi-5.3.0/src/protocols/load_file.rs	595	8aa4a43db3da6c71398eb9408b2be9b893eb2147e5317a0f977e998db2910cba
SOURCE/PRODUCT/rust/vendor/r-efi-5.3.0/src/protocols/load_file2.rs	380	5be9c5d501b4f10a44ba91448fce5d4a20c01eab9a8f7fb3c63eaa62cbb1c2f4
SOURCE/PRODUCT/rust/vendor/r-efi-5.3.0/src/protocols/loaded_image.rs	1063	508cf1514071e611f3c70776463a19f53685b3569c52a2350f307cbeac9cbbcc
SOURCE/PRODUCT/rust/vendor/r-efi-5.3.0/src/protocols/loaded_image_device_path.rs	393	66e8fe3477785dadf96401da10e203ba729e54d7eddedaffc4d17acc9a0daf7f
SOURCE/PRODUCT/rust/vendor/r-efi-5.3.0/src/protocols/managed_network.rs	4043	592111dee58137a21f3b49211baf0d9c73a14ca9de95fa31d7e87435ded3808d
SOURCE/PRODUCT/rust/vendor/r-efi-5.3.0/src/protocols/memory_attribute.rs	956	c512ae777b95248127fc39b63eb99d746aaf8a5dc2cfda167d15ea5aa627653c
SOURCE/PRODUCT/rust/vendor/r-efi-5.3.0/src/protocols/mp_services.rs	2851	509e7d483df52ab1ba1f9241bb7b286ffe205c4328557b3115cd290b4c9f8278
SOURCE/PRODUCT/rust/vendor/r-efi-5.3.0/src/protocols/pci_io.rs	5698	43dac18dfa284d83836ff1ccfb8e40d48ef94533b72cdb99ce30a768f70be67c
SOURCE/PRODUCT/rust/vendor/r-efi-5.3.0/src/protocols/platform_driver_override.rs	1560	f0ada483bccd90f31a6f0ce8831ea00885b66ca558e34e347ec775cbc171534c
SOURCE/PRODUCT/rust/vendor/r-efi-5.3.0/src/protocols/rng.rs	1891	279ce976d190889064d0159b10586bab9a2e5670368b460be4497ead523d6dda
SOURCE/PRODUCT/rust/vendor/r-efi-5.3.0/src/protocols/service_binding.rs	516	256920333ea26fabd3b62ba8a8b25068349acab6da01a807dfba3307a45d79a0
SOURCE/PRODUCT/rust/vendor/r-efi-5.3.0/src/protocols/shell.rs	7618	3259b0bf2574da6b2343da0b9ce46980d296a8e6d8c2fe36df3a07d0629ad653
SOURCE/PRODUCT/rust/vendor/r-efi-5.3.0/src/protocols/shell_dynamic_command.rs	769	9c2f977fe4e0757b633de49627a9645d81c821a39e752cb329f6285d376fe52d
SOURCE/PRODUCT/rust/vendor/r-efi-5.3.0/src/protocols/shell_parameters.rs	504	fb88c63822a14dc94e96f7912fa5409f68b669105fb81459b969ec066002e352
SOURCE/PRODUCT/rust/vendor/r-efi-5.3.0/src/protocols/simple_file_system.rs	628	e3d870bdaf3ae0f0cded7817a4eda6d5dea2e0b77855cd21c7ac05046c77b564
SOURCE/PRODUCT/rust/vendor/r-efi-5.3.0/src/protocols/simple_network.rs	5381	8b8c49872488cc0e759efe74c04fc65f5d7637dca7d9a0a1cedb5dafb2597acb
SOURCE/PRODUCT/rust/vendor/r-efi-5.3.0/src/protocols/simple_text_input.rs	946	d9a7e8cbf508daedaa26dc8301e52be957edfcc12be9e962b8504584aee669a8
SOURCE/PRODUCT/rust/vendor/r-efi-5.3.0/src/protocols/simple_text_input_ex.rs	2513	84ccd2ff2c354c0447a9c46406ad76de018495d5f85979cf35d78b7070a8f63c
SOURCE/PRODUCT/rust/vendor/r-efi-5.3.0/src/protocols/simple_text_output.rs	2195	05857880b5c0a6fb6ce83eedcc7fa25107f368950ab18a3d0ef1ed669d3456df
SOURCE/PRODUCT/rust/vendor/r-efi-5.3.0/src/protocols/tcp4.rs	5848	2131cf06fd856017ea45135fb59264a43fabc3db1b7ddc90cd19c169ccdacae9
SOURCE/PRODUCT/rust/vendor/r-efi-5.3.0/src/protocols/tcp6.rs	5203	98c24c43632acc60f2dc558c13a03657f93edca735435c50b9f2cc5625f7d3bb
SOURCE/PRODUCT/rust/vendor/r-efi-5.3.0/src/protocols/timestamp.rs	737	118cc4a54da4f53a4bb2fbf66cde8c433208266a22b59b4e370393f5a40c20a9
SOURCE/PRODUCT/rust/vendor/r-efi-5.3.0/src/protocols/udp4.rs	3931	c4d344a40c674524383be51621a485d15ccfffaa94a1050c7a4642199fa91bf6
SOURCE/PRODUCT/rust/vendor/r-efi-5.3.0/src/protocols/udp6.rs	3427	ea4ee2154e045a4e5992688e6cafed2d5a5de41f2796f5c070e739818b361550
SOURCE/PRODUCT/rust/vendor/r-efi-5.3.0/src/system.rs	33161	2428de82301085a5c99b1b54411530adf2c895aa311a58c94c1b8e9eb247b18f
SOURCE/PRODUCT/rust/vendor/r-efi-5.3.0/src/vendor.rs	346	6cc53fe0e98220fe627d82c9b27f1468095358bb26634a8c19274495888138af
SOURCE/PRODUCT/rust/vendor/r-efi-5.3.0/src/vendor/intel/console_control.rs	993	03a7fdf97ab1836353266786811ac47171d1c425dcead707f5ed0e2e834873fb
SOURCE/PRODUCT/rust/vendor/r-efi-6.0.0/.cargo-checksum.json	6744	1c7141a2ef53447882f98911f0dd7acfcdeb4fb06ff2909ffb08f2684efb7d36
SOURCE/PRODUCT/rust/vendor/r-efi-6.0.0/.cargo_vcs_info.json	94	d8d0d853429b028d5e3c7b969f7c6b77b04e17486c57fac0759eb8083a359f3f
SOURCE/PRODUCT/rust/vendor/r-efi-6.0.0/.github/workflows/publish.yml	808	431c68b9d566180134e8771ea9cb9339d72ec77c3010b4cedfd423e271dc7386
SOURCE/PRODUCT/rust/vendor/r-efi-6.0.0/.github/workflows/rust-tests.yml	3190	ca7ba173da0a6510676770b103119ce57029d424afe9e1027541d529af6c7f3f
SOURCE/PRODUCT/rust/vendor/r-efi-6.0.0/AUTHORS	3733	d027e91dbc9cdbb2f1190068e498bd6b61cff022b6a032b191021ba658d96111
SOURCE/PRODUCT/rust/vendor/r-efi-6.0.0/Cargo.lock	405	78ff5baf710cdea584efe5a5178a658f368a4de740bd53d8733347d004767c4c
SOURCE/PRODUCT/rust/vendor/r-efi-6.0.0/Cargo.toml	1548	a021f9fb0645cc5de5770cf7f41594c1deff4b388eca933b289752aa52666829
SOURCE/PRODUCT/rust/vendor/r-efi-6.0.0/Cargo.toml.orig	1107	b8e89c393831c2161b6d390bd40422910ac34f02903ad39edd85ec38d4513fef
SOURCE/PRODUCT/rust/vendor/r-efi-6.0.0/Makefile	1650	b445cfadd750b564ba8ef072754a4eed5aa127f12faa6e5b15a35b748d28b6fb
SOURCE/PRODUCT/rust/vendor/r-efi-6.0.0/NEWS.md	11669	e815ccc6fb453ed64d5e1b73fb4ca6204a3f8f65e3ab0afdb86da65b5209e33d
SOURCE/PRODUCT/rust/vendor/r-efi-6.0.0/README.md	2919	420f65fec3ba2e89d49da51b222d2881d26959037a7b7d3794143db4bd4627b1
SOURCE/PRODUCT/rust/vendor/r-efi-6.0.0/examples/freestanding.rs	1386	0be5eb60397228306aa9f8afc533e32926d210205a7359e14da903159482416d
SOURCE/PRODUCT/rust/vendor/r-efi-6.0.0/examples/gop-query.rs	6711	3257c55d6ae4572db1bfcaf20bc05990ea92d46c5d292eb99c278242f1007e2c
SOURCE/PRODUCT/rust/vendor/r-efi-6.0.0/examples/hello-world.rs	1896	1a398f93a54bfddaab6ba3e0145cf70496266c44b9748a11ff569a9a18063bc4
SOURCE/PRODUCT/rust/vendor/r-efi-6.0.0/src/base.rs	42649	864924a118f60edcdc9eaf8bdab31879ab1143166905e6eb0657f6f08d17b9a1
SOURCE/PRODUCT/rust/vendor/r-efi-6.0.0/src/hii.rs	27873	d0b19b7cc7b0c2c4d70e2891554ed6d7f941388709476eab6fa7bad129c583ed
SOURCE/PRODUCT/rust/vendor/r-efi-6.0.0/src/lib.rs	10091	6215dd213f39f5180f7cfad599df1d17d50f089dc1ad0c840bc647a0bc421953
SOURCE/PRODUCT/rust/vendor/r-efi-6.0.0/src/protocols.rs	1393	a8f1c0d9abf2af2d7962fce68160a3bf8083165bb70861808423afedadee6602
SOURCE/PRODUCT/rust/vendor/r-efi-6.0.0/src/protocols/absolute_pointer.rs	1977	b486324e1d2e352ca15e865afe97132a4b260609541f327c041bc947b2ddcd09
SOURCE/PRODUCT/rust/vendor/r-efi-6.0.0/src/protocols/block_io.rs	1870	7fc213e8c07897b9318982e1d1f8b7c492ce0c881c4cd1d38d3eb91e590585ed
SOURCE/PRODUCT/rust/vendor/r-efi-6.0.0/src/protocols/bus_specific_driver_override.rs	1238	e482a908e9d5027f10e449f5039a66db035fdef18329778a5ae97a094586888a
SOURCE/PRODUCT/rust/vendor/r-efi-6.0.0/src/protocols/debug_support.rs	22007	16f17179ef274ef45c65d2fc8ff5db1e2131d8b3b4c86b9b531926642009a468
SOURCE/PRODUCT/rust/vendor/r-efi-6.0.0/src/protocols/debugport.rs	898	abe5b09e2192e6b8290205538947a79f433529ba2bb57708f74ea2b6f4172f6b
SOURCE/PRODUCT/rust/vendor/r-efi-6.0.0/src/protocols/decompress.rs	872	d10500f1f155ade02164e87c42ea81e7a767f20888a1f6ef189291492196ddbc
SOURCE/PRODUCT/rust/vendor/r-efi-6.0.0/src/protocols/device_path.rs	2000	1a8c897f8e392fd7fe60d829b7852d22dd847f5f64bf1382e58e7776d9a176a2
SOURCE/PRODUCT/rust/vendor/r-efi-6.0.0/src/protocols/device_path_from_text.rs	721	9a4bb364b57e3dc39b40b93e2096e82a10b3251643e81de9f2c8abd40e705005
SOURCE/PRODUCT/rust/vendor/r-efi-6.0.0/src/protocols/device_path_to_text.rs	805	b2b1325aed4a4fcf142fae8208308590f2fa53eea999bb1bf22f592bf25109eb
SOURCE/PRODUCT/rust/vendor/r-efi-6.0.0/src/protocols/device_path_utilities.rs	2337	36960de844fcf2634a9180ffd621f0b9771ffb4acc364d74c34680bbf58ee224
SOURCE/PRODUCT/rust/vendor/r-efi-6.0.0/src/protocols/disk_io.rs	1043	831e774ddd1a75839c5d89cd704c2d59bb0adce554eecdc8bb12e9569b7a8747
SOURCE/PRODUCT/rust/vendor/r-efi-6.0.0/src/protocols/disk_io2.rs	1310	645a83979e91679036ebc90fd8ab584158055a6c8316aaf620300470aac4ba2d
SOURCE/PRODUCT/rust/vendor/r-efi-6.0.0/src/protocols/driver_binding.rs	1166	60bf714b8bb5d2ed183335e1d745a7150eb59d0d59241eb29251682ec1224434
SOURCE/PRODUCT/rust/vendor/r-efi-6.0.0/src/protocols/driver_diagnostics2.rs	951	dcbcd95b327768d70637ded79140e609a36aa1369f16c58764c8d161d072e615
SOURCE/PRODUCT/rust/vendor/r-efi-6.0.0/src/protocols/driver_family_override.rs	620	42ae2f96a94ea516f9696162d12e65613f4acc3cb78831be22d868846574d231
SOURCE/PRODUCT/rust/vendor/r-efi-6.0.0/src/protocols/file.rs	4774	a4136bedb02272296b2246a9b4bee1096456d4c2e078bed5d1330c77d8666a6d
SOURCE/PRODUCT/rust/vendor/r-efi-6.0.0/src/protocols/graphics_output.rs	2588	7c185179a32558f506eb84402c26e3bdb8bee795c1403d493fd24c7d9c3a07a9
SOURCE/PRODUCT/rust/vendor/r-efi-6.0.0/src/protocols/hii_database.rs	10545	4af0d8ab357faffd568c12f2ce8df518dd3e186c1da980fbe2198f20e3ce0ac5
SOURCE/PRODUCT/rust/vendor/r-efi-6.0.0/src/protocols/hii_font.rs	2300	d8a418f8b0776cd2cce0c60b457f8c09b63aadd64e6f9ce75526ddc1c5c32b80
SOURCE/PRODUCT/rust/vendor/r-efi-6.0.0/src/protocols/hii_font_ex.rs	2876	f856de80e759a9c503ce5d3cca5092ec12739ab0b157f4bac8819b5275b730e9
SOURCE/PRODUCT/rust/vendor/r-efi-6.0.0/src/protocols/hii_package_list.rs	478	6bb29d076697bb3b672913b98f55995f9efcba830b4ab6bfed29bd8402aa70ab
SOURCE/PRODUCT/rust/vendor/r-efi-6.0.0/src/protocols/hii_string.rs	1804	e8e725fae9860fdcdd777a0b99e48b7e4a5f5f464827414bb0aeed139ea5b993
SOURCE/PRODUCT/rust/vendor/r-efi-6.0.0/src/protocols/ip4.rs	5405	09290d2a5a2cafd2b834ce86b59917d0f25d7d16f4f329aeedc171a8147ebef7
SOURCE/PRODUCT/rust/vendor/r-efi-6.0.0/src/protocols/ip6.rs	7315	511de9f36af4c320f74e424c64433a70f1bd66e8b6fc9daa0e1744a0b46b1a5d
SOURCE/PRODUCT/rust/vendor/r-efi-6.0.0/src/protocols/load_file.rs	607	e8c845eb1812c3967bb026ef60ab40826e35e6fa3185007357b19311cef67eaf
SOURCE/PRODUCT/rust/vendor/r-efi-6.0.0/src/protocols/load_file2.rs	380	5be9c5d501b4f10a44ba91448fce5d4a20c01eab9a8f7fb3c63eaa62cbb1c2f4
SOURCE/PRODUCT/rust/vendor/r-efi-6.0.0/src/protocols/loaded_image.rs	1075	64447c64a0a4ac3b79263bf2564ff1a930b2424ca2fd93e37d714c16c31a7205
SOURCE/PRODUCT/rust/vendor/r-efi-6.0.0/src/protocols/loaded_image_device_path.rs	393	66e8fe3477785dadf96401da10e203ba729e54d7eddedaffc4d17acc9a0daf7f
SOURCE/PRODUCT/rust/vendor/r-efi-6.0.0/src/protocols/managed_network.rs	4139	f1acc8d727fa9a1fba7b376ed093c129dd8fddc8d164ca59c201e37f276e0525
SOURCE/PRODUCT/rust/vendor/r-efi-6.0.0/src/protocols/memory_attribute.rs	992	1aa7a99ed6fd268e1921dc073634cf9346759c048f5c90bef2928ac27e56a125
SOURCE/PRODUCT/rust/vendor/r-efi-6.0.0/src/protocols/mp_services.rs	2947	d98a27d29f835b011a09eafaf276dd921328dc7b676713c1c437f4adef5409a6
SOURCE/PRODUCT/rust/vendor/r-efi-6.0.0/src/protocols/pci_io.rs	5854	4b7ad8d7b9ee0d5e50e09b6ca12467ec4b43dfb3e455cfdd1e6e10617e26d171
SOURCE/PRODUCT/rust/vendor/r-efi-6.0.0/src/protocols/platform_driver_override.rs	1596	5eb7cbc2609b0369cf380fa54be963f331124cae3fc5fd19fe75212dba4d3d9c
SOURCE/PRODUCT/rust/vendor/r-efi-6.0.0/src/protocols/rng.rs	1915	a9f4854fa54acab7e8638d37e9c0b71ce36d02fcdc37b2d43726ba9686e8a3a9
SOURCE/PRODUCT/rust/vendor/r-efi-6.0.0/src/protocols/service_binding.rs	540	7c3b7c4256499451efc922d00f021479ae743706b5ed36c86aaf55c225612675
SOURCE/PRODUCT/rust/vendor/r-efi-6.0.0/src/protocols/shell.rs	8134	e9fb2ab62988067d13ee839c10aacf47d94f5e92c213e1670530fe1c472925f8
SOURCE/PRODUCT/rust/vendor/r-efi-6.0.0/src/protocols/shell_dynamic_command.rs	793	e13f152c2ca57988d1b2b476b45cd6e6dc899e76359ecb2d8e04aeb55ca480ca
SOURCE/PRODUCT/rust/vendor/r-efi-6.0.0/src/protocols/shell_parameters.rs	504	fb88c63822a14dc94e96f7912fa5409f68b669105fb81459b969ec066002e352
SOURCE/PRODUCT/rust/vendor/r-efi-6.0.0/src/protocols/simple_file_system.rs	640	019910e8f5c44ba6a98ff9848eafa31e05c32833a69fbee108f2dd322bdb1748
SOURCE/PRODUCT/rust/vendor/r-efi-6.0.0/src/protocols/simple_network.rs	5537	fd12bd27444634064fe5e2308b0504d452b18092d5f6e0fcba2e35cc40998b54
SOURCE/PRODUCT/rust/vendor/r-efi-6.0.0/src/protocols/simple_text_input.rs	970	673944368289c1f11313944416512169a461a8703cef039e50e1414e291152b1
SOURCE/PRODUCT/rust/vendor/r-efi-6.0.0/src/protocols/simple_text_input_ex.rs	2585	b9514fe34f105dc88b9241c88adeefc18e33cbd692acc164fa0a25dbaee24c6d
SOURCE/PRODUCT/rust/vendor/r-efi-6.0.0/src/protocols/simple_text_output.rs	2303	835f5ec786c1a688384b3280dcc5f75383f7822938b9ea16c9e9b802a183d293
SOURCE/PRODUCT/rust/vendor/r-efi-6.0.0/src/protocols/tcp4.rs	5968	90facae493a4a5ca192c45cc323528613398f076b5d4449ac9ad617a32217f4d
SOURCE/PRODUCT/rust/vendor/r-efi-6.0.0/src/protocols/tcp6.rs	5311	cf99e4cb9cadcd9ea4ef349afbb343090cae71a1324bb4e7812834f465a5b8c6
SOURCE/PRODUCT/rust/vendor/r-efi-6.0.0/src/protocols/timestamp.rs	761	ea8e5ed87c9fce83c037038bdee5daf92946631cc41774b288e6dfc5811cb64f
SOURCE/PRODUCT/rust/vendor/r-efi-6.0.0/src/protocols/udp4.rs	4027	bc85ba588df857a233132c42b7fb3418acb6d89581a5b4ab2d6156e18bb17547
SOURCE/PRODUCT/rust/vendor/r-efi-6.0.0/src/protocols/udp6.rs	3511	806ed1cbd53874f8a171aa3f86fdd40f2fcaa493dc2eadb0c286d8e4d67078e8
SOURCE/PRODUCT/rust/vendor/r-efi-6.0.0/src/system.rs	33857	54ebb9a3842fc62a7dd4a2240490f6563c66904a14c1f81961a3677a54d85390
SOURCE/PRODUCT/rust/vendor/r-efi-6.0.0/src/vendor.rs	346	6cc53fe0e98220fe627d82c9b27f1468095358bb26634a8c19274495888138af
SOURCE/PRODUCT/rust/vendor/r-efi-6.0.0/src/vendor/intel/console_control.rs	1029	05363b80feb22aa585cbe16ec4a1c8e1ef592e8e57b1a676de0562723c729275
SOURCE/PRODUCT/rust/vendor/rand-0.9.5/.cargo-checksum.json	3773	a570300b6f50d3ab441e4ff238e317564646ef4887e5905e7995675fb9fd3bfd
SOURCE/PRODUCT/rust/vendor/rand-0.9.5/.cargo_vcs_info.json	94	c66db72055c0a77545373d33fbed269876a5fbec74fef6984aff66a9c5d6b453
SOURCE/PRODUCT/rust/vendor/rand-0.9.5/CHANGELOG.md	31700	602c74c0e7191cc5e4359b6f6f4b371a06490c3f3a4a445f06b5726fe989338c
SOURCE/PRODUCT/rust/vendor/rand-0.9.5/COPYRIGHT	569	90eb64f0279b0d9432accfa6023ff803bc4965212383697eee27a0f426d5f8d5
SOURCE/PRODUCT/rust/vendor/rand-0.9.5/Cargo.lock	6996	b4289efdedc4946dcee2fc3b3f41a133c1e6ab3a3e7874f2d193d7eb6100e034
SOURCE/PRODUCT/rust/vendor/rand-0.9.5/Cargo.toml	2274	d2d5147bd54a734362612e553b13e29344e7264c6f8dcf85ed1556bf274b5cd2
SOURCE/PRODUCT/rust/vendor/rand-0.9.5/Cargo.toml.orig	2575	fff1769efab612d74a3806dfad2347f85bf743625ba61ff86d7de7b51e73797d
SOURCE/PRODUCT/rust/vendor/rand-0.9.5/LICENSE-APACHE	9724	35242e7a83f69875e6edeff02291e688c97caafe2f8902e4e19b49d3e78b4cab
SOURCE/PRODUCT/rust/vendor/rand-0.9.5/LICENSE-MIT	1117	209fbbe0ad52d9235e37badf9cadfe4dbdc87203179c0899e738b39ade42177b
SOURCE/PRODUCT/rust/vendor/rand-0.9.5/README.md	6316	e52735d5836b3f7ec073578327a017f9fcdb427693283a7b8df8835a0f2df5f3
SOURCE/PRODUCT/rust/vendor/rand-0.9.5/src/distr/bernoulli.rs	8332	8e11cf18fd021abeac46675def322bd004839c830241ae3ea6143fe809ce64d1
SOURCE/PRODUCT/rust/vendor/rand-0.9.5/src/distr/distribution.rs	8497	3f5904afd9d0f7492b1746b9cc45759a477a5dd2cc5802dbc4f09f1391eaeb96
SOURCE/PRODUCT/rust/vendor/rand-0.9.5/src/distr/float.rs	13576	486f2c8ead197d283593689e7b9026626ca83ab3fe7ebf9a89c8e701a4767c2e
SOURCE/PRODUCT/rust/vendor/rand-0.9.5/src/distr/integer.rs	9993	69ac205b6fed57ae09e2f8f1b15ae3d2049b85874bc4da3f246a18188b42d8ea
SOURCE/PRODUCT/rust/vendor/rand-0.9.5/src/distr/mod.rs	9166	de901e07e7ee11f4375a02fff29d77ac26d1df2721214b162dafcec1e47b2d67
SOURCE/PRODUCT/rust/vendor/rand-0.9.5/src/distr/other.rs	14407	b98748667af9415d65c8eaa6e51aee2d42a1d31c7970c22be7491adcb18a45a7
SOURCE/PRODUCT/rust/vendor/rand-0.9.5/src/distr/slice.rs	5262	e29eb71308f30aee13a4b1454da1ab70c2cc307738445172a27246df2dfa75ce
SOURCE/PRODUCT/rust/vendor/rand-0.9.5/src/distr/uniform.rs	21611	04efcc061e1904b824e3feb68541c4e8259a46ecd2c118af6fb383b3ad37f73c
SOURCE/PRODUCT/rust/vendor/rand-0.9.5/src/distr/uniform_float.rs	18542	62271f5fb4be087538d1fae743ad95027c66589740762521f97d20d358463d6b
SOURCE/PRODUCT/rust/vendor/rand-0.9.5/src/distr/uniform_int.rs	34184	30c620bc9d74263162de2e0755ae4b323abce1d6aa22c00d1b9de378480f22c0
SOURCE/PRODUCT/rust/vendor/rand-0.9.5/src/distr/uniform_other.rs	11650	41a7eee84bd0f2018207cea55fdf477cfcff25abb4536575a9add5df688be56c
SOURCE/PRODUCT/rust/vendor/rand-0.9.5/src/distr/utils.rs	12603	a631940e728257c9b0cb753bc64fa631958c92ce52d5b2265c7ed06a46567b8f
SOURCE/PRODUCT/rust/vendor/rand-0.9.5/src/distr/weighted/mod.rs	3775	52379f09ea06c8ac54bdb4ecaed93fd7fc08f85866b5e3fcb4e40d0f1576bdfe
SOURCE/PRODUCT/rust/vendor/rand-0.9.5/src/distr/weighted/weighted_index.rs	21498	b4559037354bcb9e0b1eab569c867dd70053de382232c7ed4d9aef3d5b049003
SOURCE/PRODUCT/rust/vendor/rand-0.9.5/src/lib.rs	9069	d6bd9923f614d3beccc0d9bbe0a6e6c09d14b79cb4a5c4b6d2bd31fb21e2ab3b
SOURCE/PRODUCT/rust/vendor/rand-0.9.5/src/prelude.rs	1183	ba69a78b5ebf3f7acb648ee57b8a8aa5403868852e6da082e8d87869d9dd18ce
SOURCE/PRODUCT/rust/vendor/rand-0.9.5/src/rng.rs	20807	19a29d58ea169c50ae7fea0a941c405e4a8f3a9b2ac0dc0edd9f7a55e9431703
SOURCE/PRODUCT/rust/vendor/rand-0.9.5/src/rngs/mock.rs	2323	330e6d7d7f30c6c9f6d64fe3f3a493b6c9574b075599b34b4871ebd4a9061015
SOURCE/PRODUCT/rust/vendor/rand-0.9.5/src/rngs/mod.rs	4691	3868d87e88892a30ae0a8f2cbafdca299cea02d2aa6b3589300751cd8840a530
SOURCE/PRODUCT/rust/vendor/rand-0.9.5/src/rngs/reseeding.rs	9033	a059793e940dbaf7635b89f15c8c42f40984f021b4bfc302f31b379c664f5f34
SOURCE/PRODUCT/rust/vendor/rand-0.9.5/src/rngs/small.rs	4477	d043d5c8f11aa8c5e9f8cbdaf7812486a1ccd64133a0721b8bf7d0f2097b651a
SOURCE/PRODUCT/rust/vendor/rand-0.9.5/src/rngs/std.rs	4263	7d804c97f1633fc0928de4ceb77292e8b3f630158a4922ee82d0dd6633bcfcc0
SOURCE/PRODUCT/rust/vendor/rand-0.9.5/src/rngs/thread.rs	7399	4f8b9472d0140d4d729b8188f73849acca5d45967992ca6e3aec58b95c524fad
SOURCE/PRODUCT/rust/vendor/rand-0.9.5/src/rngs/xoshiro128plusplus.rs	4643	4d5dcad38c9126ea133055d49953549e50063a1f8385e05b9434911358c2fcca
SOURCE/PRODUCT/rust/vendor/rand-0.9.5/src/rngs/xoshiro256plusplus.rs	5138	3f386364f569f5b2dc7fb8f5b58152e075abeefb2ad5af86f715657f2bece0fd
SOURCE/PRODUCT/rust/vendor/rand-0.9.5/src/seq/coin_flipper.rs	6734	db57ebb4679144df94a6714d3fb1a9b5cb3dae7355d337d98ebc8dafbcf959c3
SOURCE/PRODUCT/rust/vendor/rand-0.9.5/src/seq/increasing_uniform.rs	3751	73b1bf2b30c4e5972f2e902dbb30b90518006bae7eb2628d1ab2547eaeca8ea3
SOURCE/PRODUCT/rust/vendor/rand-0.9.5/src/seq/index.rs	22479	d4f80b1dcb643cbec7caf8bf36d6dabd9c65d2db39bbf0b62d839aea79c553e1
SOURCE/PRODUCT/rust/vendor/rand-0.9.5/src/seq/iterator.rs	22327	e19443f5ca4cd02d9cad97706626cc3e5efe9bc21c0c578d08d1edb75f34406c
SOURCE/PRODUCT/rust/vendor/rand-0.9.5/src/seq/mod.rs	2499	04511fff0b199d84c6ff2ca7a394ad87197bcf6a9f2ba4fa2d139dae63f64913
SOURCE/PRODUCT/rust/vendor/rand-0.9.5/src/seq/slice.rs	26403	3422ae1370761149ff72b89f07f90770c21e99e38007a0a5027080ddd3acaba0
SOURCE/PRODUCT/rust/vendor/rand_chacha-0.9.0/.cargo-checksum.json	1222	f1d149e0344329d789c3d7adba0ddfa06d91bc2d3fb7935ca78c81b1bbce725f
SOURCE/PRODUCT/rust/vendor/rand_chacha-0.9.0/.cargo_vcs_info.json	105	7ba9b51f1f94aa2f9bdb8b5202a69f8ae495be4fa46b63ac2ac72f9496494ee7
SOURCE/PRODUCT/rust/vendor/rand_chacha-0.9.0/CHANGELOG.md	1750	102f114ebb898692dee1abe1e9debdf5ced6e7def8774d739043bb5afd8709b9
SOURCE/PRODUCT/rust/vendor/rand_chacha-0.9.0/COPYRIGHT	569	90eb64f0279b0d9432accfa6023ff803bc4965212383697eee27a0f426d5f8d5
SOURCE/PRODUCT/rust/vendor/rand_chacha-0.9.0/Cargo.lock	6270	87cfa1755f12538b04d4d98ebd45997b2fd53a1d1fdf315f787d182f76c0b2cd
SOURCE/PRODUCT/rust/vendor/rand_chacha-0.9.0/Cargo.toml	1745	f413a8d1156cb6c7271427e5f406ed65e3056e2422224ad5d13f7d40a0c35803
SOURCE/PRODUCT/rust/vendor/rand_chacha-0.9.0/Cargo.toml.orig	1108	1acccaeba470188c3a0286b17efe27e001f41ef8c9cb0041aa9e9113f894fe5c
SOURCE/PRODUCT/rust/vendor/rand_chacha-0.9.0/LICENSE-APACHE	9724	35242e7a83f69875e6edeff02291e688c97caafe2f8902e4e19b49d3e78b4cab
SOURCE/PRODUCT/rust/vendor/rand_chacha-0.9.0/LICENSE-MIT	1117	209fbbe0ad52d9235e37badf9cadfe4dbdc87203179c0899e738b39ade42177b
SOURCE/PRODUCT/rust/vendor/rand_chacha-0.9.0/README.md	2045	13c20fa16d5cd5abf47d10cbec09ef3e488f4b2cce4c63711b8e4c021d2d97c4
SOURCE/PRODUCT/rust/vendor/rand_chacha-0.9.0/src/chacha.rs	24181	8b7fb696f491afe9ca5830e5ed66f418f0cb6bee40dafb4e4d2404c50523a33a
SOURCE/PRODUCT/rust/vendor/rand_chacha-0.9.0/src/guts.rs	9113	33d284279f5bacc5951a46de693a77758b662c341ef05bd8a4bcda84f34863a6
SOURCE/PRODUCT/rust/vendor/rand_chacha-0.9.0/src/lib.rs	4130	a3eddc972be141f04118957200d23ec8b783ca53b382c0d886a9436229c8bec4
SOURCE/PRODUCT/rust/vendor/rand_core-0.6.4/.cargo-checksum.json	1382	582da4a36782a844f4d67f90a9413bb697c18b65f4ed7bb681f6b805a19b64aa
SOURCE/PRODUCT/rust/vendor/rand_core-0.6.4/.cargo_vcs_info.json	103	45401c4c14a283565d8be2110e9d7d62f4d4c95e59bf00ba263f4e5858dfa8dc
SOURCE/PRODUCT/rust/vendor/rand_core-0.6.4/CHANGELOG.md	3420	a33a4318dd822ef757ec79c5e6027d50d9feee5c40f85d9aadf0f598eb7ef1b7
SOURCE/PRODUCT/rust/vendor/rand_core-0.6.4/COPYRIGHT	569	90eb64f0279b0d9432accfa6023ff803bc4965212383697eee27a0f426d5f8d5
SOURCE/PRODUCT/rust/vendor/rand_core-0.6.4/Cargo.toml	1367	4a6762f8364d1a60f1436f4ba7d710de22465722340d2028101fcbd68e89396f
SOURCE/PRODUCT/rust/vendor/rand_core-0.6.4/Cargo.toml.orig	1080	0c3cedfecdf81a4da4bf78b1fb5a6e3c8042fa89d991a8ffeb425722baea5abc
SOURCE/PRODUCT/rust/vendor/rand_core-0.6.4/LICENSE-APACHE	10282	6df43f6f4b5d4587f3d8d71e45532c688fd168afa5fe89d571cb32fa09c4ef51
SOURCE/PRODUCT/rust/vendor/rand_core-0.6.4/LICENSE-MIT	1117	209fbbe0ad52d9235e37badf9cadfe4dbdc87203179c0899e738b39ade42177b
SOURCE/PRODUCT/rust/vendor/rand_core-0.6.4/README.md	3556	bb3bd3831adc9eaabbcea108ab7f02f5837e9d2f81e872ffd7d340ad466df4de
SOURCE/PRODUCT/rust/vendor/rand_core-0.6.4/src/block.rs	17933	c0b606dc404a1f4b25eebf388e9c0da583ee571214cdcb0bac1b592450d6b4fa
SOURCE/PRODUCT/rust/vendor/rand_core-0.6.4/src/error.rs	7072	c34af905a9ffbae65970f508a9e74480b56747128d05ad350475150898fc6452
SOURCE/PRODUCT/rust/vendor/rand_core-0.6.4/src/impls.rs	7188	b861532f8a3500de6bd0e926b3677a15261df4b12d253e4a8fd6acc5e64f1d36
SOURCE/PRODUCT/rust/vendor/rand_core-0.6.4/src/le.rs	1806	f302239d09cc8d915aa8d4fe46c32c8981900cb20d42b12eef9c34e2e820bc88
SOURCE/PRODUCT/rust/vendor/rand_core-0.6.4/src/lib.rs	20621	df270489b859465fce144098d5e709b318d9f3b703a92f4a28e5f74334119107
SOURCE/PRODUCT/rust/vendor/rand_core-0.6.4/src/os.rs	2548	47849479e19c43dd01259eb14be7b4daf8474d23567dc32a1547c10b108b7069
SOURCE/PRODUCT/rust/vendor/rand_core-0.9.5/.cargo-checksum.json	1380	8de581b838e9babcca43bb05df9b4efc066b5c081401ee28a8da21c6b216cc19
SOURCE/PRODUCT/rust/vendor/rand_core-0.9.5/.cargo_vcs_info.json	94	dd570f9cd25e6c0cebb7603f0f1f5c0f8080a9eafd3461f80aeb79f377e94bf2
SOURCE/PRODUCT/rust/vendor/rand_core-0.9.5/CHANGELOG.md	5219	64c1251160f71cff33d5d7ac1951b484c359fc422396b2cd55ee2ef59ab7f003
SOURCE/PRODUCT/rust/vendor/rand_core-0.9.5/COPYRIGHT	569	90eb64f0279b0d9432accfa6023ff803bc4965212383697eee27a0f426d5f8d5
SOURCE/PRODUCT/rust/vendor/rand_core-0.9.5/Cargo.lock	3084	6dda59a0e48ef090d0db2d935fc9ed0bd497e1efc554c4262058921c9ce2c20b
SOURCE/PRODUCT/rust/vendor/rand_core-0.9.5/Cargo.toml	1528	e5fe39a2caf72988fae221f41b825ad42ad19dc2a55486d9c7d740a67a2bf599
SOURCE/PRODUCT/rust/vendor/rand_core-0.9.5/Cargo.toml.orig	1013	3eba2cba20d2ab4cbff93aa3b6619a91fb106f4604123b839f16648ae94018c1
SOURCE/PRODUCT/rust/vendor/rand_core-0.9.5/LICENSE-APACHE	10282	6df43f6f4b5d4587f3d8d71e45532c688fd168afa5fe89d571cb32fa09c4ef51
SOURCE/PRODUCT/rust/vendor/rand_core-0.9.5/LICENSE-MIT	1117	209fbbe0ad52d9235e37badf9cadfe4dbdc87203179c0899e738b39ade42177b
SOURCE/PRODUCT/rust/vendor/rand_core-0.9.5/README.md	2010	dfb6edf96c969676326324b06c63db3732995675192268e2f8390cc7f579ce9e
SOURCE/PRODUCT/rust/vendor/rand_core-0.9.5/src/block.rs	17721	105cb275cd8f38f5d4f51ea574beb2263ae1d510a8b1737a41d8d622f730ddbb
SOURCE/PRODUCT/rust/vendor/rand_core-0.9.5/src/impls.rs	7363	145ec30e733af5aa0fd8556a706aa932723de45cfa964aacf284bc59e951ca5a
SOURCE/PRODUCT/rust/vendor/rand_core-0.9.5/src/le.rs	1981	e1d01e111ce8d2b6fdc8c85e1fcf400b490b302db5c5f32e040c5b9e6b528013
SOURCE/PRODUCT/rust/vendor/rand_core-0.9.5/src/lib.rs	28129	694b8736371fcda0a78e62346519034af9f7d493e417575f55cfbb9c3c3cfe6d
SOURCE/PRODUCT/rust/vendor/rand_core-0.9.5/src/os.rs	3645	10ef59c924aa6286b4ded0dd03086fb1b6b0b7a2fd106aada70d3270ee135fea
SOURCE/PRODUCT/rust/vendor/rustversion-1.0.23/.cargo-checksum.json	3524	8957958047990aa6a3490af1063cc8068f998742641acf95001a485e353b784c
SOURCE/PRODUCT/rust/vendor/rustversion-1.0.23/.cargo_vcs_info.json	94	50e3a4f0cc0e0deff35877f5e4a7cdb4a294b78e154b047bcdd3d08124485e94
SOURCE/PRODUCT/rust/vendor/rustversion-1.0.23/.github/FUNDING.yml	16	b017158736b3c9751a2d21edfce7fe61c8954e2fced8da8dd3013c2f3e295bd9
SOURCE/PRODUCT/rust/vendor/rustversion-1.0.23/.github/workflows/ci.yml	2922	73ae72c51294eb07f1ab8cd2aff4163687b0f2bb15063d8de6ae436aef6961c0
SOURCE/PRODUCT/rust/vendor/rustversion-1.0.23/Cargo.lock	11123	1112abcf0225a742208d7b0337d470a5b6cef7e887100bda96d6b32105ddec5e
SOURCE/PRODUCT/rust/vendor/rustversion-1.0.23/Cargo.toml	1817	fc211ccd64d3ad59a0715c1a6f8cbfbbd83045f644194394595d16646eee9947
SOURCE/PRODUCT/rust/vendor/rustversion-1.0.23/Cargo.toml.orig	952	aea407b728196dfc09352d170f2e65204da583a9899c3b6377a6c63daa056ecf
SOURCE/PRODUCT/rust/vendor/rustversion-1.0.23/LICENSE-APACHE	9723	62c7a1e35f56406896d7aa7ca52d0cc0d272ac022b5d2796e7d6905db8a3636a
SOURCE/PRODUCT/rust/vendor/rustversion-1.0.23/LICENSE-MIT	1023	23f18e03dc49df91622fe2a76176497404e46ced8a715d9d2b67a7446571cca3
SOURCE/PRODUCT/rust/vendor/rustversion-1.0.23/README.md	4888	913d04d158843566991845cc9d76e24610bf31f5a99e55115023ccc0b16ff1e7
SOURCE/PRODUCT/rust/vendor/rustversion-1.0.23/build/build.rs	4057	4438b108d5b198ca43ef0a78509da89861020674abd05166addd1c3058afbfa6
SOURCE/PRODUCT/rust/vendor/rustversion-1.0.23/build/rustc.rs	3688	faf67033ec831d968406f5a66c475df337f7221e9d1ab3477fed3a629e1ec5bc
SOURCE/PRODUCT/rust/vendor/rustversion-1.0.23/src/attr.rs	886	9301cd4aff5a9648c057d5d8de9eb66921f0c3a715c51ada4459576bd49c8b19
SOURCE/PRODUCT/rust/vendor/rustversion-1.0.23/src/bound.rs	1982	13c35302bd5d96ebe54509477e736a8b720e18cb2474e5805480c4517a20e5b0
SOURCE/PRODUCT/rust/vendor/rustversion-1.0.23/src/constfn.rs	1827	613b8f53b21cc06b4f619fce9000993d3e7873b650701ca01cef1e53bed5b40a
SOURCE/PRODUCT/rust/vendor/rustversion-1.0.23/src/date.rs	1407	f79c55ddcd18e124610cd5c9867b1ebaae1feeb6dfc37e2b7f94e3137aa883b6
SOURCE/PRODUCT/rust/vendor/rustversion-1.0.23/src/error.rs	1714	cb37102f03ebbaca313d80f9714fe08dfef92fe956789ee87d93eb6121705f4f
SOURCE/PRODUCT/rust/vendor/rustversion-1.0.23/src/expand.rs	3887	9c93525a8c4a0e620369ed256a1ee40a0b48f984e0fad8db8c0e2998bc8ecb23
SOURCE/PRODUCT/rust/vendor/rustversion-1.0.23/src/expr.rs	5189	8e8ca76f4f5838436d9d7273f499c698bb41f6c15bc07d32ec5c1cb8bd3dd731
SOURCE/PRODUCT/rust/vendor/rustversion-1.0.23/src/iter.rs	1061	8d4b817b9abc4e817105b673e15f29ef9bb8284a010ce01ac2d83387fe136947
SOURCE/PRODUCT/rust/vendor/rustversion-1.0.23/src/lib.rs	9043	77c732493550b7e7a46ae2d25e89c363a851ba25a9e9a89f1aad67bad4afbb04
SOURCE/PRODUCT/rust/vendor/rustversion-1.0.23/src/release.rs	930	e0755ed1889b4c6f0faaa5adee5f60f27f9926becff875dbb41b6a65ae756591
SOURCE/PRODUCT/rust/vendor/rustversion-1.0.23/src/time.rs	1408	6fcf3a1ed238a97bd7a39b187c88bdcef0246878424e06aa7eb779f841529b34
SOURCE/PRODUCT/rust/vendor/rustversion-1.0.23/src/token.rs	2442	824ce765f692db73afa02d3ebb0281c750748035efc98fa547be29d3072665ce
SOURCE/PRODUCT/rust/vendor/rustversion-1.0.23/src/version.rs	289	afdb048bba95bbb885945eba5527b6bf0eca0105642bfc304c2f82a8b7d556df
SOURCE/PRODUCT/rust/vendor/rustversion-1.0.23/tests/compiletest.rs	214	4e381aa8ca3eabb7ac14d1e0c3700b3223e47640547a6988cfa13ad68255f60f
SOURCE/PRODUCT/rust/vendor/rustversion-1.0.23/tests/test_const.rs	842	cb1e01479bd579b1b77312a9063ab456fe44abad2243e81873c2bf7ef5f205eb
SOURCE/PRODUCT/rust/vendor/rustversion-1.0.23/tests/test_eval.rs	307	6f0ee3f49c9a0d0c374a4d0e9a9dce753cd9fc2ca7725e000a435dbd5f4a9ce3
SOURCE/PRODUCT/rust/vendor/rustversion-1.0.23/tests/test_parse.rs	2547	f450e0a7f2391561484abb1b851124b5747755b76f945e121370adc710f2099d
SOURCE/PRODUCT/rust/vendor/rustversion-1.0.23/tests/ui/bad-bound.rs	100	25bde278fcaabf62868417148a5e5f2006bf589d7ebd7bf6004fb8d78e47594f
SOURCE/PRODUCT/rust/vendor/rustversion-1.0.23/tests/ui/bad-bound.stderr	374	23b4ca0aa1a7df75b5fb34e553a31faa6a3ccc029ecd7d68b056897c2c9cff9f
SOURCE/PRODUCT/rust/vendor/rustversion-1.0.23/tests/ui/bad-date.rs	104	6e23714dae8b6346fefe50dacd4abba3265248bbadfdd60c739138aa8a0037ba
SOURCE/PRODUCT/rust/vendor/rustversion-1.0.23/tests/ui/bad-date.stderr	312	f4aec72ca91ba743cadcdaf5a874c701949add5efce490aaf2bf1248ef578768
SOURCE/PRODUCT/rust/vendor/rustversion-1.0.23/tests/ui/bad-not.rs	90	f003df8bd245e9dd8edc3a6d94078ee5162fac7a98db881271f0f5b6db98d45d
SOURCE/PRODUCT/rust/vendor/rustversion-1.0.23/tests/ui/bad-not.stderr	239	1aebb3121d067d432a32dd95ff380ceac15a0531c34f90cee950582558841c56
SOURCE/PRODUCT/rust/vendor/rustversion-1.0.23/tests/ui/bad-version.rs	104	f4ea2cd038e6c63deb9c2e3ceffce93dbf179d9ce18c16d88f3b6cd7138a8c8e
SOURCE/PRODUCT/rust/vendor/rustversion-1.0.23/tests/ui/bad-version.stderr	322	e9421586d59cb9135123bd97710655014f95cc5f55b0f9611e1d2e8ce9e29a5d
SOURCE/PRODUCT/rust/vendor/rustversion-1.0.23/tests/ui/const-not-fn.rs	63	10bbe38f0d89391fff0698756e4cfd4e72a41090360393a0c951b67df14d1c35
SOURCE/PRODUCT/rust/vendor/rustversion-1.0.23/tests/ui/const-not-fn.stderr	148	1180662fd3b8c4426d46923918a2e58dd9b6259f1a364469ae13d5fc3d69ce6c
SOURCE/PRODUCT/rust/vendor/ryu-1.0.23/.cargo-checksum.json	3453	ade4786a60d094402173784065297af180f20175f85291aa6e1877f7bcd982dd
SOURCE/PRODUCT/rust/vendor/ryu-1.0.23/.cargo_vcs_info.json	94	ec5fd614270b6b3413b6b5bc5aa5f6af1d780535b87bec8d30afe70b5a111bf5
SOURCE/PRODUCT/rust/vendor/ryu-1.0.23/.github/FUNDING.yml	16	b017158736b3c9751a2d21edfce7fe61c8954e2fced8da8dd3013c2f3e295bd9
SOURCE/PRODUCT/rust/vendor/ryu-1.0.23/.github/workflows/ci.yml	3625	55255a520e9d87a2c601e84990e71bb12b416b52bf816a6eb062b46ee275b8f5
SOURCE/PRODUCT/rust/vendor/ryu-1.0.23/Cargo.lock	19988	07e11187906a5a35b83d13a85742df0f1843bdda74b9810be30475dd8cf51b84
SOURCE/PRODUCT/rust/vendor/ryu-1.0.23/Cargo.toml	2412	410de3eae58a75b9d2558d0a4e3ed43c2c8317781ffbd30a7cbe4aebaa833e1a
SOURCE/PRODUCT/rust/vendor/ryu-1.0.23/Cargo.toml.orig	1359	21cfb51ebcbf5e468c1a246cf3d6d4ab7adfe12c577c424c454f8086af967562
SOURCE/PRODUCT/rust/vendor/ryu-1.0.23/LICENSE-APACHE	9723	62c7a1e35f56406896d7aa7ca52d0cc0d272ac022b5d2796e7d6905db8a3636a
SOURCE/PRODUCT/rust/vendor/ryu-1.0.23/LICENSE-BOOST	1338	c9bff75738922193e67fa726fa225535870d2aa1059f91452c411736284ad566
SOURCE/PRODUCT/rust/vendor/ryu-1.0.23/README.md	3890	e9eb0ceb34ff12f11acaab161d374f585543bbe6a9e827b34ace5c1b41844821
SOURCE/PRODUCT/rust/vendor/ryu-1.0.23/benches/bench.rs	1272	06fc162566376801dbdbd091bfecb0dc3414a2abe7da55ba57c680ade9177f25
SOURCE/PRODUCT/rust/vendor/ryu-1.0.23/examples/upstream_benchmark.rs	2205	cc1a31c913449aba1ab735b51dc1cc398983dd93224e4da47604ac1ef4f5d96e
SOURCE/PRODUCT/rust/vendor/ryu-1.0.23/src/buffer/mod.rs	4902	e29fea93a1af8e3a25e2045489f4264cf50e708c0b2edfcb51ec95582e63fcd0
SOURCE/PRODUCT/rust/vendor/ryu-1.0.23/src/common.rs	3237	cae347e97fc30c50a964f80425e8c3e69ece2b8ab81f9b81b9baa7fcec64a001
SOURCE/PRODUCT/rust/vendor/ryu-1.0.23/src/d2s.rs	11482	f2612785ebe510c935b979dc5f66f6b8c818ca8a4cf0364ce1fe1d41fea39592
SOURCE/PRODUCT/rust/vendor/ryu-1.0.23/src/d2s_full_table.rs	32886	9b0186acbc6d65dc55c17e16125be707a2bfb920d22b35d33234b4cc38566a36
SOURCE/PRODUCT/rust/vendor/ryu-1.0.23/src/d2s_intrinsics.rs	2673	bbf15472f4299942312e80a992cbc2f47f85f17ed193f24084534434dbfb26e7
SOURCE/PRODUCT/rust/vendor/ryu-1.0.23/src/d2s_small_table.rs	5377	db3bbe4002d816785b0ee233c330f19fa7002f31dab47dc6f67b266996fe3ae4
SOURCE/PRODUCT/rust/vendor/ryu-1.0.23/src/digit_table.rs	1203	02351ca54cb8cb3679f635115dd094f32fd91750e9f66103c1ee9ec3db507072
SOURCE/PRODUCT/rust/vendor/ryu-1.0.23/src/f2s.rs	7068	ace23f2d4459055bbb8544c2efc09753fec27ff3ce44648e8015e8aff5696b0c
SOURCE/PRODUCT/rust/vendor/ryu-1.0.23/src/f2s_intrinsics.rs	3692	4667c34aab7637f2330df7bbd4c178c0ba1dd5854ff15b9a36a96fd5f527fb66
SOURCE/PRODUCT/rust/vendor/ryu-1.0.23/src/lib.rs	4474	ec6dc1b2b40fa14a9af5185991c1bebab3b6dc1f0947a81020a376eade8dae1c
SOURCE/PRODUCT/rust/vendor/ryu-1.0.23/src/parse.rs	479	7f8aa7e007caf5dcb03abdc4238157724bb742d0823a3b8a01646fa1f1129154
SOURCE/PRODUCT/rust/vendor/ryu-1.0.23/src/pretty/exponent.rs	1243	87b2a2625bf43bf987f8b84f35ffe554853f9af5b850dac1c8b8810c9a4399ca
SOURCE/PRODUCT/rust/vendor/ryu-1.0.23/src/pretty/mantissa.rs	1977	1301cd5d35e7cbcedacad36c296893a94dfa7154ebe4146d6466769ed67934b4
SOURCE/PRODUCT/rust/vendor/ryu-1.0.23/src/pretty/mod.rs	7870	49b0701a2f7b896e3ff23221761a48b4445a048d9ae63207d8934ff1969de795
SOURCE/PRODUCT/rust/vendor/ryu-1.0.23/src/s2d.rs	7837	5637c35a1dc0979f69ef434d8e1c8a9da40e54820cbd12081c795da5aff04fb4
SOURCE/PRODUCT/rust/vendor/ryu-1.0.23/src/s2f.rs	8437	0c46a7dd17b93d5b44c3ed05396289aba9c8e96757364722eb470090ebbcada5
SOURCE/PRODUCT/rust/vendor/ryu-1.0.23/src/tests.rs	880	4c1bfe1e7e6515779528dddcfd53ba3f6333618132e53a9c675b2bca69e9f8b0
SOURCE/PRODUCT/rust/vendor/ryu-1.0.23/tests/common_test.rs	2553	599781a637d9b9756858aabfe5c38a0734a550debd3d94774f33792b7b3c8240
SOURCE/PRODUCT/rust/vendor/ryu-1.0.23/tests/d2s_intrinsics_test.rs	2643	15d11b70810bf04f33f8b185bf7f010a436a4edb47fa4648b1a036568c2c5d15
SOURCE/PRODUCT/rust/vendor/ryu-1.0.23/tests/d2s_table_test.rs	1805	7e06679c3486feab200ebd82d090457f0cdae2503610d721ced3739dbc86c574
SOURCE/PRODUCT/rust/vendor/ryu-1.0.23/tests/d2s_test.rs	9707	5cadb01403383bfef181d22cc0d8764e4f46f7a84655166e6b75081132498fc7
SOURCE/PRODUCT/rust/vendor/ryu-1.0.23/tests/exhaustive.rs	1691	9b54ee69d695ac3121df7f44812494722fd1af53f6da263dd2ee1a4d38c50d03
SOURCE/PRODUCT/rust/vendor/ryu-1.0.23/tests/f2s_test.rs	4662	168f6e32d86fb98fda9afad0022e3b189e9e1f60756de8c9338913c0668ff768
SOURCE/PRODUCT/rust/vendor/ryu-1.0.23/tests/macros/mod.rs	183	8e90a674b3960f9516cb38f4eea0e0981ff902c3b33572ebdb6c5528d3ffa72c
SOURCE/PRODUCT/rust/vendor/ryu-1.0.23/tests/s2d_test.rs	5059	75c3a1044881718db65e05f25c9f6e1d005392dddb2e8dafb799668bb6a9a5c3
SOURCE/PRODUCT/rust/vendor/ryu-1.0.23/tests/s2f_test.rs	3120	ca44faee70f56f9ef51349418c41a67561fc46ae07c5d2bf0fe6f95ffd1a44f6
SOURCE/PRODUCT/rust/vendor/serde-1.0.229/.cargo-checksum.json	3152	2f28ef2a3673ec67bc10893175f06c7e58859751ce194faf9a5a58f724e41d8f
SOURCE/PRODUCT/rust/vendor/serde-1.0.229/.cargo_vcs_info.json	99	a5356e10a935346365e8744c75a7a6eb0ee0edbfb8074b712b19953c6e02e57e
SOURCE/PRODUCT/rust/vendor/serde-1.0.229/Cargo.lock	1592	27e973a8db87258e9d422ae4b72bfccbb55f2e91393f447b5943a45b90b3f9f2
SOURCE/PRODUCT/rust/vendor/serde-1.0.229/Cargo.toml	1969	6883caefd46e86eb15d22d3a6d274ad304c5e7934ab70eb58d81b7c4a29ef9db
SOURCE/PRODUCT/rust/vendor/serde-1.0.229/Cargo.toml.orig	2252	137d4b56580e6b18d0cad4a86aea12a8b83b8f985a931b089de553161c35af56
SOURCE/PRODUCT/rust/vendor/serde-1.0.229/LICENSE-APACHE	9723	62c7a1e35f56406896d7aa7ca52d0cc0d272ac022b5d2796e7d6905db8a3636a
SOURCE/PRODUCT/rust/vendor/serde-1.0.229/LICENSE-MIT	1023	23f18e03dc49df91622fe2a76176497404e46ced8a715d9d2b67a7446571cca3
SOURCE/PRODUCT/rust/vendor/serde-1.0.229/README.md	4358	0a33359b87747c0ae2437374c1dd4fc4d151ae3122b3931e2757b45d0ed519b8
SOURCE/PRODUCT/rust/vendor/serde-1.0.229/build.rs	2471	e2ea6a7a82f5404c3e28cb055883c737ee7903367a10206fbb47b75c009f0eb3
SOURCE/PRODUCT/rust/vendor/serde-1.0.229/crates-io.md	2538	00b72e63d4f3393e28f9a219c8cb8c122013d82f0d10d6d551e239b13c5ba9e4
SOURCE/PRODUCT/rust/vendor/serde-1.0.229/src/core/crate_root.rs	7081	157ca402e23c32f11a4f1797c81afb5e9f08df96768012cf3e3199153aafb2dd
SOURCE/PRODUCT/rust/vendor/serde-1.0.229/src/core/de/ignored_any.rs	6154	6480f2b2a83dc4764d01b2eec7309729eef2492eede2e5ee98d23a60b05198eb
SOURCE/PRODUCT/rust/vendor/serde-1.0.229/src/core/de/impls.rs	97134	2f8e2ef9d343875bb996319e69feae0dee2287e2548cedd8d3c752b64812331c
SOURCE/PRODUCT/rust/vendor/serde-1.0.229/src/core/de/mod.rs	83879	5ec8602d593915e0cf480b0ce67b02f6ab066dac34725237d2c7b4a6ef12a845
SOURCE/PRODUCT/rust/vendor/serde-1.0.229/src/core/de/value.rs	48848	fb6fef6d23d95d516c6e1d6b5cefd8b98ba3881214a82a8a7e0a8ffbb0a12083
SOURCE/PRODUCT/rust/vendor/serde-1.0.229/src/core/format.rs	726	c85071b016df643b161859682d21ce34fa0ebf2a3bdbeeea69859da48f5d934f
SOURCE/PRODUCT/rust/vendor/serde-1.0.229/src/core/lib.rs	4351	4e5c396d38ff5d9abf45b826a67ec3444654ed0802d057f46400ebe26f5879f8
SOURCE/PRODUCT/rust/vendor/serde-1.0.229/src/core/macros.rs	8276	a61c9d19b210697304328e6bb9380a1de713e21042256df90a2b4553f178b0be
SOURCE/PRODUCT/rust/vendor/serde-1.0.229/src/core/private/content.rs	750	5fdfb2bb95ecc80375507acb813a4c640496385e56fc99ab448f6b19e01fcc01
SOURCE/PRODUCT/rust/vendor/serde-1.0.229/src/core/private/doc.rs	5146	abe656c015267555ca26ebbcf2f4dcc52c719a0b9ade3a5ed4635b2784699b8c
SOURCE/PRODUCT/rust/vendor/serde-1.0.229/src/core/private/mod.rs	504	3bb3427ec80077b9df1853aa17681de796de0179d74871a96b88b72469de6cfc
SOURCE/PRODUCT/rust/vendor/serde-1.0.229/src/core/private/seed.rs	635	3f6e098c5bd314788370dcaf3ab0152fcd7feb6bcf36a9c51808938cd58071eb
SOURCE/PRODUCT/rust/vendor/serde-1.0.229/src/core/private/size_hint.rs	692	350694a2abaad94ca5d33958710a5bb8973a2ea1a3dcc50a41405c943761b81f
SOURCE/PRODUCT/rust/vendor/serde-1.0.229/src/core/private/string.rs	794	c1500fd4b64c24a5e45fa5f48c85c802816d6954a2999a72fc5a8861687212d4
SOURCE/PRODUCT/rust/vendor/serde-1.0.229/src/core/ser/fmt.rs	4166	bd129d9f085933b76dafef6eb43ffac893c1f6484a3064dcd82faeeebc3b203c
SOURCE/PRODUCT/rust/vendor/serde-1.0.229/src/core/ser/impls.rs	29535	5ee7efc439345e8665da0bd79bc06c02a0506e5fd0f3a4cf11af0c7197eaa643
SOURCE/PRODUCT/rust/vendor/serde-1.0.229/src/core/ser/impossible.rs	5308	283f628d5107aa030d2e96eeb1dee187f0ac18c24d517edeb51738ab15dfb871
SOURCE/PRODUCT/rust/vendor/serde-1.0.229/src/core/ser/mod.rs	65231	ec097d92c8545356961e977a4c9650361cadd1d3a243d805ae7b0e0e589ae803
SOURCE/PRODUCT/rust/vendor/serde-1.0.229/src/core/std_error.rs	1351	b36fd6a2b6898770b9f1c51517eb362af115767d0f7cb4a713e1b949530ffa8a
SOURCE/PRODUCT/rust/vendor/serde-1.0.229/src/integer128.rs	480	a5ca321ace6b11b71f637397cf4ea41992545a9c297a23230c8a9e8b92db71fa
SOURCE/PRODUCT/rust/vendor/serde-1.0.229/src/lib.rs	11673	9fcd921cee5dc64077f4027a3b42347253fdc3f3d9b88660e8c872c316db3620
SOURCE/PRODUCT/rust/vendor/serde-1.0.229/src/private/de.rs	110746	68ee17774d3bbc693d9f19803747fa2c3afdb7046482e6d94ac6cf7db5a4fe20
SOURCE/PRODUCT/rust/vendor/serde-1.0.229/src/private/mod.rs	574	52cc5b33364b13724ea4c2989f3ccd8ba02a2ef903761499e15264835ff76388
SOURCE/PRODUCT/rust/vendor/serde-1.0.229/src/private/ser.rs	41496	bea364a6199b57c2aa5a96a6bb0530176850dbeaaee908a6307fe610c873c8e3
SOURCE/PRODUCT/rust/vendor/serde_core-1.0.229/.cargo-checksum.json	2545	49369d1557e28ef1fe6d84fdc96166f2042a71fa133b92a6517d048168053f81
SOURCE/PRODUCT/rust/vendor/serde_core-1.0.229/.cargo_vcs_info.json	104	7ca00590d04aedf8f24c48a1d56f7201cc12fb884918496f43534e766d406ae6
SOURCE/PRODUCT/rust/vendor/serde_core-1.0.229/Cargo.lock	1551	f40b34bbb302517161d24864b7792615547087146efa895ce811d27d8a30e363
SOURCE/PRODUCT/rust/vendor/serde_core-1.0.229/Cargo.toml	1950	c6049e170e4f7c2b48749fefab59db583bfac4e466cde6d0c53e4f49bc5044f7
SOURCE/PRODUCT/rust/vendor/serde_core-1.0.229/Cargo.toml.orig	2663	2f3b7354d4f734e80c0e01ea399fb43c87cb393a84666f43d597f66af5450409
SOURCE/PRODUCT/rust/vendor/serde_core-1.0.229/LICENSE-APACHE	9723	62c7a1e35f56406896d7aa7ca52d0cc0d272ac022b5d2796e7d6905db8a3636a
SOURCE/PRODUCT/rust/vendor/serde_core-1.0.229/LICENSE-MIT	1023	23f18e03dc49df91622fe2a76176497404e46ced8a715d9d2b67a7446571cca3
SOURCE/PRODUCT/rust/vendor/serde_core-1.0.229/README.md	1051	d9ca174c5818d7885265f0242d3193dd2963c2ee1da84aed8b938ec6a6990e58
SOURCE/PRODUCT/rust/vendor/serde_core-1.0.229/build.rs	4252	7bc6b1eec8913ff4cd8e4b9b92cd04a82a4f38beb30a0b73a64c1e6e49f07b5f
SOURCE/PRODUCT/rust/vendor/serde_core-1.0.229/src/crate_root.rs	7081	157ca402e23c32f11a4f1797c81afb5e9f08df96768012cf3e3199153aafb2dd
SOURCE/PRODUCT/rust/vendor/serde_core-1.0.229/src/de/ignored_any.rs	6154	6480f2b2a83dc4764d01b2eec7309729eef2492eede2e5ee98d23a60b05198eb
SOURCE/PRODUCT/rust/vendor/serde_core-1.0.229/src/de/impls.rs	97134	2f8e2ef9d343875bb996319e69feae0dee2287e2548cedd8d3c752b64812331c
SOURCE/PRODUCT/rust/vendor/serde_core-1.0.229/src/de/mod.rs	83879	5ec8602d593915e0cf480b0ce67b02f6ab066dac34725237d2c7b4a6ef12a845
SOURCE/PRODUCT/rust/vendor/serde_core-1.0.229/src/de/value.rs	48848	fb6fef6d23d95d516c6e1d6b5cefd8b98ba3881214a82a8a7e0a8ffbb0a12083
SOURCE/PRODUCT/rust/vendor/serde_core-1.0.229/src/format.rs	726	c85071b016df643b161859682d21ce34fa0ebf2a3bdbeeea69859da48f5d934f
SOURCE/PRODUCT/rust/vendor/serde_core-1.0.229/src/lib.rs	4351	4e5c396d38ff5d9abf45b826a67ec3444654ed0802d057f46400ebe26f5879f8
SOURCE/PRODUCT/rust/vendor/serde_core-1.0.229/src/macros.rs	8276	a61c9d19b210697304328e6bb9380a1de713e21042256df90a2b4553f178b0be
SOURCE/PRODUCT/rust/vendor/serde_core-1.0.229/src/private/content.rs	750	5fdfb2bb95ecc80375507acb813a4c640496385e56fc99ab448f6b19e01fcc01
SOURCE/PRODUCT/rust/vendor/serde_core-1.0.229/src/private/doc.rs	5146	abe656c015267555ca26ebbcf2f4dcc52c719a0b9ade3a5ed4635b2784699b8c
SOURCE/PRODUCT/rust/vendor/serde_core-1.0.229/src/private/mod.rs	504	3bb3427ec80077b9df1853aa17681de796de0179d74871a96b88b72469de6cfc
SOURCE/PRODUCT/rust/vendor/serde_core-1.0.229/src/private/seed.rs	635	3f6e098c5bd314788370dcaf3ab0152fcd7feb6bcf36a9c51808938cd58071eb
SOURCE/PRODUCT/rust/vendor/serde_core-1.0.229/src/private/size_hint.rs	692	350694a2abaad94ca5d33958710a5bb8973a2ea1a3dcc50a41405c943761b81f
SOURCE/PRODUCT/rust/vendor/serde_core-1.0.229/src/private/string.rs	794	c1500fd4b64c24a5e45fa5f48c85c802816d6954a2999a72fc5a8861687212d4
SOURCE/PRODUCT/rust/vendor/serde_core-1.0.229/src/ser/fmt.rs	4166	bd129d9f085933b76dafef6eb43ffac893c1f6484a3064dcd82faeeebc3b203c
SOURCE/PRODUCT/rust/vendor/serde_core-1.0.229/src/ser/impls.rs	29535	5ee7efc439345e8665da0bd79bc06c02a0506e5fd0f3a4cf11af0c7197eaa643
SOURCE/PRODUCT/rust/vendor/serde_core-1.0.229/src/ser/impossible.rs	5308	283f628d5107aa030d2e96eeb1dee187f0ac18c24d517edeb51738ab15dfb871
SOURCE/PRODUCT/rust/vendor/serde_core-1.0.229/src/ser/mod.rs	65231	ec097d92c8545356961e977a4c9650361cadd1d3a243d805ae7b0e0e589ae803
SOURCE/PRODUCT/rust/vendor/serde_core-1.0.229/src/std_error.rs	1351	b36fd6a2b6898770b9f1c51517eb362af115767d0f7cb4a713e1b949530ffa8a
SOURCE/PRODUCT/rust/vendor/serde_derive-1.0.229/.cargo-checksum.json	3365	0a2399c80dbbea2df4e8db316aace72724b6da67e8e1632eb6aee698a7994dd0
SOURCE/PRODUCT/rust/vendor/serde_derive-1.0.229/.cargo_vcs_info.json	106	0b5d17eb470ba78f4d915159f7545c9178e21e63b52e1c033f6c4cb97a0f188a
SOURCE/PRODUCT/rust/vendor/serde_derive-1.0.229/Cargo.lock	2110	745122d422b997c60bdae98ca48376f2fa2e8817fb02ba6b2db4160ae1fb0088
SOURCE/PRODUCT/rust/vendor/serde_derive-1.0.229/Cargo.toml	2094	d2581160ffa61baa386f882e08b0db20051dc3c782a82268d6473998b61c926e
SOURCE/PRODUCT/rust/vendor/serde_derive-1.0.229/Cargo.toml.orig	1375	c8e1a7cff52301a94da8bb1a1eeff9e729bf0c5cab63945a1633b7808f82c91c
SOURCE/PRODUCT/rust/vendor/serde_derive-1.0.229/LICENSE-APACHE	9723	62c7a1e35f56406896d7aa7ca52d0cc0d272ac022b5d2796e7d6905db8a3636a
SOURCE/PRODUCT/rust/vendor/serde_derive-1.0.229/LICENSE-MIT	1023	23f18e03dc49df91622fe2a76176497404e46ced8a715d9d2b67a7446571cca3
SOURCE/PRODUCT/rust/vendor/serde_derive-1.0.229/README.md	4358	0a33359b87747c0ae2437374c1dd4fc4d151ae3122b3931e2757b45d0ed519b8
SOURCE/PRODUCT/rust/vendor/serde_derive-1.0.229/crates-io.md	2538	00b72e63d4f3393e28f9a219c8cb8c122013d82f0d10d6d551e239b13c5ba9e4
SOURCE/PRODUCT/rust/vendor/serde_derive-1.0.229/src/bound.rs	15378	7daa248b3b1121bba90c5a184bbd9b630d46bca4b4c1b5814df97f494bf1ee9e
SOURCE/PRODUCT/rust/vendor/serde_derive-1.0.229/src/de.rs	34045	a04fdb321ce47b479b42b2dd0ca1cfd57db88e06451d7dc95303c582fedc135c
SOURCE/PRODUCT/rust/vendor/serde_derive-1.0.229/src/de/enum_.rs	3490	5a099a25034e4f9364d421a53cfb4428ea8a94fd66515c66207bf8bfb7c4db4f
SOURCE/PRODUCT/rust/vendor/serde_derive-1.0.229/src/de/enum_adjacently.rs	13795	987d3a9fc7eda53776f0ccc3fbe64147ccfc8caf2ee202d3ad6432daf033a194
SOURCE/PRODUCT/rust/vendor/serde_derive-1.0.229/src/de/enum_externally.rs	7158	d001b7eab7f89165f29c7459a12c2baf4898c0ff456c219afabb5d19c20462e3
SOURCE/PRODUCT/rust/vendor/serde_derive-1.0.229/src/de/enum_internally.rs	3511	9d898dbc1c46262f695ef7ba1660b2af70de48e07bbac8f44b740326b7c5b303
SOURCE/PRODUCT/rust/vendor/serde_derive-1.0.229/src/de/enum_untagged.rs	4858	b66ad3cea36ee786d50270f6648f1075c1e615b5f04173b47f034a251df5220e
SOURCE/PRODUCT/rust/vendor/serde_derive-1.0.229/src/de/identifier.rs	15852	b653c26f4274e5c323e3f893c6f9a2b21bd5c873abdc2a801f0289a5e56a9f6c
SOURCE/PRODUCT/rust/vendor/serde_derive-1.0.229/src/de/struct_.rs	24472	7b26982ce59504a9bb5a18c3ab56eee2d75e70fd465774ff035d15c50452c118
SOURCE/PRODUCT/rust/vendor/serde_derive-1.0.229/src/de/tuple.rs	9435	5496ee711b935b17269960f4a0cfcb7d23de668db9489dfca7276ce1fcdf0f6f
SOURCE/PRODUCT/rust/vendor/serde_derive-1.0.229/src/de/unit.rs	1916	b792db7952fc2e4719fdce9552fe4ba1836086cc967ae9a5b919c28b30f2b4a0
SOURCE/PRODUCT/rust/vendor/serde_derive-1.0.229/src/deprecated.rs	1633	cff374e86ea5f134913a2a194a68d7c2510ffd5214956d10b9c496e90a20a952
SOURCE/PRODUCT/rust/vendor/serde_derive-1.0.229/src/dummy.rs	751	dce9d53f7f6efb41043d6dbd741e03e65fe0a56b2f739a041184036cd7491b16
SOURCE/PRODUCT/rust/vendor/serde_derive-1.0.229/src/fragment.rs	2116	6757cb4c3131d4300f093572efc273c4ab5a20e3e1efb54a311dcfa52d0bd6eb
SOURCE/PRODUCT/rust/vendor/serde_derive-1.0.229/src/internals/ast.rs	6732	bc6244a25f536cfee82f14a29df25b7e9bc299a639debe702b9bb060c1ac99fb
SOURCE/PRODUCT/rust/vendor/serde_derive-1.0.229/src/internals/attr.rs	67345	7abe82fde303a3c31f967c13e0ee1afe49ea584d882b9d2c32b067888e1c8225
SOURCE/PRODUCT/rust/vendor/serde_derive-1.0.229/src/internals/case.rs	7121	10c8dda2b32d8c6c6b63cf09cdc63d02375af7e95ecefe8fecb34f93b65191bb
SOURCE/PRODUCT/rust/vendor/serde_derive-1.0.229/src/internals/check.rs	16744	86ea817316638ec33f70ecdf9634a31c934fd3df84533e3e315816dc130f0bff
SOURCE/PRODUCT/rust/vendor/serde_derive-1.0.229/src/internals/ctxt.rs	1982	79c058495febd402facbfa24d8a82d0d53fd91a6497ad4e9595a4dcca2e0e0bc
SOURCE/PRODUCT/rust/vendor/serde_derive-1.0.229/src/internals/mod.rs	395	c1ece6bbce5a5e8a2bf5d6d9a29e85551258db9c610fab73ac19c6b7d8cf98fd
SOURCE/PRODUCT/rust/vendor/serde_derive-1.0.229/src/internals/name.rs	2806	9bc1553d7b493794cd436664ee6b43fccb914f271fa86705ae2937ae923a876f
SOURCE/PRODUCT/rust/vendor/serde_derive-1.0.229/src/internals/receiver.rs	10540	c75e0ba04602c5771d662004f32b82bf01e11c1905153ba4c073969788b75abe
SOURCE/PRODUCT/rust/vendor/serde_derive-1.0.229/src/internals/respan.rs	451	899753859c58ce5f532a3ec4584796a52f13ed5a0533191e48c953ba5c1b52ff
SOURCE/PRODUCT/rust/vendor/serde_derive-1.0.229/src/internals/symbol.rs	2509	d2590f1c8356d6a10923476b558c39a85b77392ba09c92fa97e05e2c403e73c7
SOURCE/PRODUCT/rust/vendor/serde_derive-1.0.229/src/lib.rs	3642	9c8efaaaad77caa41178ca4316bff1ccbb7a864673d88639d258b7c5619a4ad4
SOURCE/PRODUCT/rust/vendor/serde_derive-1.0.229/src/pretend.rs	5852	b3e4928f49b1f380c91afc575733586e5bced5d76f02847736c267c00872df91
SOURCE/PRODUCT/rust/vendor/serde_derive-1.0.229/src/ser.rs	45068	18b3a4d06cd721c402835b17f008a63fdbaad379734f0fd4132aa28d8ea5c1de
SOURCE/PRODUCT/rust/vendor/serde_derive-1.0.229/src/this.rs	1007	87818dc80cbb521b51938a653d09daf10aafc220bb10425948de82ad670fcb85
SOURCE/PRODUCT/rust/vendor/serde_json-1.0.151/.cargo-checksum.json	8253	9a55119e32d91e665abddabb56006cd3a0d3378f221d78d9cf6267266b420786
SOURCE/PRODUCT/rust/vendor/serde_json-1.0.151/.cargo_vcs_info.json	94	5bfedd83df665d1746f17958cdf29a1e62743049730e95ffc64912a984336eb5
SOURCE/PRODUCT/rust/vendor/serde_json-1.0.151/.github/workflows/ci.yml	5417	c34145e098a9d1891a740ee7d805933b6c6869df675b651d1433e256ef724e74
SOURCE/PRODUCT/rust/vendor/serde_json-1.0.151/CONTRIBUTING.md	1733	f5270cafba66223a7b51ffc0d286075a17bb7cd88762fc80d333d3102629f4d8
SOURCE/PRODUCT/rust/vendor/serde_json-1.0.151/Cargo.lock	10546	3dc87740936e57d7be685ad20618aaa3ec8d931085e54381d196a2ec8faa919f
SOURCE/PRODUCT/rust/vendor/serde_json-1.0.151/Cargo.toml	3118	00b920255c320a278bf25b962b491263a19d8c90e12e4a91c1d823db71eabb2f
SOURCE/PRODUCT/rust/vendor/serde_json-1.0.151/Cargo.toml.orig	3642	ade7399c00ef7d8320fe5427e4c23f50686d6476584b2ea558a795cc9139f78a
SOURCE/PRODUCT/rust/vendor/serde_json-1.0.151/LICENSE-APACHE	9723	62c7a1e35f56406896d7aa7ca52d0cc0d272ac022b5d2796e7d6905db8a3636a
SOURCE/PRODUCT/rust/vendor/serde_json-1.0.151/LICENSE-MIT	1023	23f18e03dc49df91622fe2a76176497404e46ced8a715d9d2b67a7446571cca3
SOURCE/PRODUCT/rust/vendor/serde_json-1.0.151/README.md	14043	10cb8c14d9d29f29a031329747b352fc149a689b449ee5a8abb43712695aed72
SOURCE/PRODUCT/rust/vendor/serde_json-1.0.151/build.rs	1206	a681e754be844c7dbef957f5d2d00b01f37c5dca160ef1055a8d8f975697a881
SOURCE/PRODUCT/rust/vendor/serde_json-1.0.151/src/de.rs	86840	4998d7e252eb513be85b298e287048b4fb283882e9ba7df905f572f07200f3f3
SOURCE/PRODUCT/rust/vendor/serde_json-1.0.151/src/error.rs	17221	a13add05a63adf53d89e37effa03221d897a60486cfe360a5a958c0dd2a7e90d
SOURCE/PRODUCT/rust/vendor/serde_json-1.0.151/src/io/core.rs	1739	60ba28f67a9acaecf8964b611efba416b13f9f2bae4befc329fdf0e037293802
SOURCE/PRODUCT/rust/vendor/serde_json-1.0.151/src/io/mod.rs	684	fd1ed5080495cab21117f6f7d3c2c9e3687cad0c69a0cd087b08a145a9e672da
SOURCE/PRODUCT/rust/vendor/serde_json-1.0.151/src/iter.rs	1848	f832c469cd7999d26ba9b76baa69b257a212a7edb3dfdf9b1d1bb35e8da85fa9
SOURCE/PRODUCT/rust/vendor/serde_json-1.0.151/src/lexical/algorithm.rs	6117	54d599033e5a182a3076a0ba23a3550bf8680c99399b0313166b3c42c85b35b9
SOURCE/PRODUCT/rust/vendor/serde_json-1.0.151/src/lexical/bhcomp.rs	7035	26f39d52008225a6b377d7246d326940d44200e160a7b4652733e712e1a45a04
SOURCE/PRODUCT/rust/vendor/serde_json-1.0.151/src/lexical/bignum.rs	679	db688e8112389998d0f91906f6857e28f9b510a8b4065ad476c8e8be2f77becf
SOURCE/PRODUCT/rust/vendor/serde_json-1.0.151/src/lexical/cached.rs	2156	0e127398691f8042c19cde209e7f4b0161f0f3150342430145929f711e6fdac8
SOURCE/PRODUCT/rust/vendor/serde_json-1.0.151/src/lexical/cached_float80.rs	5782	0f8f74a22cb7d871322a9893bffd0255ca10bf9dffd13afb2462dd3d7f51805f
SOURCE/PRODUCT/rust/vendor/serde_json-1.0.151/src/lexical/digit.rs	444	9502805adbc3da059131d1fac0a802e17065b36cd7472606b3af24e3241d5cb8
SOURCE/PRODUCT/rust/vendor/serde_json-1.0.151/src/lexical/errors.rs	5082	3d9f6de6245533bcb101dfd718cfed61d59dc293f6768cedae28aa13ace164f5
SOURCE/PRODUCT/rust/vendor/serde_json-1.0.151/src/lexical/exponent.rs	1562	51f19443008e8884b15c7d5d4b1f1cfbd5673a9d1da02f1af39fcf20e315f01f
SOURCE/PRODUCT/rust/vendor/serde_json-1.0.151/src/lexical/float.rs	5482	fe356213c92a049f4bef2f58bc0e3a26866ca06b8c1d74d0f961c5b883852cad
SOURCE/PRODUCT/rust/vendor/serde_json-1.0.151/src/lexical/large_powers.rs	250	18d697b846b44ecb61bfaaa3b881e0696f9b7bb6be582623e9d3a8a176a48d2f
SOURCE/PRODUCT/rust/vendor/serde_json-1.0.151/src/lexical/large_powers32.rs	15362	c70b57a727960beec258758a4d4a1050f8eaf3b4e60027c663a2bfb0246e0153
SOURCE/PRODUCT/rust/vendor/serde_json-1.0.151/src/lexical/large_powers64.rs	15879	e7af83ce3159b5fc4669fc5a231e767d8af21bacaece52a0a48951198965b197
SOURCE/PRODUCT/rust/vendor/serde_json-1.0.151/src/lexical/math.rs	26327	c5452d3ef9cc9ebd74a99f22dcabf74f4f062bbaeade46301260b79e4662d5df
SOURCE/PRODUCT/rust/vendor/serde_json-1.0.151/src/lexical/mod.rs	1059	ace2ccea2cd541f019a84b9eeb3b9ecd88daf6bccbe9edf0eac00b62704f47c4
SOURCE/PRODUCT/rust/vendor/serde_json-1.0.151/src/lexical/num.rs	11179	2d06111d28616221995f7b4d4f13625b8d902884921268b0e02e544f871a5339
SOURCE/PRODUCT/rust/vendor/serde_json-1.0.151/src/lexical/parse.rs	2241	c2bfac4c70a19938ced61e991f4ec606764887cf12bac1a0978b5b5318a56aac
SOURCE/PRODUCT/rust/vendor/serde_json-1.0.151/src/lexical/rounding.rs	7388	4762af3612880b17468ff2a1bb800c8e99f08330ae439699dd53d8dc5463ad13
SOURCE/PRODUCT/rust/vendor/serde_json-1.0.151/src/lexical/shift.rs	1235	bc1ed053dd63d45ac9c35302f18de9f00d94027f28af4ab749c9248439de832a
SOURCE/PRODUCT/rust/vendor/serde_json-1.0.151/src/lexical/small_powers.rs	1345	73c56b7b83310c6fefa898fb94771c65bdc251c1579ab105151da43935ea02be
SOURCE/PRODUCT/rust/vendor/serde_json-1.0.151/src/lib.rs	14369	34a1ddabdcf4759d9a6c64a2e851372546d635d1a578ad902d962fef3c45de58
SOURCE/PRODUCT/rust/vendor/serde_json-1.0.151/src/macros.rs	10361	94dda91c847e819a95e64d655eb066dfa44ed69712064016c3fe862c34ef92e6
SOURCE/PRODUCT/rust/vendor/serde_json-1.0.151/src/map.rs	35057	b5a2fd1ee865e6cfd83ef2da0a2e1057f892465ac7ede8a78a11354a60526f33
SOURCE/PRODUCT/rust/vendor/serde_json-1.0.151/src/number.rs	25285	70b83c36286f6c58123f544f27db2b54a1135f928fe33b08b521b2997773f862
SOURCE/PRODUCT/rust/vendor/serde_json-1.0.151/src/raw.rs	23498	0e6ae2ade492a3c5c090dfaf31f03ff4e54123a5a47b59def5f1b3dcc035a2e3
SOURCE/PRODUCT/rust/vendor/serde_json-1.0.151/src/read.rs	33041	17a2efe49e5a6937c8d7d4a5c0b9eac84453de0f86bf8e7ee421387e82341bb3
SOURCE/PRODUCT/rust/vendor/serde_json-1.0.151/src/ser.rs	63877	f2b8cc0b97e30c49dbc58698fa22c14a7d56ea616cdb57b067835a59af49a75f
SOURCE/PRODUCT/rust/vendor/serde_json-1.0.151/src/value/de.rs	41251	ceda1bf415aafde89caa83bf275811b70d393717d4e1038e0c61822d2da02993
SOURCE/PRODUCT/rust/vendor/serde_json-1.0.151/src/value/from.rs	6357	ae4b5f93b27e578fa40e3a8d25d0df2032fe40b680cddb15963e47cbd56db613
SOURCE/PRODUCT/rust/vendor/serde_json-1.0.151/src/value/index.rs	8734	f1404ed12e795a5553da4bdf72835c441a5e0cc0f6e794fee875eaa887d65319
SOURCE/PRODUCT/rust/vendor/serde_json-1.0.151/src/value/mod.rs	30963	6331d59ea362a74b6cd3d302d08114a63a73a384ff56fef737de29edea2f8d91
SOURCE/PRODUCT/rust/vendor/serde_json-1.0.151/src/value/partial_eq.rs	2267	c565f7886d3bdf5dd39b8c99acca17091c251f15b3c257addf5d02f414fd0571
SOURCE/PRODUCT/rust/vendor/serde_json-1.0.151/src/value/ser.rs	28223	11f2b7daa1eba826d4086d5497f73729478dd7647bff77deccde5e47b0f126f2
SOURCE/PRODUCT/rust/vendor/serde_json-1.0.151/tests/compiletest.rs	214	4e381aa8ca3eabb7ac14d1e0c3700b3223e47640547a6988cfa13ad68255f60f
SOURCE/PRODUCT/rust/vendor/serde_json-1.0.151/tests/debug.rs	2038	7d54721bbaea19c362e7c39046745ffb3c774d6af0b3af5643e4bdfbf0fa1011
SOURCE/PRODUCT/rust/vendor/serde_json-1.0.151/tests/lexical.rs	1027	a863468815c2c1f1415b30eef42971604d860e6128e66c39d965322fbc567240
SOURCE/PRODUCT/rust/vendor/serde_json-1.0.151/tests/lexical/algorithm.rs	3867	da378df9ee24bfa033968d5c94e91b58e52c39bf6c825dec51c3eb7250cc5874
SOURCE/PRODUCT/rust/vendor/serde_json-1.0.151/tests/lexical/exponent.rs	1288	dc8fa8d05e561ff256f8b09385291768c7f45e5ad6cb878ef9194757aa014386
SOURCE/PRODUCT/rust/vendor/serde_json-1.0.151/tests/lexical/float.rs	14186	0440f2d85c993bcccd925096d7f4136bf624ffd66b3c7ee565d158390685eb11
SOURCE/PRODUCT/rust/vendor/serde_json-1.0.151/tests/lexical/math.rs	5436	4142ef090f563df1f6b14c9a4e6d4723535fa816dca3febc94b3423240e9db20
SOURCE/PRODUCT/rust/vendor/serde_json-1.0.151/tests/lexical/num.rs	1602	e0bdc3b4facd579e9cfdf87c8bae107ed227c63cf9ef920fd85e9febb985c693
SOURCE/PRODUCT/rust/vendor/serde_json-1.0.151/tests/lexical/parse.rs	17147	a11f09bb003a3a024548008cf78bf76526ed71b00077d1989f45eb8cebc93b9c
SOURCE/PRODUCT/rust/vendor/serde_json-1.0.151/tests/lexical/rounding.rs	9038	6c56e39ba534616c1b2146e8efa6eb57aed322e683bf23183cd32a61fae6447e
SOURCE/PRODUCT/rust/vendor/serde_json-1.0.151/tests/macros/mod.rs	1511	93aa1d54af20bc2c55b6ae8db73c1414cda2626eb9fa7bd57b9d613a3c6e6a19
SOURCE/PRODUCT/rust/vendor/serde_json-1.0.151/tests/map.rs	1603	232a980d98b0ceac022ad34d25b0a0fc613389784222a45da4f5650a9414a847
SOURCE/PRODUCT/rust/vendor/serde_json-1.0.151/tests/regression.rs	130	2f2aa349a0dcc399e246e08e2fbae8fb349831b461169014605538fed8d65622
SOURCE/PRODUCT/rust/vendor/serde_json-1.0.151/tests/regression/issue1004.rs	362	38d7e3b6c515b881078ebd21ca8063d2ca105cd319695d29538f879e37f091b5
SOURCE/PRODUCT/rust/vendor/serde_json-1.0.151/tests/regression/issue520.rs	401	f95b362e45c57b431720c48eb47f7ddddf4078195d6859df523dc32950ce980a
SOURCE/PRODUCT/rust/vendor/serde_json-1.0.151/tests/regression/issue795.rs	1646	37ff26744b1f950dd212565c6e3f276268882f7724cc589ac8b21ca8bd608413
SOURCE/PRODUCT/rust/vendor/serde_json-1.0.151/tests/regression/issue845.rs	1919	10d2895cd1412cb6630f0a59db367f79ee672edb501151c7581e9921b5a84b92
SOURCE/PRODUCT/rust/vendor/serde_json-1.0.151/tests/regression/issue953.rs	236	b2cddc761f5ca6639900c173765a8a5868528a896924e5e925db2696469208f7
SOURCE/PRODUCT/rust/vendor/serde_json-1.0.151/tests/regression/issue979.rs	758	06851e827c7bcb069de03d878f56710786fad55d9d9ad1149a8e9629a5ac3062
SOURCE/PRODUCT/rust/vendor/serde_json-1.0.151/tests/stream.rs	5089	794b672b52eb8f1696b32b8dd125a660fc19b83fcfef5390896b02149b5f0a9b
SOURCE/PRODUCT/rust/vendor/serde_json-1.0.151/tests/test.rs	78325	bfb44a3ff847299e7ae7b1801a47c273c7ae897f746d2bf2ac0a8d543143c494
SOURCE/PRODUCT/rust/vendor/serde_json-1.0.151/tests/ui/missing_colon.rs	57	d07e0c34d98eb43465f0a0310f2c0b5d5b0d26d243b352a1c6bbe6ad3b27eda9
SOURCE/PRODUCT/rust/vendor/serde_json-1.0.151/tests/ui/missing_colon.stderr	456	a543cf9931a6224ba74f4592ea551f19438752c09427c649cd0211d363e88e75
SOURCE/PRODUCT/rust/vendor/serde_json-1.0.151/tests/ui/missing_comma.rs	69	b8a9662f99c3e6dd2b6417892c37640578ce91d3a8365bf10c1f686a3227aa87
SOURCE/PRODUCT/rust/vendor/serde_json-1.0.151/tests/ui/missing_comma.stderr	367	05de5cd378a91be9631b0491c326d45e180bb76ea834052e214ec9e1e14b1aaf
SOURCE/PRODUCT/rust/vendor/serde_json-1.0.151/tests/ui/missing_value.rs	59	bca25d67127fb88e7c191c7b03af5a4ce8a9abb630f3d2e6a6c1e77e213dc9a4
SOURCE/PRODUCT/rust/vendor/serde_json-1.0.151/tests/ui/missing_value.stderr	460	a03be58cfa3d80cf1bd967bc8473933e87226db69c7967710084b13ca43bccdc
SOURCE/PRODUCT/rust/vendor/serde_json-1.0.151/tests/ui/not_found.rs	61	d0a7adb309879ff65aee115b52cc33d36f4bad353cf97c4effc34a6128c2bee3
SOURCE/PRODUCT/rust/vendor/serde_json-1.0.151/tests/ui/not_found.stderr	162	359b751c0c21fab6d460daef4d5f73a265f7769c9b578f98ea3cb6cbf2387643
SOURCE/PRODUCT/rust/vendor/serde_json-1.0.151/tests/ui/parse_expr.rs	61	32e6d51f528db3d1ab0ed1e24765b865be393565c26f77413c5aa39d601ac563
SOURCE/PRODUCT/rust/vendor/serde_json-1.0.151/tests/ui/parse_expr.stderr	295	1daa690bd744a9559ed51019d88d0b4a1ffaea42f74a24d48688a7029a87e013
SOURCE/PRODUCT/rust/vendor/serde_json-1.0.151/tests/ui/parse_key.rs	65	18829b2af320d5cf8a0a5cd3aaf84c7e92cc874651c30e45a3acafb76c2d8b93
SOURCE/PRODUCT/rust/vendor/serde_json-1.0.151/tests/ui/parse_key.stderr	153	20cf0d2898749f3c36780fc065f5049ee809e74cb6f0ef776f43f45e01596ee3
SOURCE/PRODUCT/rust/vendor/serde_json-1.0.151/tests/ui/unexpected_after_array_element.rs	61	a343fc3104431720bdfcf330bcc3cfcd98c8dec3e951133b495242478b0b7eb3
SOURCE/PRODUCT/rust/vendor/serde_json-1.0.151/tests/ui/unexpected_after_array_element.stderr	231	9ec755bf0cd5a3e9dc9c4027ae03fbb3f33987b1ab61aa76cd88d4148b766487
SOURCE/PRODUCT/rust/vendor/serde_json-1.0.151/tests/ui/unexpected_after_map_entry.rs	66	6e3bd2def435ca610e346bbc75cdbaf61963eb2ef1885bb5f76781ba1fac37ef
SOURCE/PRODUCT/rust/vendor/serde_json-1.0.151/tests/ui/unexpected_after_map_entry.stderr	237	a39bd7a3ae4d20a24d311392022caa48f59697967995c2bb2cf5c1bc5c9c21d0
SOURCE/PRODUCT/rust/vendor/serde_json-1.0.151/tests/ui/unexpected_colon.rs	60	a313cff3fed4be4c33f1eda5d0c5c98147fb835a56d36470d9f367352c1d61ef
SOURCE/PRODUCT/rust/vendor/serde_json-1.0.151/tests/ui/unexpected_colon.stderr	209	80afe490b9615fd2d769b80602a7f64c5804fda666356fbcebd7658107d89c70
SOURCE/PRODUCT/rust/vendor/serde_json-1.0.151/tests/ui/unexpected_comma.rs	69	55a8b684bde1ce905837cce719fd457d8898b61cebc27e5b420d05cb6be97256
SOURCE/PRODUCT/rust/vendor/serde_json-1.0.151/tests/ui/unexpected_comma.stderr	222	0b6488f2e63c4cd7debc38696b76b325ef230fa97c33bf17476573993883a448
SOURCE/PRODUCT/rust/vendor/serde_path_to_error-0.1.20/.cargo-checksum.json	1579	bc60ec8e6cef2f8c39aaee8bd463173be3b57fee5ef35ec54eeecfac98924173
SOURCE/PRODUCT/rust/vendor/serde_path_to_error-0.1.20/.cargo_vcs_info.json	94	f0af65c79a8af5a21a11d7b431c20f3edd19f25b5ee9353be42ab4204cff086c
SOURCE/PRODUCT/rust/vendor/serde_path_to_error-0.1.20/.github/FUNDING.yml	16	b017158736b3c9751a2d21edfce7fe61c8954e2fced8da8dd3013c2f3e295bd9
SOURCE/PRODUCT/rust/vendor/serde_path_to_error-0.1.20/.github/workflows/ci.yml	2592	5f73e57a3cf98643ba11e22c519c92e47607c4cafdcbebd1973795944026f5b6
SOURCE/PRODUCT/rust/vendor/serde_path_to_error-0.1.20/Cargo.lock	2701	3026c9ec732f26bc4dea06262e60304207c79fcec5d3d20805fa1eb44399b758
SOURCE/PRODUCT/rust/vendor/serde_path_to_error-0.1.20/Cargo.toml	1884	28e805ceeee919d5b873705c1c2094c0d7b2480d5f982947ec446dc84d557a91
SOURCE/PRODUCT/rust/vendor/serde_path_to_error-0.1.20/Cargo.toml.orig	1021	d31acc98fbfbd50ceda3435c3f769d2bade1ee9f53b2612e321e3ec02b8a7f4b
SOURCE/PRODUCT/rust/vendor/serde_path_to_error-0.1.20/LICENSE-APACHE	9723	62c7a1e35f56406896d7aa7ca52d0cc0d272ac022b5d2796e7d6905db8a3636a
SOURCE/PRODUCT/rust/vendor/serde_path_to_error-0.1.20/LICENSE-MIT	1023	23f18e03dc49df91622fe2a76176497404e46ced8a715d9d2b67a7446571cca3
SOURCE/PRODUCT/rust/vendor/serde_path_to_error-0.1.20/README.md	2320	a85a795381a723c0cc19c2a75a62b309b0a01a12618da605d6166a7a5e207201
SOURCE/PRODUCT/rust/vendor/serde_path_to_error-0.1.20/src/de.rs	40682	a8f80dc84b1a4c6ea03530cd9673a433bfdfae788f6ab6ff4ac6937dc81417b8
SOURCE/PRODUCT/rust/vendor/serde_path_to_error-0.1.20/src/lib.rs	5322	71773cb8b9e54b839c04f9c084dcbfdb036e6835007697ea8f92253785abd6bf
SOURCE/PRODUCT/rust/vendor/serde_path_to_error-0.1.20/src/path.rs	4262	d5ffcafb1eb461b3d26fc5470191602bb8a9d4d22b488f69a6106906c3a17685
SOURCE/PRODUCT/rust/vendor/serde_path_to_error-0.1.20/src/ser.rs	28269	44ad2df6ca0f514db1c7d83441aca2b4839c6817690ab9b6540faf11912464a7
SOURCE/PRODUCT/rust/vendor/serde_path_to_error-0.1.20/src/wrap.rs	859	9d88271729c6dc90d16328454f0432e18ce13df6c8dc4749785c5d3c7d260c09
SOURCE/PRODUCT/rust/vendor/serde_path_to_error-0.1.20/tests/deserialize.rs	4354	b9f327bc0baf5e3626045e9dafe550c50e58b043661b29cc0fc1c609abf5362e
SOURCE/PRODUCT/rust/vendor/serde_path_to_error-0.1.20/tests/serialize.rs	1214	dc304dcaa9b8ae89b624c3d9ecde5a195c8dac062bb00a1f791beb11f77c09b7
SOURCE/PRODUCT/rust/vendor/serde_urlencoded-0.7.1/.cargo-checksum.json	1684	6100024f9e3f245715a2b2ecae3f417255d80604e48ec01a56992887be8a21a1
SOURCE/PRODUCT/rust/vendor/serde_urlencoded-0.7.1/.cargo_vcs_info.json	94	26f069e9ac77cd4acb69e06dd94154254b27cb90dd0d818fb60e2603c517d3f0
SOURCE/PRODUCT/rust/vendor/serde_urlencoded-0.7.1/.github/workflows/CI.yml	1247	8405e7d19c93388f29839508d3f6f150d0d4c373262a020dc285b14be57204fd
SOURCE/PRODUCT/rust/vendor/serde_urlencoded-0.7.1/Cargo.toml	1210	776416273e0e2004aaf8869df552bd0ff39858184730540604dad69e4dd17873
SOURCE/PRODUCT/rust/vendor/serde_urlencoded-0.7.1/Cargo.toml.orig	715	db62f59c2c7df3ad72e20ba16c9d8b445e8e5ff64caa42b06467d72f0301fe11
SOURCE/PRODUCT/rust/vendor/serde_urlencoded-0.7.1/LICENSE-APACHE	9723	62c7a1e35f56406896d7aa7ca52d0cc0d272ac022b5d2796e7d6905db8a3636a
SOURCE/PRODUCT/rust/vendor/serde_urlencoded-0.7.1/LICENSE-MIT	1058	b9eb266294324f672cbe945fe8f2e32f85024f0d61a1a7d14382cdde0ac44769
SOURCE/PRODUCT/rust/vendor/serde_urlencoded-0.7.1/README.md	1800	0adc2e76e529922436075eddeaaf8decf04f1a642f0e6d9c513b634e72c00699
SOURCE/PRODUCT/rust/vendor/serde_urlencoded-0.7.1/rustfmt.toml	121	5dab9ecd7e76bc1f49cc5a6985196912b9ac8086dfb70833b6251721ba5bf74c
SOURCE/PRODUCT/rust/vendor/serde_urlencoded-0.7.1/src/de.rs	7823	3e7ed20d227e2dab88c201f9fda80ebc39b8219fe66ceaf6bef478ca5c9bd891
SOURCE/PRODUCT/rust/vendor/serde_urlencoded-0.7.1/src/lib.rs	268	83718fe61b847408cd08da3515ce4f4ec45998615605b6e878461313986d8571
SOURCE/PRODUCT/rust/vendor/serde_urlencoded-0.7.1/src/ser/key.rs	1653	4651a34088cf08b948b27e885efe5c1f6876dbd70f502892bbb7710ce76c878f
SOURCE/PRODUCT/rust/vendor/serde_urlencoded-0.7.1/src/ser/mod.rs	15302	2a2eeaf30790e24fbee6bb2ba140dc29343ef797bf3668587892f2c6d2644648
SOURCE/PRODUCT/rust/vendor/serde_urlencoded-0.7.1/src/ser/pair.rs	7240	be19e319092dba66aac06bae47f77d2ef39c4c308bbd67c13d031ab88c0e68e7
SOURCE/PRODUCT/rust/vendor/serde_urlencoded-0.7.1/src/ser/part.rs	6103	8da25ff5a5159a05dd4b221a757aac514975243b4860aa5eee4ad4500a46d48b
SOURCE/PRODUCT/rust/vendor/serde_urlencoded-0.7.1/src/ser/value.rs	1566	5eacb91e054476b982c5fa1b0b38179e844ca79842170d47665aca9e4515552a
SOURCE/PRODUCT/rust/vendor/serde_urlencoded-0.7.1/tests/test_deserialize.rs	2001	4525a4d05fd86b2535d50857adab101a02bb5c61a6cb9c138513c8687eca32a7
SOURCE/PRODUCT/rust/vendor/serde_urlencoded-0.7.1/tests/test_serialize.rs	2143	2f57ffda172d84573c5d9abe2d700b756fa844639ff0f1bf295441429ddd662b
SOURCE/PRODUCT/rust/vendor/sha1-0.10.7/.cargo-checksum.json	1599	623f2e37fa4d55085c392d455e8677f17d6749cee19da92bba238877ed5acb10
SOURCE/PRODUCT/rust/vendor/sha1-0.10.7/.cargo_vcs_info.json	98	dea0f5c02d797438dda102ab136f847ea18b4fb3ce93297b85f8d53e0966677c
SOURCE/PRODUCT/rust/vendor/sha1-0.10.7/CHANGELOG.md	1553	9a5acbdc56ad1f4ca1194e931044f4b655f8cd8e141da2500637a6edbcd0cab5
SOURCE/PRODUCT/rust/vendor/sha1-0.10.7/Cargo.lock	3300	9bc38b2278905c89914f2eae97d15a5f7f1131b0343125ca4d3a2572fdd4f923
SOURCE/PRODUCT/rust/vendor/sha1-0.10.7/Cargo.toml	1653	7f38a965e5393b7592755ffa510749c0b1eb94923f57693c51a448967b6e3934
SOURCE/PRODUCT/rust/vendor/sha1-0.10.7/Cargo.toml.orig	1148	7d65945b8792febd940668cb62e3fb5ef7096096f0b2937a217395f0661ce8a9
SOURCE/PRODUCT/rust/vendor/sha1-0.10.7/LICENSE-APACHE	10849	a9040321c3712d8fd0b09cf52b17445de04a23a10165049ae187cd39e5c86be5
SOURCE/PRODUCT/rust/vendor/sha1-0.10.7/LICENSE-MIT	1138	b4eb00df6e2a4d22518fcaa6a2b4646f249b3a3c9814509b22bd2091f1392ff1
SOURCE/PRODUCT/rust/vendor/sha1-0.10.7/README.md	2149	8028a4064be59cba366c1bafa682002b52891a3cc2d2169d8f38064ba69773d1
SOURCE/PRODUCT/rust/vendor/sha1-0.10.7/benches/mod.rs	215	2765aec429270711235d6cd4911d0c21658e2fa3dfbe24559f24e21b056b507c
SOURCE/PRODUCT/rust/vendor/sha1-0.10.7/src/compress.rs	1075	f4dea279b62d09dc1b7f7e6322b6441c998a29e0e13cc358987856ad0dac106c
SOURCE/PRODUCT/rust/vendor/sha1-0.10.7/src/compress/loongarch64_asm.rs	9573	0fd7d61b5ca7d7bce40cd9ce9012eb787da9f9df87595bfe00f8d882267d182e
SOURCE/PRODUCT/rust/vendor/sha1-0.10.7/src/compress/soft.rs	7298	bc6dda22b15acd76d97e202a8b251d9c68441d426a71600b2a61c36dd6f3a08e
SOURCE/PRODUCT/rust/vendor/sha1-0.10.7/src/compress/x86.rs	3867	9d2b4f240a311a84b351c136cccdc4dc00a7fc35703146ad51ed2d6e0aaef2d0
SOURCE/PRODUCT/rust/vendor/sha1-0.10.7/src/lib.rs	4456	60315c9080594b5c4058637bf3c6e9ad425a80179df67024ee46b55387114e2b
SOURCE/PRODUCT/rust/vendor/sha1-0.10.7/tests/data/sha1.blb	234	b9c03b9e56e0a7b08a6d6867599a33cab1a55aec3f41fef910c133fc35dc2851
SOURCE/PRODUCT/rust/vendor/sha1-0.10.7/tests/mod.rs	361	34bb42bf4679b3f23ffc2338356c8579c872026eef9989955a29ba44a432c3b5
SOURCE/PRODUCT/rust/vendor/sha2-0.10.9/.cargo-checksum.json	2955	f0acc49f02600e95af1077f76fc9616464cf1cf3cbbac4a50b07b1515ee00217
SOURCE/PRODUCT/rust/vendor/sha2-0.10.9/.cargo_vcs_info.json	98	f8d28575b5dbe21c96080e37a0bc29a64e7ed75928b4cb000a7da4a187069d7a
SOURCE/PRODUCT/rust/vendor/sha2-0.10.9/CHANGELOG.md	4818	ac7458b4a503ec9f636446aa1770536a1907fee11e55a708137107b5365d2aba
SOURCE/PRODUCT/rust/vendor/sha2-0.10.9/Cargo.lock	3746	380dfa2e52d22b3934d07560222604ddad1ecf2036deb7084ca50e9b91ee805f
SOURCE/PRODUCT/rust/vendor/sha2-0.10.9/Cargo.toml	1951	f5b86209df69360114aaee67a66c3fcd31d8c840b8f34b9ad383aacd63cd15da
SOURCE/PRODUCT/rust/vendor/sha2-0.10.9/Cargo.toml.orig	1422	5a6b707de6f6e175812f244c272d269add2ea5f45537fe031cc5d613d841beeb
SOURCE/PRODUCT/rust/vendor/sha2-0.10.9/LICENSE-APACHE	10849	a9040321c3712d8fd0b09cf52b17445de04a23a10165049ae187cd39e5c86be5
SOURCE/PRODUCT/rust/vendor/sha2-0.10.9/LICENSE-MIT	1138	b4eb00df6e2a4d22518fcaa6a2b4646f249b3a3c9814509b22bd2091f1392ff1
SOURCE/PRODUCT/rust/vendor/sha2-0.10.9/README.md	1958	b7af562922e4a631657acf264772d2af2b72a08d9bbc5fbcf56d9324f9027708
SOURCE/PRODUCT/rust/vendor/sha2-0.10.9/benches/mod.rs	363	c32d9f91a541821ea988c14eee710963e623ef1edf69b02b41a29bc44e04ba95
SOURCE/PRODUCT/rust/vendor/sha2-0.10.9/src/consts.rs	5641	2f820349fa7cbf9fecc1d4aabbd1a721bb1badc3f32ef9e903826960b6f42523
SOURCE/PRODUCT/rust/vendor/sha2-0.10.9/src/core_api.rs	4353	73b160d98bfa6737688875ad73da5e3c2c93582604dc313d208200e12fdab676
SOURCE/PRODUCT/rust/vendor/sha2-0.10.9/src/lib.rs	3559	b519427535b1855bbe8c3d0517b2f3d04a607cf0cb4327cc716cd5d90da5dbf1
SOURCE/PRODUCT/rust/vendor/sha2-0.10.9/src/sha256.rs	1460	6ced9112d4ceb4eff20b56d93a063f72ecef4c6ec3b215f08696a853b09083c3
SOURCE/PRODUCT/rust/vendor/sha2-0.10.9/src/sha256/aarch64.rs	5125	18121a25867a575fec8ef64da763693ece4e3e3e84da095254b8471234c6f1f8
SOURCE/PRODUCT/rust/vendor/sha2-0.10.9/src/sha256/loongarch64_asm.rs	10365	79e2d5e3c039581e2319f8789de9ed13a8dd819ebffd13532dbd83448c7ad662
SOURCE/PRODUCT/rust/vendor/sha2-0.10.9/src/sha256/soft.rs	6370	98e765a8e8dfa0af31f2b76570f212e6b3099522bf300e1554cbbd9fd5d02960
SOURCE/PRODUCT/rust/vendor/sha2-0.10.9/src/sha256/soft_compact.rs	1922	6273c3f5603de24143f29d0aa08f441b3919acbc251daea5f323a08570a8470f
SOURCE/PRODUCT/rust/vendor/sha2-0.10.9/src/sha256/x86.rs	4049	70f1597f2029522b35bfd026df0a8908f086523ab2a80ba3ef35e6231b56353c
SOURCE/PRODUCT/rust/vendor/sha2-0.10.9/src/sha512.rs	1550	e088bde0980702a591f8d60dd1d41dc13f0a810e29e1e5a5d6344228b2de965d
SOURCE/PRODUCT/rust/vendor/sha2-0.10.9/src/sha512/aarch64.rs	9771	2ed929329a0fa66180e4726d028713a49f99cc223e635078fc1f3252a44981e0
SOURCE/PRODUCT/rust/vendor/sha2-0.10.9/src/sha512/loongarch64_asm.rs	11661	58a7b54d95a0e037ba80570d96ffe0dd7c0014c7fcb45b90725e522cc4992d8a
SOURCE/PRODUCT/rust/vendor/sha2-0.10.9/src/sha512/soft.rs	7149	0183ad89418b886859d2afa9bf061bc92759ae337c1d26147b4300042e63ef42
SOURCE/PRODUCT/rust/vendor/sha2-0.10.9/src/sha512/soft_compact.rs	1924	437ad870b8cd5c5590d6fe85afc63428f1994dffdc9a4592cde46c9ee857ba9f
SOURCE/PRODUCT/rust/vendor/sha2-0.10.9/src/sha512/x86.rs	10422	c7dd8bdf3212e1e8c4cc9cc6b380dc0468f79dcfd0f61a445d0d38cead45a03a
SOURCE/PRODUCT/rust/vendor/sha2-0.10.9/tests/data/sha224.blb	178	59b185972521af418fd49a079de3d5f5bed74cd76d80473da51cab3faee6c7d0
SOURCE/PRODUCT/rust/vendor/sha2-0.10.9/tests/data/sha256.blb	190	bb096934bb7e43e41ce143d211397afca6fcdfe243a39811688ea31aae6f800a
SOURCE/PRODUCT/rust/vendor/sha2-0.10.9/tests/data/sha384.blb	238	e8fe66c07ba336fae2c0aa4c87cb768f41bd4ed318ee1a36fbde0a68581946ec
SOURCE/PRODUCT/rust/vendor/sha2-0.10.9/tests/data/sha512.blb	289	1cc0e86571f2f4e3bc81438ce7b6c25c118d2d7437355240113f59cbb782c8d6
SOURCE/PRODUCT/rust/vendor/sha2-0.10.9/tests/data/sha512_224.blb	178	b02dd46741db1034112e0888d0cdb233a21b9a82c319456f806bbaae49acf440
SOURCE/PRODUCT/rust/vendor/sha2-0.10.9/tests/data/sha512_256.blb	190	95195b758e362d92ff0cebebac4cca696512ea5811b635243bc70e29164e5786
SOURCE/PRODUCT/rust/vendor/sha2-0.10.9/tests/mod.rs	1123	61be596fd9b45a8db345950ff2ed6f87eaf4d239ac156885f36e819da0597644
SOURCE/PRODUCT/rust/vendor/shlex-2.0.1/.cargo-checksum.json	1249	611d77d7fff812e8ad3826f769a4d19e4330ded32ee11b94a824a1ffecc0c2ab
SOURCE/PRODUCT/rust/vendor/shlex-2.0.1/.cargo_vcs_info.json	94	429e30490041b626645c03d9e4508b7087a9630b213c093497f23745a704e44d
SOURCE/PRODUCT/rust/vendor/shlex-2.0.1/.github/workflows/test.yml	1920	a2dcac65344f67fa4bfac683bb118bebf3c30c456144e43dc1622bf134ae9a3a
SOURCE/PRODUCT/rust/vendor/shlex-2.0.1/CHANGELOG.md	1891	9d36d8fe05063ed2f386dc430f8cc612df59f3bf0da2d5d27be4c97c4e08cd1c
SOURCE/PRODUCT/rust/vendor/shlex-2.0.1/Cargo.lock	136	310568f0d3714c3485288793f7b17bf3d0590f57002317e2392977026f24fb20
SOURCE/PRODUCT/rust/vendor/shlex-2.0.1/Cargo.toml	1339	b6ead6cf404555ced33f7574c6c11413e29e7bcd5eb0ceeb59452830a46675ed
SOURCE/PRODUCT/rust/vendor/shlex-2.0.1/Cargo.toml.orig	696	c5a6784dc911e13f22aa3fdb79f83142a64777047534ce447dc94783c58389b7
SOURCE/PRODUCT/rust/vendor/shlex-2.0.1/LICENSE-APACHE	566	553fffcd9b1cb158bc3e9edc35da85ca5c3b3d7d2e61c883ebcfa8a65814b583
SOURCE/PRODUCT/rust/vendor/shlex-2.0.1/LICENSE-MIT	1092	4455bf75a91154108304cb283e0fea9948c14f13e20d60887cf2552449dea3b1
SOURCE/PRODUCT/rust/vendor/shlex-2.0.1/README.md	1953	082e505bba5dffc5904af5602b45d01129173e617db62c81e6c11d71c964ea71
SOURCE/PRODUCT/rust/vendor/shlex-2.0.1/src/bytes.rs	19409	14ac6d79be6cd93543de6cbba8a4c07181aacf7d02d01a1e5f51b63a89bf11c0
SOURCE/PRODUCT/rust/vendor/shlex-2.0.1/src/lib.rs	11818	d707a605a9dbe52b48c53f5d0209ab457d1db535f10acad060883b6c3d8d7a91
SOURCE/PRODUCT/rust/vendor/shlex-2.0.1/src/quoting_warning.md	16777	f546c856f6db2aa8dd02ebc900a6de53817c973aca21892eb575dd541307438b
SOURCE/PRODUCT/rust/vendor/signal-hook-registry-1.4.8/.cargo-checksum.json	1163	b9cf0f3a66a3ad00ae0c35d26c7fb195a287169fe77c1e676b66a3355e151f06
SOURCE/PRODUCT/rust/vendor/signal-hook-registry-1.4.8/.cargo_vcs_info.json	114	361ad791d1c8644ed3c8f3681ee707863dfe6355a831984e29b2c4d5549bc56f
SOURCE/PRODUCT/rust/vendor/signal-hook-registry-1.4.8/Cargo.lock	3413	642db0d2d67971282b258686fb3f7db492aa920440b1dae543b74051c8920d55
SOURCE/PRODUCT/rust/vendor/signal-hook-registry-1.4.8/Cargo.toml	1437	54bcf376404635b6cfc7e20474cc84a756ef5c8b54e2954d3186e44b68854fac
SOURCE/PRODUCT/rust/vendor/signal-hook-registry-1.4.8/Cargo.toml.orig	791	9ecd2e0c16f34b3decc688ddb82b4e886e194e2d94305eee456ba2fdb64f3d3b
SOURCE/PRODUCT/rust/vendor/signal-hook-registry-1.4.8/LICENSE-APACHE	10847	a60eea817514531668d7e00765731449fe14d059d3249e0bc93b36de45f759f2
SOURCE/PRODUCT/rust/vendor/signal-hook-registry-1.4.8/LICENSE-MIT	1068	503558bfefe66ca15e4e3f7955b3cb0ec87fd52f29bf24b336af7bd00e946d5c
SOURCE/PRODUCT/rust/vendor/signal-hook-registry-1.4.8/README.md	904	83d150c85e80ef98abc9a9cd4ffd0ce3d83734f5b332208e611ba1a20cc6e1f3
SOURCE/PRODUCT/rust/vendor/signal-hook-registry-1.4.8/src/half_lock.rs	9022	b73a0c35a86ce08f583c241b6fab5ad5b5e2cfef93491af12c5f24251ad76e91
SOURCE/PRODUCT/rust/vendor/signal-hook-registry-1.4.8/src/lib.rs	34447	71c67afdcaab442cc75955a6a17e5eb4e17fb725e0db7f8d1930023c680a7204
SOURCE/PRODUCT/rust/vendor/signal-hook-registry-1.4.8/src/vec_map.rs	4704	39876dc8381e1823da2f0cfb2a329bf62c13c21eb1857b5b7c4ff84e8c77b50d
SOURCE/PRODUCT/rust/vendor/signal-hook-registry-1.4.8/tests/unregister_signal.rs	1704	5baeebbde2bd7e63ae9a1f1e476d33f0bfd368c1edcdab3677de6a62b04f5118
SOURCE/PRODUCT/rust/vendor/slab-0.4.12/.cargo-checksum.json	1305	765fd3c8d6b4b91b685bcf4d66e364e78f236604d2dbbdf96971fd9bd28a0025
SOURCE/PRODUCT/rust/vendor/slab-0.4.12/.cargo_vcs_info.json	94	6d1adf719e44ee93067b0d3a0e24c78ec7bfb26987a7a1fc308da0b4e0feee69
SOURCE/PRODUCT/rust/vendor/slab-0.4.12/CHANGELOG.md	1966	3e974e6231455105f64f5a29abad2d7be9d9daed42e069cd7f71c591e289cd11
SOURCE/PRODUCT/rust/vendor/slab-0.4.12/Cargo.lock	2039	1e2fa2ab50a2a9b82f283b95c4298ba075318db9d7d670a01c6968fc49dd2569
SOURCE/PRODUCT/rust/vendor/slab-0.4.12/Cargo.toml	1389	11f31284be0c30b612f4e2c2e46aa14494a81639b12661f01f07394e270c0070
SOURCE/PRODUCT/rust/vendor/slab-0.4.12/Cargo.toml.orig	733	c572eef020f23edad422e12443382233319e2621c98a1ce4a6a9dd43d8cbf78c
SOURCE/PRODUCT/rust/vendor/slab-0.4.12/LICENSE	1055	8ce0830173fdac609dfb4ea603fdc002c2f4af0dc9b1a005653f5da9cf534b18
SOURCE/PRODUCT/rust/vendor/slab-0.4.12/README.md	1145	6e8d6d493aec6526593ae9b05e3b21d3f878c5816a94af9d372598e03406b35f
SOURCE/PRODUCT/rust/vendor/slab-0.4.12/SECURITY.md	347	047267a121d112f7078dbb9a70ecc4d918404b98fbe97c88245ebf129b9de707
SOURCE/PRODUCT/rust/vendor/slab-0.4.12/src/builder.rs	2224	87e629b1f9853d910389635b27a42391f1681cd5638d81e386215211e8b67847
SOURCE/PRODUCT/rust/vendor/slab-0.4.12/src/lib.rs	48550	b17602b85edd5f0617e910cc94b8a1cb2f8c6e2f9c9b64712b52ec5715f0060d
SOURCE/PRODUCT/rust/vendor/slab-0.4.12/src/serde.rs	1479	e58650a04644cb732119f50eefe6a3066104b5b41be7074e12525e05e2ad21b7
SOURCE/PRODUCT/rust/vendor/slab-0.4.12/tests/serde.rs	1182	bb28112509dbb6949528802d05a1b1e34d2e5ff9d3ba5f62aa801cfb3de7a78e
SOURCE/PRODUCT/rust/vendor/slab-0.4.12/tests/slab.rs	18197	98688c5a5d67eaed7378b6ffa76bdf6b4f0c8d507def550574fef6630375f087
SOURCE/PRODUCT/rust/vendor/smallvec-1.15.2/.cargo-checksum.json	1250	4151bd54b25606b470cb9eb0b0c44b24407836ef5b086876a4ddbb5565acca9c
SOURCE/PRODUCT/rust/vendor/smallvec-1.15.2/.cargo_vcs_info.json	94	1dced38987b15a9c956dda9056fe0d199030d0807eba478f52a5a7f621c02db2
SOURCE/PRODUCT/rust/vendor/smallvec-1.15.2/Cargo.lock	4450	e00b3a7538247acaae5d592de4693dab39e5aef24106f7e3845e24890f8502a4
SOURCE/PRODUCT/rust/vendor/smallvec-1.15.2/Cargo.toml	2124	93c1f8da58bf139f7a3447c6d2a98a9e764d77b96cc44497d7356f1e3c2e8e5a
SOURCE/PRODUCT/rust/vendor/smallvec-1.15.2/Cargo.toml.orig	1862	5987dec0e99d48d8a62b00a02f80dbbae29d77aa39b47e65ea6b0fff671c0d57
SOURCE/PRODUCT/rust/vendor/smallvec-1.15.2/LICENSE-APACHE	10847	a60eea817514531668d7e00765731449fe14d059d3249e0bc93b36de45f759f2
SOURCE/PRODUCT/rust/vendor/smallvec-1.15.2/LICENSE-MIT	1072	0b28172679e0009b655da42797c03fd163a3379d5cfa67ba1f1655e974a2a1a9
SOURCE/PRODUCT/rust/vendor/smallvec-1.15.2/README.md	649	a01127c37308457e8d396b176fb790846be0978c173be3f13260b62efcef011b
SOURCE/PRODUCT/rust/vendor/smallvec-1.15.2/debug_metadata/README.md	5231	4d7f1c1b2c25ce2231ef71864d06e54323867459035b53bc9e00f66a0a44f82e
SOURCE/PRODUCT/rust/vendor/smallvec-1.15.2/src/arbitrary.rs	570	22e55cfbf60374945b30e6d0855129eff67cd8b878cef6fa997e1f4be67b9e3d
SOURCE/PRODUCT/rust/vendor/smallvec-1.15.2/src/lib.rs	84885	a779bc485235ccb746b680be71d57b707865341209a585b53e63a91c4bda6cae
SOURCE/PRODUCT/rust/vendor/smallvec-1.15.2/src/specialization.rs	611	46433586203399251cba496d67b88d34e1be3c2b591986b77463513da1c66471
SOURCE/PRODUCT/rust/vendor/smallvec-1.15.2/src/tests.rs	31188	cb81265364678c7f72bfe839cb4449a8e79179e9a226b9c1b351933f16a548bd
SOURCE/PRODUCT/rust/vendor/socket2-0.6.5/.cargo-checksum.json	1322	5a49d3f6504db6eb7cc483a77725983e1f75de143d5dfaee4abe55385dd1c3c2
SOURCE/PRODUCT/rust/vendor/socket2-0.6.5/.cargo_vcs_info.json	94	1d8cd3d6789a633adb8a2ac1e8500b84225d8c75693dad6af62bfe9645fb5b30
SOURCE/PRODUCT/rust/vendor/socket2-0.6.5/Cargo.lock	2882	c3ba1850cffc357dc95bcd2293a8c720e5ff2129c48aa5588fd480c6fb44b311
SOURCE/PRODUCT/rust/vendor/socket2-0.6.5/Cargo.toml	2558	e66848b959431828ed8acf12d5232c586bb6fe044f55d6f14ab7705ea3fff7a4
SOURCE/PRODUCT/rust/vendor/socket2-0.6.5/Cargo.toml.orig	2073	eeac642f66f571028b6097c7837410f5a8a0db85420f63f2ed3f580faa6dadb5
SOURCE/PRODUCT/rust/vendor/socket2-0.6.5/LICENSE-APACHE	10847	a60eea817514531668d7e00765731449fe14d059d3249e0bc93b36de45f759f2
SOURCE/PRODUCT/rust/vendor/socket2-0.6.5/LICENSE-MIT	1057	378f5840b258e2779c39418f3f2d7b2ba96f1c7917dd6be0713f88305dbda397
SOURCE/PRODUCT/rust/vendor/socket2-0.6.5/README.md	2635	444031b783070ac056bd95abc4b2f4a72fd98ab11270268d8ba4c4ca53dade68
SOURCE/PRODUCT/rust/vendor/socket2-0.6.5/src/lib.rs	24778	f3782bc62e5a17e25e8868c55a14fa1da89f564bd0db9ad234dff429094386e1
SOURCE/PRODUCT/rust/vendor/socket2-0.6.5/src/sockaddr.rs	21675	1eb260befdb62a53a1dc940a4c0863b1774ce7fa0daf3045154e42f6f477ecbd
SOURCE/PRODUCT/rust/vendor/socket2-0.6.5/src/socket.rs	89654	14d718fc14286e1a0c35d785d1ece2096c5af12188c248a7493851d0d87f824d
SOURCE/PRODUCT/rust/vendor/socket2-0.6.5/src/sockref.rs	4105	0dbb3de3b6fb457330c09b88ca2c3777a3d1b57a7a91946afac8f5f313e30aa4
SOURCE/PRODUCT/rust/vendor/socket2-0.6.5/src/sys/unix.rs	102198	5193fd8c91103f8c73c03c0237c2a493aba911a2995c3750ffb13b054f5c9433
SOURCE/PRODUCT/rust/vendor/socket2-0.6.5/src/sys/windows.rs	36475	ea941638399a4e3f7cf0ac2f21d5eaf44d62d26c760d97b1660ba653853101dd
SOURCE/PRODUCT/rust/vendor/subtle-2.6.1/.cargo-checksum.json	1074	eedcd8071f06fb5c367e1c231a7c1760639eb3ae2a6fbc3a7d3b56659e099178
SOURCE/PRODUCT/rust/vendor/subtle-2.6.1/.cargo_vcs_info.json	94	7d885b684d7e5fb3dd82cb4d9c093bff170cd2ac7c2d03b37721c93fc371a290
SOURCE/PRODUCT/rust/vendor/subtle-2.6.1/.github/workflows/test.yml	1680	93e02ec47355f7703ea786d49e9fbdbff5120c0eb65e93bae8c0b57fd0aa4d83
SOURCE/PRODUCT/rust/vendor/subtle-2.6.1/CHANGELOG.md	2268	02f92a31269311c965b1dfa705f22f341dc9cce73af08a8c9840c91b8ceb79df
SOURCE/PRODUCT/rust/vendor/subtle-2.6.1/CONTRIBUTING.md	1365	2fbb44138ececdef7c0950fae6ed1dcad481fb2f368df0e3734c9902be791f3e
SOURCE/PRODUCT/rust/vendor/subtle-2.6.1/Cargo.toml	1532	a3b9aefa358b0cd742de62e880ea080414ead838847a95892acaa58575dfc4cf
SOURCE/PRODUCT/rust/vendor/subtle-2.6.1/Cargo.toml.orig	1171	96e660a887170f9c01deb01a166b5e0c881a3e8fb7d5fe78658c7ce5eef3440d
SOURCE/PRODUCT/rust/vendor/subtle-2.6.1/LICENSE	1582	d1fc1bc0d155df60b2e7705b6b2ae02a05c96f948e1cec6e2fb86360b09f346b
SOURCE/PRODUCT/rust/vendor/subtle-2.6.1/README.md	3415	3c538225aea51d063002e1b9732904053061914993f7ec880a18bd597d9df49b
SOURCE/PRODUCT/rust/vendor/subtle-2.6.1/src/lib.rs	32497	ced6ebd3622af527cbbbb09feb57a2894751ff07e7ca8f97f22bad89401e5c8d
SOURCE/PRODUCT/rust/vendor/subtle-2.6.1/tests/mod.rs	11458	11223367ef0f5555bd7c5d52dbbc3cee481207208af82319e5c33eadf7a18c08
SOURCE/PRODUCT/rust/vendor/syn-2.0.119/.cargo-checksum.json	9331	55204f43d4c71c1f4d7492245176a09c1b5ac58d497ba6df9d6557b71244d5b4
SOURCE/PRODUCT/rust/vendor/syn-2.0.119/.cargo_vcs_info.json	94	26614adfbc9a4a7647d51fece702d79773a0d9911a6641ffed7c935efd6cc496
SOURCE/PRODUCT/rust/vendor/syn-2.0.119/Cargo.lock	48143	dce51a1b6a7689de31019fae3dbe661a82dd8307f09e96ffcdebfa9e3e93a5cb
SOURCE/PRODUCT/rust/vendor/syn-2.0.119/Cargo.toml	5007	da8b83ac2c66a7b404dc55d88ae42592f70714823251f51b620ae349b246a18f
SOURCE/PRODUCT/rust/vendor/syn-2.0.119/Cargo.toml.orig	2413	33d92998d299923965137d5acc6b1ea020d1707d62014d44f3a7e70701003b33
SOURCE/PRODUCT/rust/vendor/syn-2.0.119/LICENSE-APACHE	9723	62c7a1e35f56406896d7aa7ca52d0cc0d272ac022b5d2796e7d6905db8a3636a
SOURCE/PRODUCT/rust/vendor/syn-2.0.119/LICENSE-MIT	1023	23f18e03dc49df91622fe2a76176497404e46ced8a715d9d2b67a7446571cca3
SOURCE/PRODUCT/rust/vendor/syn-2.0.119/README.md	10342	4a050aa3ee831ad3d27ab15d9b612bb32712f86517fa2e6be0b1cac37137ebe5
SOURCE/PRODUCT/rust/vendor/syn-2.0.119/benches/file.rs	1400	6f2ae7748d1576cff48e4ef55d4e87e2f5bb7898a36aa99ea6dd6ed0f72a4e3c
SOURCE/PRODUCT/rust/vendor/syn-2.0.119/benches/rust.rs	5126	4ad250087795831d7c79b130d47927b5c733052c9659de039c08835b74be72b1
SOURCE/PRODUCT/rust/vendor/syn-2.0.119/src/attr.rs	28537	2108cf48c98ed0a7833ec73b841fccc254c733453a7e69127b0255541bbc9572
SOURCE/PRODUCT/rust/vendor/syn-2.0.119/src/bigint.rs	1659	21cf6cf0c8e175421a6579321878e140d6cd2c975e5bdac4eadde25907d7e879
SOURCE/PRODUCT/rust/vendor/syn-2.0.119/src/buffer.rs	16192	5b4daf35958f18dd389bcd49be73087b2c6f1971412eac32c1b66968ec786912
SOURCE/PRODUCT/rust/vendor/syn-2.0.119/src/classify.rs	10719	200e81f2245dc23621026849542d95d1e7c320c775362e080857673b51bc82b7
SOURCE/PRODUCT/rust/vendor/syn-2.0.119/src/custom_keyword.rs	7862	322114e36ae43a2f8605506fb4568efdbc2986853e2fee74bd10a4ca0fb60c69
SOURCE/PRODUCT/rust/vendor/syn-2.0.119/src/custom_punctuation.rs	9158	67134b7685ce89eddb7bf4ee3c9a48e5eb8ecbb1703cd49a01cbb115239fb814
SOURCE/PRODUCT/rust/vendor/syn-2.0.119/src/data.rs	13793	68b36f6feca19ad9cd2780a29113f3ca8bdd21df3276c54b71595c8ed06cb774
SOURCE/PRODUCT/rust/vendor/syn-2.0.119/src/derive.rs	8864	4927cfd64d2c61bb9ee8462b83d5bbce77e3f85c3a03a5565ecf6f08d55367c3
SOURCE/PRODUCT/rust/vendor/syn-2.0.119/src/discouraged.rs	9238	d5538b42691e418faf3a0b5fb2b16813efc6a80ffb59dab58a0f170c4a71cbfb
SOURCE/PRODUCT/rust/vendor/syn-2.0.119/src/drops.rs	1414	c48e679507424c08716b48256a06d59fe55e877de336c40f0df56cfd80e23826
SOURCE/PRODUCT/rust/vendor/syn-2.0.119/src/error.rs	14167	34a045645056452a76862f08084ae9a92aa24a38daa25586e9ab12f5fa9c3b23
SOURCE/PRODUCT/rust/vendor/syn-2.0.119/src/export.rs	1686	d9039ba7f1455089139cf8a6871159f0ec57949cc730b42fe3c318a8397d3368
SOURCE/PRODUCT/rust/vendor/syn-2.0.119/src/expr.rs	141993	eb2b886403cfe0b3c27122a9013e882fe7194b16ec87202c239f2b3619c36d31
SOURCE/PRODUCT/rust/vendor/syn-2.0.119/src/ext.rs	5092	8bc0d0ffab88c73d2305c9f588e6b5285501de8869308162f91019c83bc5bdf1
SOURCE/PRODUCT/rust/vendor/syn-2.0.119/src/file.rs	3823	0cc23703e5c0478f14d8ec285ca5c925a0c556c686f4f5d0fc55e19fc03e33f6
SOURCE/PRODUCT/rust/vendor/syn-2.0.119/src/fixup.rs	27676	7647cde30efdce96b1488ae805788c168d4499b464b7d421abc17ea8ffde66f2
SOURCE/PRODUCT/rust/vendor/syn-2.0.119/src/gen/clone.rs	76352	7af00b0a240453d7aac178be1b6cdf9df3b33f1281da35e02f66ba7ba55d060c
SOURCE/PRODUCT/rust/vendor/syn-2.0.119/src/gen/debug.rs	127382	7d249085b57e0f751f4e8b9b8fe38cd056a4d56b2f474d4b4f8ba3d489068322
SOURCE/PRODUCT/rust/vendor/syn-2.0.119/src/gen/eq.rs	93214	fa2c783b0eb58af46d9a599cce0131379c616d396c8e1124970502673e9001a3
SOURCE/PRODUCT/rust/vendor/syn-2.0.119/src/gen/fold.rs	137148	30a91e710427a15d197957d7471282f4a1231181736ed7a8686c9b0f27248e41
SOURCE/PRODUCT/rust/vendor/syn-2.0.119/src/gen/hash.rs	77001	f4a58047eb829f16c9ce9db08b2e73c2cc2369275cc47ef32147365778de49ba
SOURCE/PRODUCT/rust/vendor/syn-2.0.119/src/gen/token.css	23132	3a5882d0b3aefbf56ca5d08c28c117e25ac2327eadf7242202d906b2ddb2232e
SOURCE/PRODUCT/rust/vendor/syn-2.0.119/src/gen/visit.rs	125396	fe1443aa7953eaca10d6bf982396e627e31ce6b8aea8eb7cf949e0adeea5badb
SOURCE/PRODUCT/rust/vendor/syn-2.0.119/src/gen/visit_mut.rs	127654	a48310aa9580af2eff96ff872b3b5093656cf48ddc0c22c02ef33884e477d633
SOURCE/PRODUCT/rust/vendor/syn-2.0.119/src/generics.rs	51910	70852a30bf23fe368d81b343ae69d0b4ed2231881a41ab781d9b9690004cb4bc
SOURCE/PRODUCT/rust/vendor/syn-2.0.119/src/group.rs	7978	61e067094aa930b6550dc3717a5aaeef7dabfdcf1a177f83fb636598fa7e4e72
SOURCE/PRODUCT/rust/vendor/syn-2.0.119/src/ident.rs	3176	4e50859365382708c2c09abfb88eac4b0d35c9b3f884e58cc22392d91be2a0e1
SOURCE/PRODUCT/rust/vendor/syn-2.0.119/src/item.rs	122882	a4f290f4c31a357c09281102e4623193adc3cf1de75acb9775c6e89fbbcca3a2
SOURCE/PRODUCT/rust/vendor/syn-2.0.119/src/lib.rs	33943	b97929744ac2a567f1aec3a0ed90a5e95ee23c9317a3c947c55e310f6f88b0cf
SOURCE/PRODUCT/rust/vendor/syn-2.0.119/src/lifetime.rs	3851	5bd6d716e46d489f52f4ac3075710328cae5a01a0b37818bfe26f4293f7984c7
SOURCE/PRODUCT/rust/vendor/syn-2.0.119/src/lit.rs	57447	3be54784de36d2d87eee1baec025e0f7126a7f8c9f9754460763886465803b47
SOURCE/PRODUCT/rust/vendor/syn-2.0.119/src/lookahead.rs	10412	ea51bbf9a23d68238f8324a51675f5815fb3e5fc08c6bab93bc2648d3342c38f
SOURCE/PRODUCT/rust/vendor/syn-2.0.119/src/mac.rs	8007	fdce8291f71adef3f69975f229156dca2309ca232ed943061afaf96220908ab8
SOURCE/PRODUCT/rust/vendor/syn-2.0.119/src/macros.rs	4694	9809598f9d7e533c737c2a6df994b40b7c9ca4bbdf90bb2289da72a8065345dd
SOURCE/PRODUCT/rust/vendor/syn-2.0.119/src/meta.rs	14138	d8703f8cbc5fd6465c367214eac38efca0f8388bdef8ac5e6f863835fbd3b30f
SOURCE/PRODUCT/rust/vendor/syn-2.0.119/src/op.rs	8337	a61757370f802e44efa3c4a1057ae2cd26e64e273f7d76c06d5ffb49602319e2
SOURCE/PRODUCT/rust/vendor/syn-2.0.119/src/parse.rs	47710	e692d6e895ac79a14680b89a7c29611995126953238176bdb50d2a3c2fb2d9e3
SOURCE/PRODUCT/rust/vendor/syn-2.0.119/src/parse_macro_input.rs	3496	e4e22b63d0496d06a4ca17742a22467ed93f08a739081324773828bad63175ee
SOURCE/PRODUCT/rust/vendor/syn-2.0.119/src/parse_quote.rs	7402	32fbdf959ee601cc2d184b6a358c542dbede0da5ad69d47588f7c405258a6dec
SOURCE/PRODUCT/rust/vendor/syn-2.0.119/src/pat.rs	32148	67b875e34a3b24bf7a929bf607897c62dc55d25b02408359f58d7138ae8f08fd
SOURCE/PRODUCT/rust/vendor/syn-2.0.119/src/path.rs	33460	fec69a4b50fe103d406b240af5724c8e9cf3583c392ab5a811743456db8e3f64
SOURCE/PRODUCT/rust/vendor/syn-2.0.119/src/precedence.rs	6818	301f5cc51e1bbb35aeb64f6ed1b21d6f61d83f6c048aec9896976ee0011b948e
SOURCE/PRODUCT/rust/vendor/syn-2.0.119/src/print.rs	390	22910bf0521ab868ebd7c62601c55912d12cfb400c65723e08e5cfa3a2d111c0
SOURCE/PRODUCT/rust/vendor/syn-2.0.119/src/punctuated.rs	31718	89b2666be8354215c63f8af7c92d6aed3a6d309cf384965ae360d351a5007afd
SOURCE/PRODUCT/rust/vendor/syn-2.0.119/src/restriction.rs	6185	f5099d4cf5f9d61baace5b0e16f1631c72c15bba62529c7d4598565539d29f7d
SOURCE/PRODUCT/rust/vendor/syn-2.0.119/src/scan_expr.rs	9440	1afda43a7f4e9d426859a90d8a62a58c6654f3be41bb274d4884a56ac08f8eee
SOURCE/PRODUCT/rust/vendor/syn-2.0.119/src/sealed.rs	87	6ece3b3dcb30f6bb98b93d83759ca7712ee8592bef9c0511141039c38765db0e
SOURCE/PRODUCT/rust/vendor/syn-2.0.119/src/span.rs	1197	0a48e375e5c9768f6f64174a91ba6a255f4b021e2fb3548d8494e617f142601b
SOURCE/PRODUCT/rust/vendor/syn-2.0.119/src/spanned.rs	3781	b53ce23f10935cf202da0f5a430e9feca9f4858bbd6efbe896acf17d3cfce540
SOURCE/PRODUCT/rust/vendor/syn-2.0.119/src/stmt.rs	17435	ee269337cfb893af2601f175f0df0226c87dd8def4b84aaff991c3b9227e458d
SOURCE/PRODUCT/rust/vendor/syn-2.0.119/src/thread.rs	1906	b91e33c563c2ea584fcd7c5454998303173f4227bdb19504776e61d09b60675c
SOURCE/PRODUCT/rust/vendor/syn-2.0.119/src/token.rs	36492	b9cc5ef698d1f1760c9d4bcb28b814d0767ef2a9c38e8bc494a3e10297592e79
SOURCE/PRODUCT/rust/vendor/syn-2.0.119/src/tt.rs	3315	d5b9df076504b1506e0b05dafb9006fd0772fdb8d4b8b8dcc315dbca3277331a
SOURCE/PRODUCT/rust/vendor/syn-2.0.119/src/ty.rs	45339	61d64932b221e9a4add4ac3dd93fd6f52d32c81a0308f932eed5ca2f314bf7cb
SOURCE/PRODUCT/rust/vendor/syn-2.0.119/src/verbatim.rs	1164	503055ba92ebb97da71a8a7cae1e6606969aadfb965b0d6c7e56693f9ef66b0a
SOURCE/PRODUCT/rust/vendor/syn-2.0.119/src/whitespace.rs	2103	9cdcbfe9045b259046329a795bc1105ab5a871471a6d3f7318d275ee53f7a825
SOURCE/PRODUCT/rust/vendor/syn-2.0.119/tests/common/eq.rs	34209	95996da870e4945addedff28c0992f2a85f633ed25b738c88525eea04c4c3669
SOURCE/PRODUCT/rust/vendor/syn-2.0.119/tests/common/mod.rs	133	b752aa8f1faf8c6abf1286a12fb50b6c257ec1889d81bcdb3dc3257134695a89
SOURCE/PRODUCT/rust/vendor/syn-2.0.119/tests/common/parse.rs	1317	b1685e9e0f0569f48d66ddd92d787a12933a1d2f95e7c9ae974a3648763f989b
SOURCE/PRODUCT/rust/vendor/syn-2.0.119/tests/common/visit.rs	3894	a260ecd2ce7853cd3644e19aba08e8d358a656fd3fb0f1287cea40c59c9e62c9
SOURCE/PRODUCT/rust/vendor/syn-2.0.119/tests/debug/gen.rs	207534	2af05f2ecc74591f1e16e170e6a8e6d538fa1dd2a76f48a4f57f3c269baea11d
SOURCE/PRODUCT/rust/vendor/syn-2.0.119/tests/debug/mod.rs	3340	1259df940bbcaa968a837e402d6853f2efa38d2260e306d42f17f9e8ef74fae5
SOURCE/PRODUCT/rust/vendor/syn-2.0.119/tests/macros/mod.rs	176	d2294a79e341c623ae671dd363e99965d78dda7f340b0cc038267207adfacae2
SOURCE/PRODUCT/rust/vendor/syn-2.0.119/tests/regression.rs	132	e9565ea0efecb4136f099164ffcfa26e1996b0a27fb9c6659e90ad9bdd42e7b6
SOURCE/PRODUCT/rust/vendor/syn-2.0.119/tests/regression/issue1108.rs	97	f32db35244a674e22ff824ca9e5bbec2184e287b59f022db68c418b5878a2edc
SOURCE/PRODUCT/rust/vendor/syn-2.0.119/tests/regression/issue1235.rs	932	a2266b10c3f7c7af5734817ab0a3e8b309b51e7d177b63f26e67e6b744d280b0
SOURCE/PRODUCT/rust/vendor/syn-2.0.119/tests/repo/mod.rs	50798	9a4cf4d45401adfd2d12da7d08474d505dd313ae405de2c9191a133c5beee1c4
SOURCE/PRODUCT/rust/vendor/syn-2.0.119/tests/repo/progress.rs	839	11219e4ae5e0175d5ddc743907a57b8c4e750e709687c3df53728d6af994a86f
SOURCE/PRODUCT/rust/vendor/syn-2.0.119/tests/snapshot/mod.rs	2085	4a101272c5abe6ca9f3501e0cacacee9a0ccf7ca773348a239e5b046d0316a7e
SOURCE/PRODUCT/rust/vendor/syn-2.0.119/tests/test_asyncness.rs	887	971d560d927d5a8494eaa7fce8f0d062d6971c17c4c464fcfc31570572b7d3d7
SOURCE/PRODUCT/rust/vendor/syn-2.0.119/tests/test_attribute.rs	4474	8a4429b7cfe2360bb73beae54a62ae3255ebbd5181467a8608d6f858c2711728
SOURCE/PRODUCT/rust/vendor/syn-2.0.119/tests/test_derive_input.rs	21857	c8f5dbac6482dadd0fab30d0b1fe3254869256c48ea68ea484cad7f7406c8568
SOURCE/PRODUCT/rust/vendor/syn-2.0.119/tests/test_expr.rs	52454	055cb9b33a5bb6ed5dc67491e6f1ae794a53a5a091245debd464ef57144f5edb
SOURCE/PRODUCT/rust/vendor/syn-2.0.119/tests/test_generics.rs	10996	5c9b34813a442311fdca36b56736dd15760e7f6d6a668f82673c21711e1aacd8
SOURCE/PRODUCT/rust/vendor/syn-2.0.119/tests/test_grouping.rs	1595	fe3de6e8824f0722ab6450c6dfc374f6e0f8fe75c87c4dd56b2cb00a2197ed58
SOURCE/PRODUCT/rust/vendor/syn-2.0.119/tests/test_ident.rs	1320	d5850e817720e774cd397a46dbc5298c57933823c18e20805e84503fc9387e8f
SOURCE/PRODUCT/rust/vendor/syn-2.0.119/tests/test_item.rs	10754	2e290b6be323bec34e0334cad0664fafabee15e2635cb64867086eb76278b446
SOURCE/PRODUCT/rust/vendor/syn-2.0.119/tests/test_lit.rs	10560	4130efa425d14ed3ad9a1c2a00ef4b29782c9d1cf9e29ff9dddd3b23b2e3ddee
SOURCE/PRODUCT/rust/vendor/syn-2.0.119/tests/test_meta.rs	3737	5b0fdee0decbd07476c9673403a662de385901b4bf60600c26ac879893f5bf9c
SOURCE/PRODUCT/rust/vendor/syn-2.0.119/tests/test_parse_buffer.rs	3036	1c8cbbf457603bd0a83348079591f843f7ef0533a6275a0c76533e2d07dd321a
SOURCE/PRODUCT/rust/vendor/syn-2.0.119/tests/test_parse_quote.rs	3629	85d90d2d51b82aab7c30159dd884f26c592ddb28ed31ef2baf371ee31349694c
SOURCE/PRODUCT/rust/vendor/syn-2.0.119/tests/test_parse_stream.rs	5524	b6b533432173123d6d01d8d2cb33714bc50b30b16ffbb6116f93937221ad4594
SOURCE/PRODUCT/rust/vendor/syn-2.0.119/tests/test_pat.rs	4575	dafa3e1f51812e8c852dc5210640a4adf6fff7cd0a0790ee17d2c4c115321846
SOURCE/PRODUCT/rust/vendor/syn-2.0.119/tests/test_path.rs	3659	7a6763a262c41a9522068887702fe7cd4ff72b07da5253ac47761d73315b021d
SOURCE/PRODUCT/rust/vendor/syn-2.0.119/tests/test_precedence.rs	18193	f0654b7bf85e2852f7229b14aaba7fcae87d9691f6fa91ab315bc6b0249ffccf
SOURCE/PRODUCT/rust/vendor/syn-2.0.119/tests/test_punctuated.rs	2259	efed2c281b6965d71b065c7606631ba1989af6e7b5f5d1ca1033f8b968dc076c
SOURCE/PRODUCT/rust/vendor/syn-2.0.119/tests/test_receiver.rs	8331	2053028236f95f3cb508ebf2eb606df43cae4f9f4dd27823661459ff6c54a39c
SOURCE/PRODUCT/rust/vendor/syn-2.0.119/tests/test_round_trip.rs	7140	aecd7b37cf937f005ee0858f38482782341d7fa037ec8f15b3e8b26bfd6f6104
SOURCE/PRODUCT/rust/vendor/syn-2.0.119/tests/test_shebang.rs	1840	9bc24b1ee2947b06a279d2ed40039cb45bba6caf7cd40530d93f7e2355de53c6
SOURCE/PRODUCT/rust/vendor/syn-2.0.119/tests/test_size.rs	1607	03efaf829b80b7db1f831474c1d3ce268914fc499d0e2a7eea03cad04a482974
SOURCE/PRODUCT/rust/vendor/syn-2.0.119/tests/test_stmt.rs	8772	b3c120059d7b56388963b85234feb2e4d379e32a0bf7f29b6683eca000dd3919
SOURCE/PRODUCT/rust/vendor/syn-2.0.119/tests/test_token_trees.rs	762	c30b921a96739c9334ec2bdd06552729891e0251b9d8fbdf0b8f5cc897babee5
SOURCE/PRODUCT/rust/vendor/syn-2.0.119/tests/test_ty.rs	14160	9bb5f632941451ca6b200100310b55e62a9956190df3efe28b80d42843e75362
SOURCE/PRODUCT/rust/vendor/syn-2.0.119/tests/test_unparenthesize.rs	1985	e5c047819afd5f70fde1bdd095467b1291d0854641f21e8183e50919986d8ce7
SOURCE/PRODUCT/rust/vendor/syn-2.0.119/tests/test_visibility.rs	5149	7d05f05b0782976369d21477ac9f4d35a7c7f36faa42127e3a9c12ada270baf8
SOURCE/PRODUCT/rust/vendor/syn-2.0.119/tests/zzz_stable.rs	1098	2a862e59cb446235ed99aec0e6ada8e16d3ecc30229b29d825b7c0bbc2602989
SOURCE/PRODUCT/rust/vendor/syn-3.0.3/.cargo-checksum.json	9238	39546dd52656005cd4a7c3ff7ed06e6a71ecfc249b6a8905e86d96e3018c83ad
SOURCE/PRODUCT/rust/vendor/syn-3.0.3/.cargo_vcs_info.json	94	c005ec6217c91836ef610cdf176ebdf9adaa6a6efd97277cd59a4a3ef486f945
SOURCE/PRODUCT/rust/vendor/syn-3.0.3/Cargo.lock	48393	036946b2e706008c61c5cedf0e64eff7fa625cdfb6c48ebe608af6fea284d5bf
SOURCE/PRODUCT/rust/vendor/syn-3.0.3/Cargo.toml	4938	9c4333cfb04f5573864b24a9108e5dcbf3dc24051d13256753ccfb4f5baca7f2
SOURCE/PRODUCT/rust/vendor/syn-3.0.3/Cargo.toml.orig	2411	da671d51e7459e3fee9acd4b335e50aa69f4389092448f470265fe4fea7c5253
SOURCE/PRODUCT/rust/vendor/syn-3.0.3/LICENSE-APACHE	9723	62c7a1e35f56406896d7aa7ca52d0cc0d272ac022b5d2796e7d6905db8a3636a
SOURCE/PRODUCT/rust/vendor/syn-3.0.3/LICENSE-MIT	1023	23f18e03dc49df91622fe2a76176497404e46ced8a715d9d2b67a7446571cca3
SOURCE/PRODUCT/rust/vendor/syn-3.0.3/README.md	10619	a00f270c7f468863f28b9984547872efb57c7db1b9beb6e685852dc24de6846e
SOURCE/PRODUCT/rust/vendor/syn-3.0.3/benches/file.rs	1400	6f2ae7748d1576cff48e4ef55d4e87e2f5bb7898a36aa99ea6dd6ed0f72a4e3c
SOURCE/PRODUCT/rust/vendor/syn-3.0.3/benches/rust.rs	5126	4ad250087795831d7c79b130d47927b5c733052c9659de039c08835b74be72b1
SOURCE/PRODUCT/rust/vendor/syn-3.0.3/src/attr.rs	28537	2108cf48c98ed0a7833ec73b841fccc254c733453a7e69127b0255541bbc9572
SOURCE/PRODUCT/rust/vendor/syn-3.0.3/src/bigint.rs	1659	21cf6cf0c8e175421a6579321878e140d6cd2c975e5bdac4eadde25907d7e879
SOURCE/PRODUCT/rust/vendor/syn-3.0.3/src/buffer.rs	16945	ddb6d50a9e79dc1db86d819d41dbf532e172997c8e0101d73c95052835756c50
SOURCE/PRODUCT/rust/vendor/syn-3.0.3/src/classify.rs	10717	980e81540ddf0414bbfa6fc4f543127d39da84337732a6353473afbd547267f0
SOURCE/PRODUCT/rust/vendor/syn-3.0.3/src/custom_keyword.rs	7862	322114e36ae43a2f8605506fb4568efdbc2986853e2fee74bd10a4ca0fb60c69
SOURCE/PRODUCT/rust/vendor/syn-3.0.3/src/custom_punctuation.rs	9158	67134b7685ce89eddb7bf4ee3c9a48e5eb8ecbb1703cd49a01cbb115239fb814
SOURCE/PRODUCT/rust/vendor/syn-3.0.3/src/data.rs	15814	78280858745d59b721098c7d7f8aa99dddd9e519908d75a1c4444c9c455875d6
SOURCE/PRODUCT/rust/vendor/syn-3.0.3/src/derive.rs	8864	4927cfd64d2c61bb9ee8462b83d5bbce77e3f85c3a03a5565ecf6f08d55367c3
SOURCE/PRODUCT/rust/vendor/syn-3.0.3/src/discouraged.rs	9393	7b5ca0fb3120970d028ddd4efc69363fea278a0b6ed5160d82295c326b3b08ac
SOURCE/PRODUCT/rust/vendor/syn-3.0.3/src/drops.rs	1414	c48e679507424c08716b48256a06d59fe55e877de336c40f0df56cfd80e23826
SOURCE/PRODUCT/rust/vendor/syn-3.0.3/src/error.rs	16933	5ed698f9dd63f16775e48455919a626a246d2ac38d682c1ba37a0ff561ed0a7b
SOURCE/PRODUCT/rust/vendor/syn-3.0.3/src/export.rs	1686	d9039ba7f1455089139cf8a6871159f0ec57949cc730b42fe3c318a8397d3368
SOURCE/PRODUCT/rust/vendor/syn-3.0.3/src/expr.rs	144207	5a3dc478d7b76a13f2bd7632ccb8f2f9733c1081fce527a17dabd7a7e99161a2
SOURCE/PRODUCT/rust/vendor/syn-3.0.3/src/ext.rs	5092	8bc0d0ffab88c73d2305c9f588e6b5285501de8869308162f91019c83bc5bdf1
SOURCE/PRODUCT/rust/vendor/syn-3.0.3/src/file.rs	4024	4513d0f1f4a4d78ba94c0895e97aadc0c2ebcf6f5da36abf762e77e813bc9aea
SOURCE/PRODUCT/rust/vendor/syn-3.0.3/src/fixup.rs	27676	7647cde30efdce96b1488ae805788c168d4499b464b7d421abc17ea8ffde66f2
SOURCE/PRODUCT/rust/vendor/syn-3.0.3/src/gen/clone.rs	80480	342704f87c06f11b4b6b60689df5f55e7a9a67d656b9286cc23a364f485c135f
SOURCE/PRODUCT/rust/vendor/syn-3.0.3/src/gen/debug.rs	133878	29782ea05d86b95e98bb664d6688c413c871dc78f5dc9ee81f584aaa63e85558
SOURCE/PRODUCT/rust/vendor/syn-3.0.3/src/gen/eq.rs	98874	15f2b5070ea8fccf07dbff6bf2fdc027c6d913599b5c1a8e8a5bc9e39e601133
SOURCE/PRODUCT/rust/vendor/syn-3.0.3/src/gen/fold.rs	138673	4804ee04ce6ed8437a9e5d2a54a3ca91f711098034f95ac7102ca0928783dc3e
SOURCE/PRODUCT/rust/vendor/syn-3.0.3/src/gen/hash.rs	81277	ac638e8b56722dd890bd06297a2902b9015cf85e2c50432258b050e43cc1d4cf
SOURCE/PRODUCT/rust/vendor/syn-3.0.3/src/gen/token.css	23357	f79afb8272b8c9b6fe63716c6be5c53d8e7c5ca5473bf3ec891b6e1be9887716
SOURCE/PRODUCT/rust/vendor/syn-3.0.3/src/gen/visit.rs	127825	32414282294ae0d0fbbe863c51cf26c2fc3fb6843dbf715d96f5ad69f3048c2c
SOURCE/PRODUCT/rust/vendor/syn-3.0.3/src/gen/visit_mut.rs	129711	1d76d69baddc4f1354399cab7309a5a2738b3850ad249f793b596fc854c4e8d1
SOURCE/PRODUCT/rust/vendor/syn-3.0.3/src/generics.rs	52231	a563693b6c9ec11d61b2ce7f869763a3c967879dd9306743f01203cd9555cda1
SOURCE/PRODUCT/rust/vendor/syn-3.0.3/src/group.rs	7978	61e067094aa930b6550dc3717a5aaeef7dabfdcf1a177f83fb636598fa7e4e72
SOURCE/PRODUCT/rust/vendor/syn-3.0.3/src/ident.rs	3197	a17e32b0d997649c4c986d1c9eef24be5331cd9ab478604932297b55f785487a
SOURCE/PRODUCT/rust/vendor/syn-3.0.3/src/item.rs	135982	a2da8d9b7c92688d03102a0840104e59f2cfdb93369ed104a1efefe309b4519f
SOURCE/PRODUCT/rust/vendor/syn-3.0.3/src/lib.rs	38687	f8615291f116385ff3a55c16fe089a5cbcc87d7cdc6b3769e0786f8f34379ff4
SOURCE/PRODUCT/rust/vendor/syn-3.0.3/src/lifetime.rs	5421	2f3a240a4a0d9536dd1e3255d5ae0d64efcc46f295cf565a09e8ac33cd3d3487
SOURCE/PRODUCT/rust/vendor/syn-3.0.3/src/lit.rs	56132	b4afa58a52cba945f9c55c4ccf6c27b32637f89fa114b4d6ed254664e6cd1d22
SOURCE/PRODUCT/rust/vendor/syn-3.0.3/src/lookahead.rs	10412	ea51bbf9a23d68238f8324a51675f5815fb3e5fc08c6bab93bc2648d3342c38f
SOURCE/PRODUCT/rust/vendor/syn-3.0.3/src/mac.rs	8007	fdce8291f71adef3f69975f229156dca2309ca232ed943061afaf96220908ab8
SOURCE/PRODUCT/rust/vendor/syn-3.0.3/src/macros.rs	3916	dfc278625948d727ef06e058a94483bbcc551b62b8eb736dc7cd9e0a4777866f
SOURCE/PRODUCT/rust/vendor/syn-3.0.3/src/meta.rs	14138	d8703f8cbc5fd6465c367214eac38efca0f8388bdef8ac5e6f863835fbd3b30f
SOURCE/PRODUCT/rust/vendor/syn-3.0.3/src/op.rs	8337	a61757370f802e44efa3c4a1057ae2cd26e64e273f7d76c06d5ffb49602319e2
SOURCE/PRODUCT/rust/vendor/syn-3.0.3/src/parse.rs	47710	e692d6e895ac79a14680b89a7c29611995126953238176bdb50d2a3c2fb2d9e3
SOURCE/PRODUCT/rust/vendor/syn-3.0.3/src/parse_macro_input.rs	3496	e4e22b63d0496d06a4ca17742a22467ed93f08a739081324773828bad63175ee
SOURCE/PRODUCT/rust/vendor/syn-3.0.3/src/parse_quote.rs	7940	c0ae210cfe6d6b8f6758cff1f44283acd9df5ed67d88911875079fb28d4d1b67
SOURCE/PRODUCT/rust/vendor/syn-3.0.3/src/pat.rs	33067	3258bdaca2be2c692cd9bb09a89f811f53b176939a57ce46c0d89284628fc830
SOURCE/PRODUCT/rust/vendor/syn-3.0.3/src/path.rs	33726	088ff7dc2cd278efc32017722887d6849866e54ab7d7ae47710edf785c0cc478
SOURCE/PRODUCT/rust/vendor/syn-3.0.3/src/precedence.rs	6818	301f5cc51e1bbb35aeb64f6ed1b21d6f61d83f6c048aec9896976ee0011b948e
SOURCE/PRODUCT/rust/vendor/syn-3.0.3/src/print.rs	390	22910bf0521ab868ebd7c62601c55912d12cfb400c65723e08e5cfa3a2d111c0
SOURCE/PRODUCT/rust/vendor/syn-3.0.3/src/punctuated.rs	32023	6b70fd15cc662260c2c0f20cd35a777351b2c5199b299cf5c8d8972723bd0f04
SOURCE/PRODUCT/rust/vendor/syn-3.0.3/src/restriction.rs	5589	9506f1dd5710a380a8298dc8b345a0849a011e447e1aca08c4ca29543a65273b
SOURCE/PRODUCT/rust/vendor/syn-3.0.3/src/scan_expr.rs	9440	1afda43a7f4e9d426859a90d8a62a58c6654f3be41bb274d4884a56ac08f8eee
SOURCE/PRODUCT/rust/vendor/syn-3.0.3/src/sealed.rs	87	6ece3b3dcb30f6bb98b93d83759ca7712ee8592bef9c0511141039c38765db0e
SOURCE/PRODUCT/rust/vendor/syn-3.0.3/src/span.rs	1197	0a48e375e5c9768f6f64174a91ba6a255f4b021e2fb3548d8494e617f142601b
SOURCE/PRODUCT/rust/vendor/syn-3.0.3/src/spanned.rs	3781	b53ce23f10935cf202da0f5a430e9feca9f4858bbd6efbe896acf17d3cfce540
SOURCE/PRODUCT/rust/vendor/syn-3.0.3/src/stmt.rs	18375	60718ffd8e4b72bae9ea620670276af3bd407f248f2c5e3bd945a2ea8c541661
SOURCE/PRODUCT/rust/vendor/syn-3.0.3/src/thread.rs	1906	b91e33c563c2ea584fcd7c5454998303173f4227bdb19504776e61d09b60675c
SOURCE/PRODUCT/rust/vendor/syn-3.0.3/src/token.rs	36489	fddf7540f6c87e088ca2e4cd59a4769bc99989907a71e0d7cb42ee6ec067a6ac
SOURCE/PRODUCT/rust/vendor/syn-3.0.3/src/tt.rs	3315	d5b9df076504b1506e0b05dafb9006fd0772fdb8d4b8b8dcc315dbca3277331a
SOURCE/PRODUCT/rust/vendor/syn-3.0.3/src/ty.rs	47521	63bbf2272575d40ba632b54ca51857f43410bc22c20ff3ecedee3d3f52dd84e5
SOURCE/PRODUCT/rust/vendor/syn-3.0.3/src/verbatim.rs	1164	503055ba92ebb97da71a8a7cae1e6606969aadfb965b0d6c7e56693f9ef66b0a
SOURCE/PRODUCT/rust/vendor/syn-3.0.3/src/whitespace.rs	2103	9cdcbfe9045b259046329a795bc1105ab5a871471a6d3f7318d275ee53f7a825
SOURCE/PRODUCT/rust/vendor/syn-3.0.3/tests/common/eq.rs	34238	112f43d0b996f40267e3352c672acd0fe71ecbb68e6144915c2ce9087494b651
SOURCE/PRODUCT/rust/vendor/syn-3.0.3/tests/common/mod.rs	133	b752aa8f1faf8c6abf1286a12fb50b6c257ec1889d81bcdb3dc3257134695a89
SOURCE/PRODUCT/rust/vendor/syn-3.0.3/tests/common/parse.rs	1317	b1685e9e0f0569f48d66ddd92d787a12933a1d2f95e7c9ae974a3648763f989b
SOURCE/PRODUCT/rust/vendor/syn-3.0.3/tests/common/visit.rs	3894	a260ecd2ce7853cd3644e19aba08e8d358a656fd3fb0f1287cea40c59c9e62c9
SOURCE/PRODUCT/rust/vendor/syn-3.0.3/tests/debug/gen.rs	214651	75b59398bb58e8d05c5ee5598b88163564b480c866af3dddb9bcc69e8df8459a
SOURCE/PRODUCT/rust/vendor/syn-3.0.3/tests/debug/mod.rs	3340	1259df940bbcaa968a837e402d6853f2efa38d2260e306d42f17f9e8ef74fae5
SOURCE/PRODUCT/rust/vendor/syn-3.0.3/tests/macros/mod.rs	176	d2294a79e341c623ae671dd363e99965d78dda7f340b0cc038267207adfacae2
SOURCE/PRODUCT/rust/vendor/syn-3.0.3/tests/regression.rs	132	e9565ea0efecb4136f099164ffcfa26e1996b0a27fb9c6659e90ad9bdd42e7b6
SOURCE/PRODUCT/rust/vendor/syn-3.0.3/tests/regression/issue1108.rs	97	f32db35244a674e22ff824ca9e5bbec2184e287b59f022db68c418b5878a2edc
SOURCE/PRODUCT/rust/vendor/syn-3.0.3/tests/regression/issue1235.rs	932	a2266b10c3f7c7af5734817ab0a3e8b309b51e7d177b63f26e67e6b744d280b0
SOURCE/PRODUCT/rust/vendor/syn-3.0.3/tests/repo/mod.rs	38843	b5e0c83cee8fd9016b5ea65f727b831468a56b646b46c95d19702e1bd27b9a4d
SOURCE/PRODUCT/rust/vendor/syn-3.0.3/tests/repo/progress.rs	839	11219e4ae5e0175d5ddc743907a57b8c4e750e709687c3df53728d6af994a86f
SOURCE/PRODUCT/rust/vendor/syn-3.0.3/tests/snapshot/mod.rs	2085	4a101272c5abe6ca9f3501e0cacacee9a0ccf7ca773348a239e5b046d0316a7e
SOURCE/PRODUCT/rust/vendor/syn-3.0.3/tests/test_attribute.rs	4474	8a4429b7cfe2360bb73beae54a62ae3255ebbd5181467a8608d6f858c2711728
SOURCE/PRODUCT/rust/vendor/syn-3.0.3/tests/test_derive_input.rs	22641	ac6fff053bded4ca30f88343cbf984a319119b58805f56058bd6ad61a1f60972
SOURCE/PRODUCT/rust/vendor/syn-3.0.3/tests/test_expr.rs	53218	8fde868c1cbfbf48604735eb872cc3f85a59e2c306a579c45a8112e57d9ebf51
SOURCE/PRODUCT/rust/vendor/syn-3.0.3/tests/test_generics.rs	11325	2bd20cbaab8ff268e6e283ae9564f064f352deab7d3d4beafb7f41baa2b862cf
SOURCE/PRODUCT/rust/vendor/syn-3.0.3/tests/test_grouping.rs	1595	fe3de6e8824f0722ab6450c6dfc374f6e0f8fe75c87c4dd56b2cb00a2197ed58
SOURCE/PRODUCT/rust/vendor/syn-3.0.3/tests/test_ident.rs	1320	d5850e817720e774cd397a46dbc5298c57933823c18e20805e84503fc9387e8f
SOURCE/PRODUCT/rust/vendor/syn-3.0.3/tests/test_item.rs	11067	49f7130127da9077dc39cb1c3b9a70b55f62c39555b48bf9c7f5bb07fc506531
SOURCE/PRODUCT/rust/vendor/syn-3.0.3/tests/test_lit.rs	10560	4130efa425d14ed3ad9a1c2a00ef4b29782c9d1cf9e29ff9dddd3b23b2e3ddee
SOURCE/PRODUCT/rust/vendor/syn-3.0.3/tests/test_meta.rs	3737	5b0fdee0decbd07476c9673403a662de385901b4bf60600c26ac879893f5bf9c
SOURCE/PRODUCT/rust/vendor/syn-3.0.3/tests/test_parse_buffer.rs	3036	1c8cbbf457603bd0a83348079591f843f7ef0533a6275a0c76533e2d07dd321a
SOURCE/PRODUCT/rust/vendor/syn-3.0.3/tests/test_parse_quote.rs	3735	2fc6fcd5f6ab063fb26dd64e087a8a0799f0650b7249c1c4f3b08b870b89ed22
SOURCE/PRODUCT/rust/vendor/syn-3.0.3/tests/test_parse_stream.rs	5524	b6b533432173123d6d01d8d2cb33714bc50b30b16ffbb6116f93937221ad4594
SOURCE/PRODUCT/rust/vendor/syn-3.0.3/tests/test_pat.rs	4563	91458c108f6d8a1660e5633cde6441b0e583f7fa8f36375dcf0a051301eb3d34
SOURCE/PRODUCT/rust/vendor/syn-3.0.3/tests/test_path.rs	3707	4957de8bd9e0c158cfa91dc12ec3b16132d243f0d1f3184d827ac6da5ab1739f
SOURCE/PRODUCT/rust/vendor/syn-3.0.3/tests/test_precedence.rs	18356	957a896afe99f33fb6f680b880a1eb9f4fe500722eb4ed619f9a995cc5106e7c
SOURCE/PRODUCT/rust/vendor/syn-3.0.3/tests/test_punctuated.rs	2259	efed2c281b6965d71b065c7606631ba1989af6e7b5f5d1ca1033f8b968dc076c
SOURCE/PRODUCT/rust/vendor/syn-3.0.3/tests/test_receiver.rs	7189	c94e39e57b21844b9c89f9da672da33e83046a409f6d8d00422652f92e703d43
SOURCE/PRODUCT/rust/vendor/syn-3.0.3/tests/test_round_trip.rs	7140	aecd7b37cf937f005ee0858f38482782341d7fa037ec8f15b3e8b26bfd6f6104
SOURCE/PRODUCT/rust/vendor/syn-3.0.3/tests/test_shebang.rs	2010	785345c798689328060d59a715ed1a54f7a72e9d0305f2f2a1ed84102bcf100b
SOURCE/PRODUCT/rust/vendor/syn-3.0.3/tests/test_size.rs	1607	2928bfc73c6a1dc1a7a4fc31bbd1ce8583f97aea4b3adf747dad325bfa748ef0
SOURCE/PRODUCT/rust/vendor/syn-3.0.3/tests/test_stmt.rs	9047	17a3f6f7bbd25b428e8761de34b628c99afceacd339350909bbad13614a96cec
SOURCE/PRODUCT/rust/vendor/syn-3.0.3/tests/test_token_trees.rs	762	c30b921a96739c9334ec2bdd06552729891e0251b9d8fbdf0b8f5cc897babee5
SOURCE/PRODUCT/rust/vendor/syn-3.0.3/tests/test_ty.rs	14511	5b70d0bc3a02ef6b06f39e4ba5a29df56f1e2237b365f9a0ea1f146b1e2386d2
SOURCE/PRODUCT/rust/vendor/syn-3.0.3/tests/test_unparenthesize.rs	1985	e5c047819afd5f70fde1bdd095467b1291d0854641f21e8183e50919986d8ce7
SOURCE/PRODUCT/rust/vendor/syn-3.0.3/tests/test_visibility.rs	5251	811a5df8923426bc24f1bc5e6e346dbbde5ce2ae3143867d81332200ad082494
SOURCE/PRODUCT/rust/vendor/syn-3.0.3/tests/zzz_stable.rs	1098	2a862e59cb446235ed99aec0e6ada8e16d3ecc30229b29d825b7c0bbc2602989
SOURCE/PRODUCT/rust/vendor/sync_wrapper-1.0.2/.cargo-checksum.json	729	63bea2d93f32269ddebc65e4b349322c927da0f8b47f6c85f771580a1f50d90a
SOURCE/PRODUCT/rust/vendor/sync_wrapper-1.0.2/.cargo_vcs_info.json	94	0bc4ea2f623d8a663025841d235cd1beb2afafae323f2c6486eed429893443b5
SOURCE/PRODUCT/rust/vendor/sync_wrapper-1.0.2/Cargo.toml	1187	d6523f082d2ac59ffcdb22683a13b5804543141be28764e7d7a30063000767f9
SOURCE/PRODUCT/rust/vendor/sync_wrapper-1.0.2/Cargo.toml.orig	707	b020b0b033c631a0dacd3d733ff47413ec3da0c2959d3a5c089794a8b51e6364
SOURCE/PRODUCT/rust/vendor/sync_wrapper-1.0.2/LICENSE	10174	0d542e0c8804e39aa7f37eb00da5a762149dc682d7829451287e11b938e94594
SOURCE/PRODUCT/rust/vendor/sync_wrapper-1.0.2/README.md	421	61e995daa67a37597f76b78ca3c61916a42a66034f01e9473ee7b7753029ca3a
SOURCE/PRODUCT/rust/vendor/sync_wrapper-1.0.2/src/lib.rs	8197	81898bdb0429273524efb125b8b5d3b0fc0fea0e134946b366f043708dc07b83
SOURCE/PRODUCT/rust/vendor/tokio-1.53.1/.cargo-checksum.json	53367	6b5096ebf5b0ea3ccf953bad68523f5077b9a030363add0bb9f720bfcb5cefe8
SOURCE/PRODUCT/rust/vendor/tokio-1.53.1/.cargo_vcs_info.json	99	fab099411fb6b44e0b26202150708c6c7318a3eadeea2566c3dd88f4a85b9528
SOURCE/PRODUCT/rust/vendor/tokio-1.53.1/CHANGELOG.md	179850	5d4cdbd3b4c873d379a0d1c0f7d26931f02ed10abc333a9622fd8e74e415942e
SOURCE/PRODUCT/rust/vendor/tokio-1.53.1/Cargo.lock	40134	a97de250eca7e0a1b8feae80f9c87c4c06c765a3cff7b00998936edd2dd6330b
SOURCE/PRODUCT/rust/vendor/tokio-1.53.1/Cargo.toml	17637	e0194904acf8d55946b949cacca2b266051bb2a99844c606829fb0159c39cfb1
SOURCE/PRODUCT/rust/vendor/tokio-1.53.1/Cargo.toml.orig	5723	64efc8888a41b0a102b3abe463cf9f2bb4687895ae494b47487284bd23fd7455
SOURCE/PRODUCT/rust/vendor/tokio-1.53.1/LICENSE	1070	253cd04c6714889df2d32f3f64d669179a1c95c76ac43c40882c52eb06bc3552
SOURCE/PRODUCT/rust/vendor/tokio-1.53.1/README.md	9391	d66d59d170ce56b4f80e16e7564fe91ca611daffffe82a8625a9a67bb85c8800
SOURCE/PRODUCT/rust/vendor/tokio-1.53.1/docs/reactor-refactor.md	9641	7d90ec44841657e0d321f2eda750f5d994f9726bb61d2baeaed76d8e4ab4395b
SOURCE/PRODUCT/rust/vendor/tokio-1.53.1/src/blocking.rs	1577	8e62b2cdc512fedbca4b4c4f983629af035afea4ee7e918bb1a3e9851c8e034e
SOURCE/PRODUCT/rust/vendor/tokio-1.53.1/src/doc/mod.rs	1310	fbb5c84915b85f0d6916040b85c4a5d04910c6da957431024b663c90def1d35b
SOURCE/PRODUCT/rust/vendor/tokio-1.53.1/src/doc/os.rs	4041	6e11b38bbd5a1cb4a6a0858e6eb689ee5b7a175a255c774c10cf4aa58f734e51
SOURCE/PRODUCT/rust/vendor/tokio-1.53.1/src/fs/canonicalize.rs	1698	f79eccf4f2c78a92ca8ece154c0ad36a97562168257cc2f50d39e7de00e1a237
SOURCE/PRODUCT/rust/vendor/tokio-1.53.1/src/fs/copy.rs	708	545c92b60acecefafd768fe699eb8554eef9839371929f6358c99b277f4748ad
SOURCE/PRODUCT/rust/vendor/tokio-1.53.1/src/fs/create_dir.rs	1521	4fd26d27b97ded25bc9a0fb8456ed2550bdce8fee3958ec712db0af36ed42ae6
SOURCE/PRODUCT/rust/vendor/tokio-1.53.1/src/fs/create_dir_all.rs	1872	f8725f3c97faa50e7d719130ba577da612e54bedc9fcfb16738d583bf4a69a41
SOURCE/PRODUCT/rust/vendor/tokio-1.53.1/src/fs/dir_builder.rs	3542	5e726ee92b953d686d0504baec463ec844978df90d075dbb78d1ff2b65111932
SOURCE/PRODUCT/rust/vendor/tokio-1.53.1/src/fs/file.rs	36700	8a50f8dbe3563dec59fd6362f6ceabe75963e0e4006174805c745ed5f2aad02b
SOURCE/PRODUCT/rust/vendor/tokio-1.53.1/src/fs/file/tests.rs	23559	16371becf814fdbda17796a50f1559da228246d6a2912f40b14996f95fce4e43
SOURCE/PRODUCT/rust/vendor/tokio-1.53.1/src/fs/hard_link.rs	1319	c76b95ca6517ce1a978c8dd8ad858029ed8cf550115a6775dbf13157cd9d9157
SOURCE/PRODUCT/rust/vendor/tokio-1.53.1/src/fs/metadata.rs	1305	1eb0f7b53f2afb53714dc2148da03c2dcb93a5d49611615d5ea5245584c9bf7b
SOURCE/PRODUCT/rust/vendor/tokio-1.53.1/src/fs/mocks.rs	5939	ca65a2a2acc88c643155c0a9bcc293201f3c61e1e3cc9e09d8a22ca254e945de
SOURCE/PRODUCT/rust/vendor/tokio-1.53.1/src/fs/mod.rs	9375	3b2060c5ecf43e1c28bd1c712fbd93c09eead6f0e91a2b78e6a93dd7b92243f9
SOURCE/PRODUCT/rust/vendor/tokio-1.53.1/src/fs/open_options.rs	28872	8b0a91d002c691bb5ff3e162cc6a4ee3ca5cc658f18f53d3e378ecbade732d39
SOURCE/PRODUCT/rust/vendor/tokio-1.53.1/src/fs/open_options/mock_open_options.rs	1400	0a5f0ffdb5a67bec7fbaeef122c1676f1ac6fac38004038ed9ca8f97483eaac5
SOURCE/PRODUCT/rust/vendor/tokio-1.53.1/src/fs/open_options/uring_open_options.rs	3925	babad962d169e443113305dd8cc7d6e757be6c0dcb102639eac8165f29cee12e
SOURCE/PRODUCT/rust/vendor/tokio-1.53.1/src/fs/read.rs	3276	1ced815abb7c3864ed2811824b9fa62330046b0d5f395c73cd47627c7fbffafa
SOURCE/PRODUCT/rust/vendor/tokio-1.53.1/src/fs/read_dir.rs	11056	b6777ba0d0261a30226a814fd9be19b22a096153be3b5cbfc15c22819efc73af
SOURCE/PRODUCT/rust/vendor/tokio-1.53.1/src/fs/read_link.rs	371	910a34ccae4604c3ea60044fc1a75fc6598e912ae008459e667398301440217e
SOURCE/PRODUCT/rust/vendor/tokio-1.53.1/src/fs/read_to_string.rs	916	9e5b2d476a6084e32a92c5421a8abc9d4f335f4ec677beec4bf8bfa109d7d106
SOURCE/PRODUCT/rust/vendor/tokio-1.53.1/src/fs/read_uring.rs	4971	29987e6dcde002c8446cd74d21e97b8a6a43747d6195dfb322cc47ba37858cd2
SOURCE/PRODUCT/rust/vendor/tokio-1.53.1/src/fs/remove_dir.rs	329	314303525fb2a78bc2ebd51f5ebe725a8d59a8e646d2e594a1dcbcfb711b3a11
SOURCE/PRODUCT/rust/vendor/tokio-1.53.1/src/fs/remove_dir_all.rs	431	b85abd05c7ab64ee8dc6cf5663a11e713aa51b357759ef660ef3cae3365ccc42
SOURCE/PRODUCT/rust/vendor/tokio-1.53.1/src/fs/remove_file.rs	504	283d7ef67b53668810daed6aad23cc90466d359423f97ab01c1ae58c111feb12
SOURCE/PRODUCT/rust/vendor/tokio-1.53.1/src/fs/rename.rs	1244	f614a6b09911595ce2e0c8bc484e42bd1df99791c868033dc991ab38226fdf44
SOURCE/PRODUCT/rust/vendor/tokio-1.53.1/src/fs/set_permissions.rs	455	8adccafa475dcfc1bc3989af73374d90683c1be4953ef812e5fd606f968d7b7a
SOURCE/PRODUCT/rust/vendor/tokio-1.53.1/src/fs/symlink.rs	518	fb0328282817073975bc3577055d6933203c9920f3a72bbe55a31bc38c98dfcb
SOURCE/PRODUCT/rust/vendor/tokio-1.53.1/src/fs/symlink_dir.rs	637	8b2ecaa82d496c154ea0f61f1bd0e880c18628b9ed7de45757369bcf537cd6cc
SOURCE/PRODUCT/rust/vendor/tokio-1.53.1/src/fs/symlink_file.rs	637	d0831a8105cd6dae84767c89931b22a500fab74b028b39a3fad624bb3d9262aa
SOURCE/PRODUCT/rust/vendor/tokio-1.53.1/src/fs/symlink_metadata.rs	426	f5ce1e05f137da995e3e0d9582bae0a5f7ef4251285c64e912b0eedbb068b395
SOURCE/PRODUCT/rust/vendor/tokio-1.53.1/src/fs/try_exists.rs	3004	adb84e1bfa3bdcf83187304bece554c7c6a7b5e37579479dddae767fc5342949
SOURCE/PRODUCT/rust/vendor/tokio-1.53.1/src/fs/write.rs	2676	84749a1b339b0840bef0a38a5320ec0c144760a730c5906146c981545c053763
SOURCE/PRODUCT/rust/vendor/tokio-1.53.1/src/future/block_on.rs	693	30bad79b005a1ba7f696bec5639a5886b1f653a152b8948ae5fcd287c05ab8db
SOURCE/PRODUCT/rust/vendor/tokio-1.53.1/src/future/maybe_done.rs	3811	73d8ecfc524a69c2f9317ecfebb64bf60973eb5b5509d8808468f74d6e234ba3
SOURCE/PRODUCT/rust/vendor/tokio-1.53.1/src/future/mod.rs	517	527c1ed5106c8f95936883befd7e595a2892b741cbef473a1c429beb265176b5
SOURCE/PRODUCT/rust/vendor/tokio-1.53.1/src/future/trace.rs	269	c42712a8d372922eba7e05cd21382fe5df5eec02cbcc870062100b59ab99654f
SOURCE/PRODUCT/rust/vendor/tokio-1.53.1/src/future/try_join.rs	2321	0ea5a069b17a34bbc091acbd74b9d51794a55a85dfa63fe2404d5ee91a4f0038
SOURCE/PRODUCT/rust/vendor/tokio-1.53.1/src/fuzz.rs	59	db998767c729f35320b1d489f43f4d7788e989c8d16c0793188a2868207d8e25
SOURCE/PRODUCT/rust/vendor/tokio-1.53.1/src/io/async_buf_read.rs	4417	1c8a8b0f1184a37da6919f33e2406523b4ec392a94701eaff932f4b750d83519
SOURCE/PRODUCT/rust/vendor/tokio-1.53.1/src/io/async_fd.rs	58977	f9cc49dda8716e391555e1963671430b1a224bddc4675f9d3d71a565ac87f1e2
SOURCE/PRODUCT/rust/vendor/tokio-1.53.1/src/io/async_read.rs	4530	09e13e8d6163fb6ba8ed5fbe4acb51f9ddb6e25391bb7548e446a6ff88086a0f
SOURCE/PRODUCT/rust/vendor/tokio-1.53.1/src/io/async_seek.rs	3552	f1d4945bd0bdf531aaab167740dd1f4465205987666e1ac1ff06ab8bad170ee0
SOURCE/PRODUCT/rust/vendor/tokio-1.53.1/src/io/async_write.rs	14537	08e060b892eb57fdaa79f83c4f0c39877587866e67ef0565896d9c3abc05e720
SOURCE/PRODUCT/rust/vendor/tokio-1.53.1/src/io/blocking.rs	10425	6009d869c8361e0d6de9be0209213ced1effc870e24181a5aade39a37f0d9870
SOURCE/PRODUCT/rust/vendor/tokio-1.53.1/src/io/bsd/poll_aio.rs	8485	fe150b0c0c8a522600d35c94837936fd28872f926d56126a98a15cacfb6647a7
SOURCE/PRODUCT/rust/vendor/tokio-1.53.1/src/io/interest.rs	10232	a359b014993e626ff47a797484472b2faeab4c0a6ddf1a5ea40c6fcc0d3c38a8
SOURCE/PRODUCT/rust/vendor/tokio-1.53.1/src/io/join.rs	3217	f1c229259247b0065dda9d18f93684137b16a82669758eb5fc140070c64d2d4f
SOURCE/PRODUCT/rust/vendor/tokio-1.53.1/src/io/mod.rs	10582	3ce994678a88332c52f17f116088754badc7bf9a17873a1f7255e09f59b6f014
SOURCE/PRODUCT/rust/vendor/tokio-1.53.1/src/io/poll_evented.rs	13237	334619a06d840de8d5d7037bee6d6f48accf5e8e1252460841637a512fa233f8
SOURCE/PRODUCT/rust/vendor/tokio-1.53.1/src/io/read_buf.rs	12495	f2a75bdf27487fd4681d737f892eabf528ec7e79ec24e8c5af7fc278c8c239ea
SOURCE/PRODUCT/rust/vendor/tokio-1.53.1/src/io/ready.rs	9200	85fc7a192552607acf6623e1f083b4e12447067bfa57fd667fb2c6e9fce7a4d8
SOURCE/PRODUCT/rust/vendor/tokio-1.53.1/src/io/seek.rs	1587	56c8405acdd82b843dae3a9b4d4e98adf47881f6deee6ed2e71cbdb91ba8379d
SOURCE/PRODUCT/rust/vendor/tokio-1.53.1/src/io/split.rs	4693	c938755f089a2b132aa0808f001a6bc1036154b7a59ef00fad69fac70fc234ca
SOURCE/PRODUCT/rust/vendor/tokio-1.53.1/src/io/stderr.rs	4539	d5fbeda10f602687abef45758782826eb90cd6cb63c28346f1d101aa4dd475d8
SOURCE/PRODUCT/rust/vendor/tokio-1.53.1/src/io/stdin.rs	3089	78f3be2900915a64fb980e4807fdc131ffaa0cb165b17e0ff09924419117feb6
SOURCE/PRODUCT/rust/vendor/tokio-1.53.1/src/io/stdio_common.rs	7775	1afecae5bbb9773650c687111525844a56f70ccecf98b2defe68e95a0702c5c8
SOURCE/PRODUCT/rust/vendor/tokio-1.53.1/src/io/stdout.rs	7660	d92cd625a4487af959da559889f6c4aa46d808b874b422cc716f9c051f6d3459
SOURCE/PRODUCT/rust/vendor/tokio-1.53.1/src/io/uring/mod.rs	131	d66121b5490878e8d1c4de5a891922be36860a9a2334d50370efd46e7099dbcd
SOURCE/PRODUCT/rust/vendor/tokio-1.53.1/src/io/uring/open.rs	1699	4d44d3b6557423c5e8169693718762f053041104270905744e05e7c7e3c8f30a
SOURCE/PRODUCT/rust/vendor/tokio-1.53.1/src/io/uring/read.rs	3658	45d4ea1b9ab564218f8cc252074dc3c5d57a0cc4d5bc1cbf5e46952981465b16
SOURCE/PRODUCT/rust/vendor/tokio-1.53.1/src/io/uring/rename.rs	1450	2fb628aa398d6db9780356c143ce0183241bbce05cf2476e251dccf499837229
SOURCE/PRODUCT/rust/vendor/tokio-1.53.1/src/io/uring/statx.rs	5480	0129a5822109ccb065c9ee88a532e591f751255c2225bbbb6067c350a037e6ae
SOURCE/PRODUCT/rust/vendor/tokio-1.53.1/src/io/uring/utils.rs	878	4edef6bf7ff923b8b2ebbdc366b443d1ee026efdab0010bf2e39a45e8766bac8
SOURCE/PRODUCT/rust/vendor/tokio-1.53.1/src/io/uring/write.rs	1660	6a8e09256930dff44ab6d0f8cba45ce9c3a2c7bd10d8a48861edf197bf5df92a
SOURCE/PRODUCT/rust/vendor/tokio-1.53.1/src/io/util/async_buf_read_ext.rs	13981	5ff991408c5d2db7502514016024ca2e20626de2b0b26e3a10b9ae294b3ad01c
SOURCE/PRODUCT/rust/vendor/tokio-1.53.1/src/io/util/async_read_ext.rs	53190	6eb2798a19bb4fa43eae940421c8b9b664bf2b655a0e87facd773fc594846718
SOURCE/PRODUCT/rust/vendor/tokio-1.53.1/src/io/util/async_seek_ext.rs	2875	0df8c418f95b4a46b1cd59e3c5e9d75eb0f9398d124ae5102daf5f3bab9efc71
SOURCE/PRODUCT/rust/vendor/tokio-1.53.1/src/io/util/async_write_ext.rs	47285	392ffa14491bd16af48c4850d519cf4cd83f96721740cc7e9487690aa303bfba
SOURCE/PRODUCT/rust/vendor/tokio-1.53.1/src/io/util/buf_reader.rs	11649	a4a2bd04b325f720f9380d78a4e58644b3c1db2b56acb06de7a6867acbb96210
SOURCE/PRODUCT/rust/vendor/tokio-1.53.1/src/io/util/buf_stream.rs	6705	c2087f024e12c39355f301b67780e392ca4b227006eeea2e73a1a51ac9581e6f
SOURCE/PRODUCT/rust/vendor/tokio-1.53.1/src/io/util/buf_writer.rs	10500	d453544aad52560961f8f833de375f572ea266bd15b92cc85d588470300efbc9
SOURCE/PRODUCT/rust/vendor/tokio-1.53.1/src/io/util/chain.rs	3670	1b3ad742e190199ef8f91b653d0fc3185081213830e59b5e668ad684f4121ca3
SOURCE/PRODUCT/rust/vendor/tokio-1.53.1/src/io/util/copy.rs	10437	92e7d20fdc5d6c8d115b0a917d433cd4f05d3c53c3c1c8fb8ca993f3ded17f7c
SOURCE/PRODUCT/rust/vendor/tokio-1.53.1/src/io/util/copy_bidirectional.rs	4426	6859e477b9e2f18c7c83e38b64a6673732bac76daef42f40aa822682107cee10
SOURCE/PRODUCT/rust/vendor/tokio-1.53.1/src/io/util/copy_buf.rs	3801	06841f612b878526da7ebc7168e35a23cff6bebf420fa8979b6feee6ccc93ef7
SOURCE/PRODUCT/rust/vendor/tokio-1.53.1/src/io/util/empty.rs	4598	9070c7fca670ee3d7fc3317d8691a812c5ebfb59e921ee35bd33aae50b1bb005
SOURCE/PRODUCT/rust/vendor/tokio-1.53.1/src/io/util/fill_buf.rs	2004	223725d828071e923f25d2d49a0f6e470c411a6d9ba225700f2dd8d5793601bb
SOURCE/PRODUCT/rust/vendor/tokio-1.53.1/src/io/util/flush.rs	1162	e3384731406fbbfd5745631b9c60bee706802fb1d0c94bfbb79c53fbf41e7a75
SOURCE/PRODUCT/rust/vendor/tokio-1.53.1/src/io/util/lines.rs	3960	9d6d3fbc4912289b7c53b8b46cba7f1ed6ed6907b3ad2a81be6280463a4cdf61
SOURCE/PRODUCT/rust/vendor/tokio-1.53.1/src/io/util/mem.rs	13128	93726f5f4a7b50851f2eee474f452088c3fd2d597f26e84ec0d7f3631c193857
SOURCE/PRODUCT/rust/vendor/tokio-1.53.1/src/io/util/mod.rs	2397	4a4f4fe04c072487010e24ab2acfe82f6a432284a33837571da028d30e28b79f
SOURCE/PRODUCT/rust/vendor/tokio-1.53.1/src/io/util/read.rs	1568	3583f5adb74ddafc291d2c8aab3b40650cd5f8241197feeebfe78d8a3c06d6fd
SOURCE/PRODUCT/rust/vendor/tokio-1.53.1/src/io/util/read_buf.rs	1862	812ac09bb6e19f14a382a523e5bb44d56e240309a46ab3fb2f9b4cfa71c7eb37
SOURCE/PRODUCT/rust/vendor/tokio-1.53.1/src/io/util/read_exact.rs	1985	fce472d60df0d4e96ece7c02cfffe421f009acd4b77f4b4391a18f8b9376465a
SOURCE/PRODUCT/rust/vendor/tokio-1.53.1/src/io/util/read_int.rs	4751	877149e10515b1a1a3155f48c6aa4db62687d57ed17de07426372c7fdf59d4ea
SOURCE/PRODUCT/rust/vendor/tokio-1.53.1/src/io/util/read_line.rs	4019	ca6d5206db7dc6a7ef2ca1fbc31a53baaa8a631a459b2fa50d6246fe02806eb2
SOURCE/PRODUCT/rust/vendor/tokio-1.53.1/src/io/util/read_to_end.rs	4976	df1f1e8210c8fc67562e50b309cbd415036849fdd467137a523d8dd10495817c
SOURCE/PRODUCT/rust/vendor/tokio-1.53.1/src/io/util/read_to_string.rs	2513	49c8e96c00b35bef4ee7bff8357893afe23de41e03db878c14d437e272008a6d
SOURCE/PRODUCT/rust/vendor/tokio-1.53.1/src/io/util/read_until.rs	2302	c255c74ca44f0b836db09f86fa7929c9e89f2f144f62a19765f989d9fdca3143
SOURCE/PRODUCT/rust/vendor/tokio-1.53.1/src/io/util/repeat.rs	1896	24ebc03ff7d07e188d0143696f84d72493642709f2f669baf3842ba776057b7e
SOURCE/PRODUCT/rust/vendor/tokio-1.53.1/src/io/util/shutdown.rs	1173	dbf7e47a06b8cc436b9210ea185b92efd5e5359eb4469f678b75e888664a064b
SOURCE/PRODUCT/rust/vendor/tokio-1.53.1/src/io/util/sink.rs	2503	a8999d21b205380770d9ff31dac6aa15dd28bb92ca3d337710c18fa98b5bef39
SOURCE/PRODUCT/rust/vendor/tokio-1.53.1/src/io/util/split.rs	3299	1f53bfa87019af3fcefa2bb808b83ccbd91c6c4d1d8df84d43d8685eeb5e9b00
SOURCE/PRODUCT/rust/vendor/tokio-1.53.1/src/io/util/take.rs	4008	ec6fb4b9fde913b1ff597a5c9d35cc71174d9c2f01b06d8d65c2274c577a975f
SOURCE/PRODUCT/rust/vendor/tokio-1.53.1/src/io/util/vec_with_initialized.rs	4979	9925c877ca4e60ca221ddae9f4cec7b62516fab29b9461a052d0bf6797db7183
SOURCE/PRODUCT/rust/vendor/tokio-1.53.1/src/io/util/write.rs	1193	20d14ee545ab1f67732915522e97808d1ddde13d151505c1289b596be519f7c8
SOURCE/PRODUCT/rust/vendor/tokio-1.53.1/src/io/util/write_all.rs	1380	70dd0ce0777cbaf5570843e186fdfb01f3df347b36c17a1df34e085512e7a591
SOURCE/PRODUCT/rust/vendor/tokio-1.53.1/src/io/util/write_all_buf.rs	1807	a64e5d666fcdc4c277d3c68665cfacfff23fb2eee4e2945ac0ee49ee4f82c084
SOURCE/PRODUCT/rust/vendor/tokio-1.53.1/src/io/util/write_buf.rs	1691	8aefd591de37effd7b7b20fea879ee8b123e489516092ca2abe811b6f56bf573
SOURCE/PRODUCT/rust/vendor/tokio-1.53.1/src/io/util/write_int.rs	4588	adcdc17f097c6b2ff9fd52513b6c4f8b0c78d36558bfcf36880e05644d50d9cf
SOURCE/PRODUCT/rust/vendor/tokio-1.53.1/src/io/util/write_vectored.rs	1191	7a335a9f796daa048fa9708dc44d32d2567b36461a6d88f07893eb31f304b69d
SOURCE/PRODUCT/rust/vendor/tokio-1.53.1/src/lib.rs	25075	c21a190c5430aeac9421da7ccdd8d41537ee4f14d012bd6281c2862190d745cc
SOURCE/PRODUCT/rust/vendor/tokio-1.53.1/src/loom/mocked.rs	1729	06025c513281d800d2e919e7619690b150a35c4eb4a380b93785c9c800c929e7
SOURCE/PRODUCT/rust/vendor/tokio-1.53.1/src/loom/mod.rs	317	b14b9333a7a21bd125a4ae82f01e5ea9c9ed2f78d7d1ad49a13d9b176f1fe8ab
SOURCE/PRODUCT/rust/vendor/tokio-1.53.1/src/loom/std/atomic_u16.rs	1324	c55a0b2f5a31d9534ee01fa2c76ca7ef86a66c7fc2a55a959d72cee429a75409
SOURCE/PRODUCT/rust/vendor/tokio-1.53.1/src/loom/std/atomic_u32.rs	1324	65449ad8e0240a42b71910e49ef351d04eb8b40c8c48c97a08e118cb2fa57771
SOURCE/PRODUCT/rust/vendor/tokio-1.53.1/src/loom/std/atomic_u64.rs	629	712e403af571f439b1b7fe82e3dc8fea5dbfcbcaa04c574c352ecb24d0fd2215
SOURCE/PRODUCT/rust/vendor/tokio-1.53.1/src/loom/std/atomic_u64_as_mutex.rs	1662	1a6b9f8417e968a78dcddd8c7c320c447b9f27d5f84245cae86c3ef68425c749
SOURCE/PRODUCT/rust/vendor/tokio-1.53.1/src/loom/std/atomic_u64_native.rs	146	559e6fd21e678b904f5a905f2756a4a8e32ca68a8c7a9b4344af86979373cfa0
SOURCE/PRODUCT/rust/vendor/tokio-1.53.1/src/loom/std/atomic_u64_static_const_new.rs	239	a1c0e7d2ea28904ae76227baa7da5da33b68257f4c1a7a456f8d3171529bd934
SOURCE/PRODUCT/rust/vendor/tokio-1.53.1/src/loom/std/atomic_u64_static_once_cell.rs	1239	3ed7c98c5f402b09b6e7ab09eed98dc905f12484b201b0b242246c8729b56075
SOURCE/PRODUCT/rust/vendor/tokio-1.53.1/src/loom/std/atomic_usize.rs	1712	fe38c7cfd7b1ac492b2dd797464d8e3b73f2696ef628943fb976663c57f8cd19
SOURCE/PRODUCT/rust/vendor/tokio-1.53.1/src/loom/std/barrier.rs	6856	9beeff33c89c6d7e84fa109a3dd688d2e6172b3a7da023e07e58d3032189e136
SOURCE/PRODUCT/rust/vendor/tokio-1.53.1/src/loom/std/mod.rs	3747	6877ba7d2e7f079c4504eb4ddea9ff70b05803384332b68a09a27d6a57ccbf9e
SOURCE/PRODUCT/rust/vendor/tokio-1.53.1/src/loom/std/mutex.rs	937	0ffb1cfcce8b931f5d2ff10704871ed6703c376d8739892b35e612adc0dc0945
SOURCE/PRODUCT/rust/vendor/tokio-1.53.1/src/loom/std/parking_lot.rs	5124	aeac33379b7d0b4aa0a93eb8b23cb5d1dba2cb47a20f85dedc9f20f55908d20e
SOURCE/PRODUCT/rust/vendor/tokio-1.53.1/src/loom/std/rwlock.rs	1369	af8f98543e6e740d0398eaa3cac06ac2b751a5eed9279b2b75e512e86314cf99
SOURCE/PRODUCT/rust/vendor/tokio-1.53.1/src/loom/std/unsafe_cell.rs	468	789497164c351a563293d82edb82180576471b92ee3aec77de1a92a47423e390
SOURCE/PRODUCT/rust/vendor/tokio-1.53.1/src/macros/addr_of.rs	1048	fa404c3eb369a63a8ed531b1477e34010c6b1572b36f92fe99f01b89cf41ac06
SOURCE/PRODUCT/rust/vendor/tokio-1.53.1/src/macros/cfg.rs	17565	07c26bad8a45322fb89df498dd22e1d7a083761155a579d73370510af13a15be
SOURCE/PRODUCT/rust/vendor/tokio-1.53.1/src/macros/join.rs	9971	85d9d743e986ffad45800d34a26fab3389e32f44dcaf704d7a8c2ed4bfc27005
SOURCE/PRODUCT/rust/vendor/tokio-1.53.1/src/macros/loom.rs	114	bee8a86b0b96697cc21e4b5e9f1a3403c1f9dbc8c4e591a2ea91f51c2469d3d0
SOURCE/PRODUCT/rust/vendor/tokio-1.53.1/src/macros/mod.rs	436	b223651ad1aa5e4fa41db463fabae4c8c6f7e1bfb43d6be2100db247fc6ef2b7
SOURCE/PRODUCT/rust/vendor/tokio-1.53.1/src/macros/pin.rs	3409	d8347f8258e8feccf56f132dadbfbe846d20fed3515e2211a4b41543177b2029
SOURCE/PRODUCT/rust/vendor/tokio-1.53.1/src/macros/select.rs	58442	a1f6cb8d20a378653f2dda59d7137567b07896d76051c19e471812aab86e5229
SOURCE/PRODUCT/rust/vendor/tokio-1.53.1/src/macros/support.rs	842	a72af0f9f9d8b3471ad10e5b034b387ac0dc7598e82d364e8fc9a8281f142cfe
SOURCE/PRODUCT/rust/vendor/tokio-1.53.1/src/macros/thread_local.rs	466	c03b4bd975825f89feb0a138aaa5e3413ee8dbd6959a3d25ebdef8780126464c
SOURCE/PRODUCT/rust/vendor/tokio-1.53.1/src/macros/trace.rs	782	112a86d5fac36b7a80f695658405f92c1a19f2526ba2090e10dd79411480d34f
SOURCE/PRODUCT/rust/vendor/tokio-1.53.1/src/macros/try_join.rs	10938	ec788f1b490234d97ac5eb7831e4eed6f9ba00b1101c56553ce7511bbd2ca228
SOURCE/PRODUCT/rust/vendor/tokio-1.53.1/src/net/addr.rs	10113	7aac2266980d74a9a95b3b67bf11a44a46dcfd9d44d6f9e222106c5451793713
SOURCE/PRODUCT/rust/vendor/tokio-1.53.1/src/net/lookup_host.rs	1013	c7a21d735225e316253d822f6b11a17107e6a8db004f947a54d8bc12ec782baf
SOURCE/PRODUCT/rust/vendor/tokio-1.53.1/src/net/mod.rs	1957	94c29a12212dfdbedc9dc8067156670f4590e2e4184a47fdfe8aa6f2b22b8765
SOURCE/PRODUCT/rust/vendor/tokio-1.53.1/src/net/tcp/listener.rs	14706	7deb1f8a9b64b02178e07e2d9b93acc36d743b5216d6ad17d09cacaceeb94f4b
SOURCE/PRODUCT/rust/vendor/tokio-1.53.1/src/net/tcp/mod.rs	291	4b73777ed9373be1400c129f7e5d63a55229d603bb8124aa2d70b139dc51bcba
SOURCE/PRODUCT/rust/vendor/tokio-1.53.1/src/net/tcp/socket.rs	35070	c9048525ad95f5166da37d9f32cf09e0f32f0276450a7cae666838634b5162ed
SOURCE/PRODUCT/rust/vendor/tokio-1.53.1/src/net/tcp/split.rs	15302	6dd5cfdae68c1608c9df4503f86ec1d718937c78bb7ba5c7e429285016a2d1e9
SOURCE/PRODUCT/rust/vendor/tokio-1.53.1/src/net/tcp/split_owned.rs	18072	70bbd9fb62c68b966c5d107dd85eda4ce2f9488c2884854169de9add326b8720
SOURCE/PRODUCT/rust/vendor/tokio-1.53.1/src/net/tcp/stream.rs	56253	c7584b9d5a4c6d2e4c972ef6ea1adfb2551b8ef1c9efc58d2dc210b0776c66e3
SOURCE/PRODUCT/rust/vendor/tokio-1.53.1/src/net/udp.rs	88673	d949eee898f951b03397f1f18146d8098be49a5b6a039a467a42f8c6fd759b94
SOURCE/PRODUCT/rust/vendor/tokio-1.53.1/src/net/unix/datagram/mod.rs	49	fc48924e5d1e551405b0708a2d122473cdafeeee802a5722f64b4cf41a1c01da
SOURCE/PRODUCT/rust/vendor/tokio-1.53.1/src/net/unix/datagram/socket.rs	57167	20b3d61da8e5643a218c8b24cfad84a2ba7727f21b5338f4cb1aaf7867347b56
SOURCE/PRODUCT/rust/vendor/tokio-1.53.1/src/net/unix/listener.rs	9633	ebb9d61f8fce21eb39b4ebbdd8e8d405d1a3c234a7699be8dd21218957489f7f
SOURCE/PRODUCT/rust/vendor/tokio-1.53.1/src/net/unix/mod.rs	905	c7ba74bc1919e6833563d61cf021b4171d9c0eaea659f249b9b11eb46c7341a1
SOURCE/PRODUCT/rust/vendor/tokio-1.53.1/src/net/unix/pipe.rs	57161	781cc7ff1e500d51d2d88009b0c1cd3a349d368c71beca04bf460535a7beeadd
SOURCE/PRODUCT/rust/vendor/tokio-1.53.1/src/net/unix/socket.rs	9120	8c41b42eb404616f876b9caf063b0864072fb5d942fcac0e4a8ae9400682f4f1
SOURCE/PRODUCT/rust/vendor/tokio-1.53.1/src/net/unix/socketaddr.rs	2003	7cc93197c10c1727464f2fdf87a309f8bb35680e218f812d5f894c0dee68cd86
SOURCE/PRODUCT/rust/vendor/tokio-1.53.1/src/net/unix/split.rs	12304	3f0b9c74481a536920d8fa8109cfb8553307c6694139ad9bd60cacdf97e7688c
SOURCE/PRODUCT/rust/vendor/tokio-1.53.1/src/net/unix/split_owned.rs	15327	5eccba5c1d589af4e5b52d17410c2290c289db5583676cf016de93ccabdace9e
SOURCE/PRODUCT/rust/vendor/tokio-1.53.1/src/net/unix/stream.rs	41548	a8c79acf19c29cceeacea03354c0d642d97ded1c7a7e5409a3e6084bc4130aeb
SOURCE/PRODUCT/rust/vendor/tokio-1.53.1/src/net/unix/ucred.rs	13084	f1da7401db1a50ef53d2c7f712008694dfb815080b08c5fa83af6c2e42b67abc
SOURCE/PRODUCT/rust/vendor/tokio-1.53.1/src/net/windows/mod.rs	57	a1525f35c1acb92b15bec788a625b76acb42f9424f392074db697102ce79760d
SOURCE/PRODUCT/rust/vendor/tokio-1.53.1/src/net/windows/named_pipe.rs	99392	da168cff030a5e3335263f29d7279bb3ee17220f2e188f42460a5b6985d41f9f
SOURCE/PRODUCT/rust/vendor/tokio-1.53.1/src/process/kill.rs	276	2f98bd1bd28ab37bedc34ab7b737760407ab5315420538acbd18da31d2662d94
SOURCE/PRODUCT/rust/vendor/tokio-1.53.1/src/process/mod.rs	60479	dcde12e2e92a4f07d27b86cecbed2a125dad1f6126fc4d07462317a41b54f0a9
SOURCE/PRODUCT/rust/vendor/tokio-1.53.1/src/process/unix/mod.rs	10421	6c084b4a1821ee5cb6008226c39df65a88ca7615c6b5b114102fa6627fd4250b
SOURCE/PRODUCT/rust/vendor/tokio-1.53.1/src/process/unix/orphan.rs	10264	6afeb4b0f2855976156e0e84b059ef4d29438637ad709f1b19740e7e2c381d8e
SOURCE/PRODUCT/rust/vendor/tokio-1.53.1/src/process/unix/pidfd_reaper.rs	8184	3addb7051f2673ec0741ff0c284cdbc34603c968a14a67fac73c92a40f1ba100
SOURCE/PRODUCT/rust/vendor/tokio-1.53.1/src/process/unix/reap.rs	8531	62868319849b8482d8d927dcd00cc8a74b9af61fd47494b39bd41fe2f4dcf0b6
SOURCE/PRODUCT/rust/vendor/tokio-1.53.1/src/process/windows.rs	8342	36e969560477855242b95f6f047eeb3e215e259cf35163657ac8f1818c90877f
SOURCE/PRODUCT/rust/vendor/tokio-1.53.1/src/runtime/blocking/mod.rs	673	3a1e04d2fc5590c7c0a19c85ecbd893108f9a81b197162378c525133c3bbc7aa
SOURCE/PRODUCT/rust/vendor/tokio-1.53.1/src/runtime/blocking/pool.rs	19230	6e1f4f3c1e6f7974a8ccab4dab8b8784f447097990f763fc5703202e4d278a65
SOURCE/PRODUCT/rust/vendor/tokio-1.53.1/src/runtime/blocking/schedule.rs	2190	a3402f8acb6faebd1e95660d8f5f607890ff89415ee7f8358761a3a7a87a2845
SOURCE/PRODUCT/rust/vendor/tokio-1.53.1/src/runtime/blocking/shutdown.rs	2169	6eaf2a1418b885bcc1ce3f257b99382de9c16f848ed53d9e00dc97389bb6b816
SOURCE/PRODUCT/rust/vendor/tokio-1.53.1/src/runtime/blocking/task.rs	1384	ade233c22540105bb4060af0f2bb9673751e867a822a1f953f776a69e72faf24
SOURCE/PRODUCT/rust/vendor/tokio-1.53.1/src/runtime/builder.rs	75261	352db30f01ecd4c5b80ad03780124c6d7241fa1538e3f83497f024f253d957d5
SOURCE/PRODUCT/rust/vendor/tokio-1.53.1/src/runtime/config.rs	2325	2d4209b679928f9d54f12bd414bd23b86d820419d098f486f23b532252c49146
SOURCE/PRODUCT/rust/vendor/tokio-1.53.1/src/runtime/context.rs	6333	7b977e25d1a4664c63af8073508829757dd95810848745fdc0a8c6d4bf47b4ee
SOURCE/PRODUCT/rust/vendor/tokio-1.53.1/src/runtime/context/blocking.rs	3618	7cd0eadc6b556e40aaf1103d4093c1a2eb844be525c83cdbbadcca84a806e5d1
SOURCE/PRODUCT/rust/vendor/tokio-1.53.1/src/runtime/context/current.rs	2768	977d1ca823c051c3e5004b05c8d460c79f6515d06934240a7ab46d26b8c11f2a
SOURCE/PRODUCT/rust/vendor/tokio-1.53.1/src/runtime/context/runtime.rs	2907	df7b8deca59426ac39d6950b518172ff7a7ef306c1681187a4d3b1f22168984d
SOURCE/PRODUCT/rust/vendor/tokio-1.53.1/src/runtime/context/runtime_mt.rs	1000	911b95f39dbed005a02fde0394bd74c02e14e5b9f5c98bf49511f6c68ac5dac8
SOURCE/PRODUCT/rust/vendor/tokio-1.53.1/src/runtime/context/scoped.rs	1189	16bfa1da16baa831cc926c41df869b99bfbc6d96cf39a04aa4914a9e4b19a2f0
SOURCE/PRODUCT/rust/vendor/tokio-1.53.1/src/runtime/driver.rs	11094	5e763b54e67cc61095495047556692609e490d543622fc7caabccdd549bdb2b2
SOURCE/PRODUCT/rust/vendor/tokio-1.53.1/src/runtime/driver/op.rs	7962	853bf10588d3c335447c8a45b427dd0d4bf546fcf3f44fa2e4f6dc7ecfd0cb22
SOURCE/PRODUCT/rust/vendor/tokio-1.53.1/src/runtime/dump.rs	11135	f7e2a028ebec9b312bafeb61149648cfb42a0162c7e2322179e4f56d951a451f
SOURCE/PRODUCT/rust/vendor/tokio-1.53.1/src/runtime/handle.rs	26550	10b061b357b706d725affb3053b6d2b34107123a6a332392fd3b003cbeabc4c6
SOURCE/PRODUCT/rust/vendor/tokio-1.53.1/src/runtime/id.rs	1138	be3f7f41bbc963d7720d6bbf49ece58124891746225b19c1971a614e7d34d3f2
SOURCE/PRODUCT/rust/vendor/tokio-1.53.1/src/runtime/io/driver.rs	10421	d065144603e9d54329bfd2eb88f13a4cb159d31fa926787744f5cc48fcb94407
SOURCE/PRODUCT/rust/vendor/tokio-1.53.1/src/runtime/io/driver/signal.rs	487	2e53479e68f48bf39c8cce92f0d12422bf4c68d931e741aae8daed854cd3f6ac
SOURCE/PRODUCT/rust/vendor/tokio-1.53.1/src/runtime/io/driver/uring.rs	12443	9d178edd63d9575de9345ef2d28fdb1292cf77c8182358220533a847983b3846
SOURCE/PRODUCT/rust/vendor/tokio-1.53.1/src/runtime/io/metrics.rs	663	734623b74777fa565ee7e8eff96c490b58b8bebc2357ada29c9cb751bd052c25
SOURCE/PRODUCT/rust/vendor/tokio-1.53.1/src/runtime/io/mod.rs	556	9f7f85d298193291386ccf986bcf4ac47b83529e062883ad44b57bda2a1aa4da
SOURCE/PRODUCT/rust/vendor/tokio-1.53.1/src/runtime/io/registration.rs	9076	2fa3bd31a104217ba1151eec950ebbbcfdd38813eb4245e6b745e699beba3531
SOURCE/PRODUCT/rust/vendor/tokio-1.53.1/src/runtime/io/registration_set.rs	5005	aa785215cdf883ab5b1477d61183a50e55f92ae238cb921a27f3de06a61b3dfb
SOURCE/PRODUCT/rust/vendor/tokio-1.53.1/src/runtime/io/scheduled_io.rs	20942	f7303b8a2164aa8fa24405f071043e2e8a0009419f4eb50b1f2abcfd57fc7389
SOURCE/PRODUCT/rust/vendor/tokio-1.53.1/src/runtime/local_runtime/mod.rs	137	c4f796218d90c6156db66b1e55d6a6f2ec856b54d71291e506f8697c90648dd4
SOURCE/PRODUCT/rust/vendor/tokio-1.53.1/src/runtime/local_runtime/options.rs	598	6890ad0b10cb0b0bbbbbb3775f9352f0bcaa1a1eb476e3b3dd52768dac68a2cc
SOURCE/PRODUCT/rust/vendor/tokio-1.53.1/src/runtime/local_runtime/runtime.rs	12898	1f0266263ddefd9097d75609a5cb5a1d5131a76e8ea2e7e7f9975cd317d58fdd
SOURCE/PRODUCT/rust/vendor/tokio-1.53.1/src/runtime/metrics/batch.rs	11443	2c8ab1b6f06231f9f5109ef03bac7cadd085088d4c933e8a19c3130fc4cea1d2
SOURCE/PRODUCT/rust/vendor/tokio-1.53.1/src/runtime/metrics/histogram.rs	17396	ad85c830f2a3b9b552fa8b7ef97ab886de4a8ead11187e27cd1ec40f7ed6a89b
SOURCE/PRODUCT/rust/vendor/tokio-1.53.1/src/runtime/metrics/histogram/h2_histogram.rs	20381	3f8b25ab9805f9c29fbb8f283b40646333a032f08de6eb77a4ed0423b72fdb97
SOURCE/PRODUCT/rust/vendor/tokio-1.53.1/src/runtime/metrics/io.rs	687	c329886c5193910aff65e4f6b7dde8054e1c0680913d228ab608ab50e2d897c6
SOURCE/PRODUCT/rust/vendor/tokio-1.53.1/src/runtime/metrics/mock.rs	366	d0acc1a3c8e87bffdfcff64fa5dc94ce31d5f5cfd564bc6df7b7473decb42a6b
SOURCE/PRODUCT/rust/vendor/tokio-1.53.1/src/runtime/metrics/mod.rs	1388	880c589aa42ec5d56b7d3c67410ea1dc261c5a32bb86cc33245dd7de3c2b2fbd
SOURCE/PRODUCT/rust/vendor/tokio-1.53.1/src/runtime/metrics/runtime.rs	50586	d9160d3bfa15bc56578e5d25758952346ef4f9d53d2b7b78e2f08bf55ca3963e
SOURCE/PRODUCT/rust/vendor/tokio-1.53.1/src/runtime/metrics/schedule_latency.rs	2334	e85e3f054e42f80156b945158c578d15f6326addd6c039533f38b9ba4ca47ede
SOURCE/PRODUCT/rust/vendor/tokio-1.53.1/src/runtime/metrics/schedule_latency_mock.rs	963	77fc08f4853ef168c3fb64b384d94f0ac11e3287583b63421ed478a62321295c
SOURCE/PRODUCT/rust/vendor/tokio-1.53.1/src/runtime/metrics/scheduler.rs	1226	d384da20159a9f60c87d892be92c6e95c065791d8062ac72fda2a0c053786c58
SOURCE/PRODUCT/rust/vendor/tokio-1.53.1/src/runtime/metrics/worker.rs	3975	765786c7bb50f8421c144fb6e132430b7308dba5228c59ab201209b637f837d5
SOURCE/PRODUCT/rust/vendor/tokio-1.53.1/src/runtime/mod.rs	26052	fd6216bccc237f2297bd0e947dcb3f2eacefaa850f3228f8f29fe05c17e3ac7b
SOURCE/PRODUCT/rust/vendor/tokio-1.53.1/src/runtime/park.rs	10692	e5fbfcea0a773242cce860aae5df853bfaebaaae6610e7de6b31e5c219de9f95
SOURCE/PRODUCT/rust/vendor/tokio-1.53.1/src/runtime/process.rs	1207	b6bd15937ae2ab45ebd46cb06981244e8e5e75ea0c47e6d8d294a00ba9003f0e
SOURCE/PRODUCT/rust/vendor/tokio-1.53.1/src/runtime/runtime.rs	19504	67b4fae038519f2cfb85e57d8a3b0dbcfbb38a1b0875d67742854039ade1b0d7
SOURCE/PRODUCT/rust/vendor/tokio-1.53.1/src/runtime/scheduler/block_in_place.rs	173	f67fe80e7ebc480a14e0765d7cc515e659d34840f44af7ddef9df3ec2c0b3a9c
SOURCE/PRODUCT/rust/vendor/tokio-1.53.1/src/runtime/scheduler/current_thread/mod.rs	28978	1ee5ae59de532e6b529c4326f7d8781836b2388175e46cace17f7be46f928b84
SOURCE/PRODUCT/rust/vendor/tokio-1.53.1/src/runtime/scheduler/defer.rs	1023	bbec9c32bb4c3045977d60730e073b0ed72fd74bd7d5b11ad05b6114c5edc083
SOURCE/PRODUCT/rust/vendor/tokio-1.53.1/src/runtime/scheduler/inject.rs	1807	79aa8ba6e3204b106e9632b5166c30d8e8b8868e6d0189350c66df11205ceded
SOURCE/PRODUCT/rust/vendor/tokio-1.53.1/src/runtime/scheduler/inject/metrics.rs	123	26ee4f9d34c9d670eb75ee8d02a6e268952a1ef698ab3213d71873a97ea2c851
SOURCE/PRODUCT/rust/vendor/tokio-1.53.1/src/runtime/scheduler/inject/pop.rs	1068	335b42278217a3020ec1419d070132f8f5a0ce832c504dc7806c42821848be83
SOURCE/PRODUCT/rust/vendor/tokio-1.53.1/src/runtime/scheduler/inject/rt_multi_thread.rs	3379	6beb78db370230760f09477eea9038d8746a78a4c3597e7f3fe7c21d0d272872
SOURCE/PRODUCT/rust/vendor/tokio-1.53.1/src/runtime/scheduler/inject/shared.rs	3391	0d169de9395c1f37e1521307f7e48d6e074c252156fa977afac60dd15d92a9e9
SOURCE/PRODUCT/rust/vendor/tokio-1.53.1/src/runtime/scheduler/inject/synced.rs	887	c9c4cab69cfb824e8980bae3cb98df714fc554b944fed7be44b4e0e22403228e
SOURCE/PRODUCT/rust/vendor/tokio-1.53.1/src/runtime/scheduler/lock.rs	134	2aa5a50067dcc79d66ca39d1e4982c28f55bdcec43ddd7bc91414de5f794019c
SOURCE/PRODUCT/rust/vendor/tokio-1.53.1/src/runtime/scheduler/mod.rs	10712	2f74ec608592cbdf07e32bd8056681c51c0ad3c32867d1d28b97ffb3f467cf01
SOURCE/PRODUCT/rust/vendor/tokio-1.53.1/src/runtime/scheduler/multi_thread/counters.rs	2011	e5a6a1a1d01a50890dabbeb7998c7b64a954ed94bbb7cf9505ff917ed63633f6
SOURCE/PRODUCT/rust/vendor/tokio-1.53.1/src/runtime/scheduler/multi_thread/handle.rs	3576	3e2ff76b1625edc2e265e53051d711e53633a5a557014125b1f8c8d4269b2b5c
SOURCE/PRODUCT/rust/vendor/tokio-1.53.1/src/runtime/scheduler/multi_thread/handle/metrics.rs	1556	b7985cf9e5c07ff3e3bf32d64d9115873c3c397a8525f54d7fffee07fe35adfd
SOURCE/PRODUCT/rust/vendor/tokio-1.53.1/src/runtime/scheduler/multi_thread/handle/taskdump.rs	648	13249d26250b922aa3631c1b2be16b23e7c137f01489a9392e443d485e63eb1a
SOURCE/PRODUCT/rust/vendor/tokio-1.53.1/src/runtime/scheduler/multi_thread/idle.rs	7183	c2be2afa82ddbbe36eb6e231c8a01cd7c233d9c6e197d2feae32200098e974e9
SOURCE/PRODUCT/rust/vendor/tokio-1.53.1/src/runtime/scheduler/multi_thread/mod.rs	2524	1fc70dc883b233cd0698da82c520c42840b2470f46896d11e68208cbbc17c7ec
SOURCE/PRODUCT/rust/vendor/tokio-1.53.1/src/runtime/scheduler/multi_thread/overflow.rs	567	c70ff49356fa6948f9dc53a19014a5dbf7f6bf52d4c00d9c2e20b0d23b7b3bf0
SOURCE/PRODUCT/rust/vendor/tokio-1.53.1/src/runtime/scheduler/multi_thread/park.rs	10983	b4c4572dba85240791a508adb1e27fbf85170053efc6c8ed0d9decc42e1b04eb
SOURCE/PRODUCT/rust/vendor/tokio-1.53.1/src/runtime/scheduler/multi_thread/queue.rs	21637	e7b1fd46dbb3ed9157fd744ce9bba4fc4b3441eed7956a358e71f300a9003412
SOURCE/PRODUCT/rust/vendor/tokio-1.53.1/src/runtime/scheduler/multi_thread/stats.rs	4973	6cbbbd774fec38f12729d633f23eb4ddc75a187ea1eb7204bdd86fb636fb564b
SOURCE/PRODUCT/rust/vendor/tokio-1.53.1/src/runtime/scheduler/multi_thread/trace.rs	1846	f8ac6b0db76c45057c0061908d5acd63eb1463c397984bfd9a80f4bbc2748f30
SOURCE/PRODUCT/rust/vendor/tokio-1.53.1/src/runtime/scheduler/multi_thread/trace_mock.rs	191	3ce6a3d19b53b608cba34fda213e498691ed55ce4a542806f9080bd2dbdb054a
SOURCE/PRODUCT/rust/vendor/tokio-1.53.1/src/runtime/scheduler/multi_thread/worker.rs	55738	b7860cfa69f197eb52f3374a1cf0fe6adc2ff82a6971d8d27985fea65c08d94c
SOURCE/PRODUCT/rust/vendor/tokio-1.53.1/src/runtime/scheduler/multi_thread/worker/metrics.rs	312	80b2a8cd89ccc5402d4b56fb0a41f0c975a83919bbada7797a7c574b3aeeb456
SOURCE/PRODUCT/rust/vendor/tokio-1.53.1/src/runtime/scheduler/multi_thread/worker/taskdump.rs	2385	bb0931a4af0d973c487dff112d42e19b08d148bd17148e4c8ed45e507352e519
SOURCE/PRODUCT/rust/vendor/tokio-1.53.1/src/runtime/scheduler/multi_thread/worker/taskdump_mock.rs	131	f8664a755109ddc87f7ab82c4815cb12eb37c0bee3a1808907ac10534b9867c4
SOURCE/PRODUCT/rust/vendor/tokio-1.53.1/src/runtime/scheduler/util/mod.rs	112	21d2fdbf1071b41510fe3f24290f52217e4bc3442ada0e2483a10cece99b9a7e
SOURCE/PRODUCT/rust/vendor/tokio-1.53.1/src/runtime/scheduler/util/time_alt.rs	5095	1747a6a7e68ccdd15a43c7f807d9d2b14095e5e9e9d426f6294fdd7927b25fdd
SOURCE/PRODUCT/rust/vendor/tokio-1.53.1/src/runtime/signal/mod.rs	5050	7cae37626477a94dfe683df137b6bc669ef023b626c9e7e2c7af850769d9e5a2
SOURCE/PRODUCT/rust/vendor/tokio-1.53.1/src/runtime/task/abort.rs	3928	1bc8f5ba6aaff4d831519edc519172c8c58c567473e26b0d71a4b0b730afb99f
SOURCE/PRODUCT/rust/vendor/tokio-1.53.1/src/runtime/task/core.rs	20901	7c896dec6ef10054ed2b8049a2b35667eae348615c162a46d1ceb9181fc71b5c
SOURCE/PRODUCT/rust/vendor/tokio-1.53.1/src/runtime/task/error.rs	5583	0c84e9189f351c6e1eb0c5865b9df84a928ed4602b06fd5c2e71fb7c43eb1e27
SOURCE/PRODUCT/rust/vendor/tokio-1.53.1/src/runtime/task/harness.rs	21438	008c697f432197c6537472e2cea55fa973aec45df946b85abfbea966f2db8d51
SOURCE/PRODUCT/rust/vendor/tokio-1.53.1/src/runtime/task/id.rs	3048	e09bf274200b608700969ecb4d800dfc45d730f6c3f6eb3bb5f37da18d8b7b8f
SOURCE/PRODUCT/rust/vendor/tokio-1.53.1/src/runtime/task/join.rs	12233	85484895de0c7f38a6ce49cb42ed4ba7b680b674deaf27aeb77467dc987b3ee7
SOURCE/PRODUCT/rust/vendor/tokio-1.53.1/src/runtime/task/list.rs	11708	7b39e1941241b6771d15082d4aec2bd4e9e67d1bb15f46f75a5fc858f7ad9971
SOURCE/PRODUCT/rust/vendor/tokio-1.53.1/src/runtime/task/mod.rs	22093	d826d7d4ac0007fdc3899b4174ca6e7ce7ca2a7b25e149c6bac3aea45ee05436
SOURCE/PRODUCT/rust/vendor/tokio-1.53.1/src/runtime/task/raw.rs	11750	0e20384326d63f003a0340a80ea2e404d0af3eb3ff0f03a9e87a363531077efc
SOURCE/PRODUCT/rust/vendor/tokio-1.53.1/src/runtime/task/state.rs	21907	8971482e12f5bdb891978753f60f14acc8b3acc32e1c7d710d079633caaabada
SOURCE/PRODUCT/rust/vendor/tokio-1.53.1/src/runtime/task/trace/mod.rs	15774	dfab06bb045e01268be0dc3505361a1bfbf35a0a3f4f88cc881374c51588efd9
SOURCE/PRODUCT/rust/vendor/tokio-1.53.1/src/runtime/task/trace/symbol.rs	3081	86f5bc93087f31ee662037f78dcb6fba15025bba02de948bdc5c30fb50b8a8f6
SOURCE/PRODUCT/rust/vendor/tokio-1.53.1/src/runtime/task/trace/trace_impl.rs	939	a53f1b5054f6fec5188f4bb071d6acaaf869fe4559e84289f518f9ac860fe9c3
SOURCE/PRODUCT/rust/vendor/tokio-1.53.1/src/runtime/task/trace/tree.rs	3826	f1c989a80de1a45c54bb35e8c475427cf01990cca8697befc15d9fb22464f13c
SOURCE/PRODUCT/rust/vendor/tokio-1.53.1/src/runtime/task/waker.rs	4063	9c5de2966bf442f68205473e2fcbd6488f645364513a06f713a841615045e519
SOURCE/PRODUCT/rust/vendor/tokio-1.53.1/src/runtime/task_hooks.rs	2694	0c7da3b5328a2c5c3a9c537a925349c1678f3333de3409ce5e6ed5bf14ddb86e
SOURCE/PRODUCT/rust/vendor/tokio-1.53.1/src/runtime/tests/inject.rs	1327	97b68f6c22f6861b2a1649a8f919bae3310d6fddeae107aee4dcbf00de526cdc
SOURCE/PRODUCT/rust/vendor/tokio-1.53.1/src/runtime/tests/loom_blocking.rs	4372	71b1176e5f6795dd86890be9fe31e80b112eeb1d4d42133aeb1316e0db6af11f
SOURCE/PRODUCT/rust/vendor/tokio-1.53.1/src/runtime/tests/loom_current_thread.rs	6319	e75612f6d3e1ed3629ae9f236121dec14bab1e89999fb0655c77ba8e1c07f8f1
SOURCE/PRODUCT/rust/vendor/tokio-1.53.1/src/runtime/tests/loom_current_thread/yield_now.rs	849	eec0f029e9e536ba4e56a4ba1a1d1b519e3946c5bb6e6324ab87f60bb1a04194
SOURCE/PRODUCT/rust/vendor/tokio-1.53.1/src/runtime/tests/loom_join_set.rs	2539	d6612a19c695907a8bb41b24df3b404cb521cae6f30226f2449dc32f18700b69
SOURCE/PRODUCT/rust/vendor/tokio-1.53.1/src/runtime/tests/loom_local.rs	1414	df689c716bcb5accbdb44eb2252570683ecb71f3d9a9c430e2e8715a0a2ed689
SOURCE/PRODUCT/rust/vendor/tokio-1.53.1/src/runtime/tests/loom_multi_thread.rs	11352	28bde6e90c40467c6cb5269dcfdb2ef6e4868e0fcd7f8dfbbde0b42f07d62f67
SOURCE/PRODUCT/rust/vendor/tokio-1.53.1/src/runtime/tests/loom_multi_thread/queue.rs	4874	54ae93457aaa96dafa25c683b13b8133994ead7eaa135539468868c94a2e623c
SOURCE/PRODUCT/rust/vendor/tokio-1.53.1/src/runtime/tests/loom_multi_thread/shutdown.rs	792	2f48626eb0a4135d480aa5bf72e514c4abf39aa17711c96d3829f93c03758557
SOURCE/PRODUCT/rust/vendor/tokio-1.53.1/src/runtime/tests/loom_multi_thread/yield_now.rs	1024	fac610e464660c196a35ce15a46c9ebf537d3f3475cfc633e58c76c25eb558fe
SOURCE/PRODUCT/rust/vendor/tokio-1.53.1/src/runtime/tests/loom_oneshot.rs	910	cb0cb66e1014708a10a2236c2dbbac9441b6a6e36a49c419fa3a51af62b054ce
SOURCE/PRODUCT/rust/vendor/tokio-1.53.1/src/runtime/tests/mod.rs	2497	9d56af84fadbb475170d9ab809c6fa139c55bf2979d09ab24b1ce331a2c683c4
SOURCE/PRODUCT/rust/vendor/tokio-1.53.1/src/runtime/tests/queue.rs	6370	943db81039db14b41ef05d85b8d1c9185245cba6c749d4e04824ef3aca4f7d3e
SOURCE/PRODUCT/rust/vendor/tokio-1.53.1/src/runtime/tests/task.rs	10533	31f1e147c9d292aa9a803060671c9e8eba05f180e9aca7a53738bc0783cd454f
SOURCE/PRODUCT/rust/vendor/tokio-1.53.1/src/runtime/tests/task_combinations.rs	15720	78779e18bbf781475ebafcc073a3597c8debe83405f643ff763ec4132ebab1d2
SOURCE/PRODUCT/rust/vendor/tokio-1.53.1/src/runtime/thread_id.rs	1015	0ff16308ce0b99f0cc459ecd7572e4384e1bdd30bfa786d1d76f7c142e72a71a
SOURCE/PRODUCT/rust/vendor/tokio-1.53.1/src/runtime/time/entry.rs	23339	bd5030236606ce512a1658b0bf4dfff83be4ec59bfcb1832f7b4865c2d700546
SOURCE/PRODUCT/rust/vendor/tokio-1.53.1/src/runtime/time/handle.rs	2304	cf4b400d5096ebfc73ba40700a449d8748026fd7cbb237c9ab23112434ebbeec
SOURCE/PRODUCT/rust/vendor/tokio-1.53.1/src/runtime/time/mod.rs	17735	3123856cc9f93bb319c3c428f4e14f1b6bddad4344240150c616079004e41058
SOURCE/PRODUCT/rust/vendor/tokio-1.53.1/src/runtime/time/source.rs	1194	02e85457f988c0cffd50c9fe92f4a12b33486803b331a254672dec89d5727443
SOURCE/PRODUCT/rust/vendor/tokio-1.53.1/src/runtime/time/tests/mod.rs	7207	eb6f2322443a9dfad18856d076fbd869a5701cdd28753c783ebdd131cba7722c
SOURCE/PRODUCT/rust/vendor/tokio-1.53.1/src/runtime/time/wheel/level.rs	6201	1e0a61f565aac3707c08a37475bc09744e72bc66c09f7e96b419b9415c752465
SOURCE/PRODUCT/rust/vendor/tokio-1.53.1/src/runtime/time/wheel/mod.rs	10695	79a5c8e6153da2e342efe003d234ad49f2ae6177749c6565834eb6cc86896a8d
SOURCE/PRODUCT/rust/vendor/tokio-1.53.1/src/runtime/time_alt/cancellation_queue.rs	1995	36db249518a71e37ae97c219518f06c119e5c26882b887af43ff1779b635c996
SOURCE/PRODUCT/rust/vendor/tokio-1.53.1/src/runtime/time_alt/cancellation_queue/tests.rs	2192	5a2825a7372af8a072338f23560f09fff71e03677698302cfd5767dbc621d370
SOURCE/PRODUCT/rust/vendor/tokio-1.53.1/src/runtime/time_alt/context.rs	1286	0c3de0d605f87a494b7f32ec6ab19e8543ba605eadd812f29dc9f8e53feb4bb6
SOURCE/PRODUCT/rust/vendor/tokio-1.53.1/src/runtime/time_alt/entry.rs	8941	d57014da2f0639c1489c4defdab741a93971d30af502f274361ff8392d4d4ffe
SOURCE/PRODUCT/rust/vendor/tokio-1.53.1/src/runtime/time_alt/mod.rs	500	3fd82174c8cbd7a36f189e332fd9ed0b239bd826ac863480f2c90108eb15f42e
SOURCE/PRODUCT/rust/vendor/tokio-1.53.1/src/runtime/time_alt/registration_queue.rs	1014	eb24c16d7cc551b6dcdb61730aa148b0d7011252b9af10133bac45ba92efcaee
SOURCE/PRODUCT/rust/vendor/tokio-1.53.1/src/runtime/time_alt/registration_queue/tests.rs	1041	3c3b54184b8adcecb8ad12b05a968d239dfcd4f3cbca9f20db7dced299aed284
SOURCE/PRODUCT/rust/vendor/tokio-1.53.1/src/runtime/time_alt/tests.rs	8072	d043b9e61dd24e69fe956ee9fc7c7b71856a4ddf6f8b9d05cb56c791e243f538
SOURCE/PRODUCT/rust/vendor/tokio-1.53.1/src/runtime/time_alt/timer.rs	4302	7f433e7a296d2050428cad8944eaa4b5f41355897aa55e8c0f8492c6c6220e39
SOURCE/PRODUCT/rust/vendor/tokio-1.53.1/src/runtime/time_alt/wake_queue.rs	1111	1afd325f263998236ca0ef51ceaf2d5855933fa1a3648e00474e4856ab97c416
SOURCE/PRODUCT/rust/vendor/tokio-1.53.1/src/runtime/time_alt/wake_queue/tests.rs	1587	15e0fce45f9f42b06411b68f87a7e89b6582542efada9e0d11a2ba62c6aa1e7a
SOURCE/PRODUCT/rust/vendor/tokio-1.53.1/src/runtime/time_alt/wheel/level.rs	6221	12e667d1d146330e3dde47f4f97993121aeee344842364051f4790944bb138ca
SOURCE/PRODUCT/rust/vendor/tokio-1.53.1/src/runtime/time_alt/wheel/mod.rs	8667	b612bd1271bc91a70745ce920047d1a5c75871e29011b3d67fb9e70eee86b16b
SOURCE/PRODUCT/rust/vendor/tokio-1.53.1/src/signal/ctrl_c.rs	2084	9b2a47659fe106805036a664310040c07d98c061d7104270d9a641025cc875f0
SOURCE/PRODUCT/rust/vendor/tokio-1.53.1/src/signal/mod.rs	2155	d9b06610c6c779d2f5179e1a98ea02561eb25a0477e5f7c2b7502d7599069c0a
SOURCE/PRODUCT/rust/vendor/tokio-1.53.1/src/signal/registry.rs	7492	4daadcf4cd222e3569fd9211637becf61c2a160cb1b214df1d65af5de5b01a3d
SOURCE/PRODUCT/rust/vendor/tokio-1.53.1/src/signal/reusable_box.rs	7239	657b56bc80f00c0e51a8980fba1df22d58d2ca235db8f4035d78d0448bdc4672
SOURCE/PRODUCT/rust/vendor/tokio-1.53.1/src/signal/unix.rs	17892	ffe31869c89ba038896b9e4a39af7f6c6f79687f64c897637f47356a123a4257
SOURCE/PRODUCT/rust/vendor/tokio-1.53.1/src/signal/windows.rs	16760	77031553a49181d508e1cbb9b4b6452d0ba02a39ef1468ce2d758e22ff85dbd8
SOURCE/PRODUCT/rust/vendor/tokio-1.53.1/src/signal/windows/stub.rs	513	a6d3b11aa3a7247f7a8365c3241857bcde48d8c390d569e6bc9529c9b1f8ecd1
SOURCE/PRODUCT/rust/vendor/tokio-1.53.1/src/signal/windows/sys.rs	8015	d71fc47b7c2cb4e0895dcb300947533bb936372dc1c2e575ccded842709d691f
SOURCE/PRODUCT/rust/vendor/tokio-1.53.1/src/sync/barrier.rs	7267	a355e871afa6143c12d3f93fc38323cf00942936d7fe0ddad3a24faa830c1d0e
SOURCE/PRODUCT/rust/vendor/tokio-1.53.1/src/sync/batch_semaphore.rs	27312	6f761f4467676c29ec157894bec559a3d0ba3a4391ce2334c90ff59c30913d11
SOURCE/PRODUCT/rust/vendor/tokio-1.53.1/src/sync/broadcast.rs	59089	ce4389b49f8b35eed1cad9b4d5ef2a10ff13baf5eb935588d552b01681eba2aa
SOURCE/PRODUCT/rust/vendor/tokio-1.53.1/src/sync/mod.rs	17535	0560ed6df8f7b53685ee18a31f7e21559d18b08ca6132a0d4710af01f88f38b4
SOURCE/PRODUCT/rust/vendor/tokio-1.53.1/src/sync/mpsc/block.rs	15812	527b3d9e8b762898029e70d52d3d72b28f3851ed273a585b34729847e102f584
SOURCE/PRODUCT/rust/vendor/tokio-1.53.1/src/sync/mpsc/bounded.rs	67031	34957f69bed085770fed49f9c57c78d2f6739ac39b9ba6186c2134038ca97d79
SOURCE/PRODUCT/rust/vendor/tokio-1.53.1/src/sync/mpsc/chan.rs	19222	3b6cc36df5ee39061bab6bc696ec01202988289c1f405d8a1390663e6dd02fcf
SOURCE/PRODUCT/rust/vendor/tokio-1.53.1/src/sync/mpsc/error.rs	4817	6f050e72bed278c454585e3a7e428be94d60e0e0ecc0b87fca3b372bc5a52128
SOURCE/PRODUCT/rust/vendor/tokio-1.53.1/src/sync/mpsc/list.rs	16114	3b587ddaf224eb6876ce6312bf856f5f22a487138b5e1464b8d57930fec4fde0
SOURCE/PRODUCT/rust/vendor/tokio-1.53.1/src/sync/mpsc/mod.rs	6889	455441acb6e0fadf2ba5599d8459bd5eabe823aae8a84782cc0056fb1053f5dc
SOURCE/PRODUCT/rust/vendor/tokio-1.53.1/src/sync/mpsc/unbounded.rs	24552	dda6a292c5b591084ca66a317db9803eda9aae1ec3b978a8a6f404db6223c6a7
SOURCE/PRODUCT/rust/vendor/tokio-1.53.1/src/sync/mutex.rs	46340	f5ca224054d774db86f735e5400fde606aa6acb6e84a711598678082f562af85
SOURCE/PRODUCT/rust/vendor/tokio-1.53.1/src/sync/notify.rs	50196	58995a30236252e2825f0311a08959635e8044ffe2796c0a59562dffbe008638
SOURCE/PRODUCT/rust/vendor/tokio-1.53.1/src/sync/once_cell.rs	17859	cbf11ab03d2d5752cc4fcd96c1bfe279b377d06b329654a8d384cc0fb38fe41a
SOURCE/PRODUCT/rust/vendor/tokio-1.53.1/src/sync/oneshot.rs	50017	0068b57b942098cfc23ed2b7b68f7727acf3a0642fb311d6103f1d2790aeffd1
SOURCE/PRODUCT/rust/vendor/tokio-1.53.1/src/sync/rwlock.rs	38178	79b6b62b2f1f7735f6d250b88c66fb9bc471cd3d25f370c296558c371d20c098
SOURCE/PRODUCT/rust/vendor/tokio-1.53.1/src/sync/rwlock/owned_read_guard.rs	6400	f6678f20bef3c1e4602f6ea1ae939235aa502471bfb55161f8f1b353d8b2c3e6
SOURCE/PRODUCT/rust/vendor/tokio-1.53.1/src/sync/rwlock/owned_write_guard.rs	14978	c972e47c18db00b0787bd082c4ece90d35cbc853730722f5a895a5d493a6e300
SOURCE/PRODUCT/rust/vendor/tokio-1.53.1/src/sync/rwlock/owned_write_guard_mapped.rs	7263	d48e8d258c8560fde2f8e5269b2c88b81c8652f8182f3c5cd1c584b7ee078b46
SOURCE/PRODUCT/rust/vendor/tokio-1.53.1/src/sync/rwlock/read_guard.rs	5957	ef65da1df5042f809d391b595b59bcb32b0105a90b17b30d912ef0c4713c585e
SOURCE/PRODUCT/rust/vendor/tokio-1.53.1/src/sync/rwlock/write_guard.rs	15722	adce3b45dc7b2a985cb974abbec3a9cfd2adfd0bad9b3bcd7b88c447215da55e
SOURCE/PRODUCT/rust/vendor/tokio-1.53.1/src/sync/rwlock/write_guard_mapped.rs	6950	6a227b97f8344a1c85a6b0d1e0f31c0a00e9d355df83e5fd4f2a28f8dbbef67e
SOURCE/PRODUCT/rust/vendor/tokio-1.53.1/src/sync/semaphore.rs	42209	8d4693d43e9286249de2bcd70a263ae3a2b9a39b7a1fe5bc295c901c58068f21
SOURCE/PRODUCT/rust/vendor/tokio-1.53.1/src/sync/set_once.rs	12221	76306f779d76f629e141ecbcafc051e2179e2660fa016a0e34de86f4ba7f60f3
SOURCE/PRODUCT/rust/vendor/tokio-1.53.1/src/sync/task/atomic_waker.rs	15713	e859b923919f6c111f98c62090503887c1d104a0a0223074130811694de33358
SOURCE/PRODUCT/rust/vendor/tokio-1.53.1/src/sync/task/mod.rs	113	f5e38105c7f8a942c0e49b973bad0a8c2a1df81deea19f3c5228edc4896c1725
SOURCE/PRODUCT/rust/vendor/tokio-1.53.1/src/sync/tests/atomic_waker.rs	3114	f082e2937ae54cad6c8cff8540f913b94d30ac8f73194b5770b2aeac1111484c
SOURCE/PRODUCT/rust/vendor/tokio-1.53.1/src/sync/tests/loom_atomic_waker.rs	2701	cc34dad700ed3ab3fba8719a24f62d16d8efaf9ee20029ecb4c9e14539d5ac31
SOURCE/PRODUCT/rust/vendor/tokio-1.53.1/src/sync/tests/loom_broadcast.rs	5391	b2c6f138707fc389ee7d91109bc38093af9060b3465e68d3543cb652e0070406
SOURCE/PRODUCT/rust/vendor/tokio-1.53.1/src/sync/tests/loom_list.rs	1064	54321d0a1a21e65ddd7e958b751480bb35b93d9d4ca11a218043e684e0d6bfff
SOURCE/PRODUCT/rust/vendor/tokio-1.53.1/src/sync/tests/loom_mpsc.rs	5760	1614bd0073715c5343327b90a857fdbdb4623c41c58dd6e939ec83e045544e8a
SOURCE/PRODUCT/rust/vendor/tokio-1.53.1/src/sync/tests/loom_notify.rs	9771	907f71bd1674e5752d0e7a46588f36b3fce8b604e35fc1b36e571f6d9505a702
SOURCE/PRODUCT/rust/vendor/tokio-1.53.1/src/sync/tests/loom_oneshot.rs	4940	923edb62abc94ee648a029d2816beb437ec11ae636b92bf59edd605a7fd9ce7c
SOURCE/PRODUCT/rust/vendor/tokio-1.53.1/src/sync/tests/loom_rwlock.rs	2961	80ec00bdcac838806d4d9f711cb154e02f22913ba68711855c39ca92028d3e4e
SOURCE/PRODUCT/rust/vendor/tokio-1.53.1/src/sync/tests/loom_semaphore_batch.rs	6266	a43ef7fe3dc672dca6e1075159998429364fa88d2f1cda0d87873c249fdb015c
SOURCE/PRODUCT/rust/vendor/tokio-1.53.1/src/sync/tests/loom_set_once.rs	1560	149f3d579fbf35f0379550d3fcc73202cb777169372527ceeb72301f466aeb58
SOURCE/PRODUCT/rust/vendor/tokio-1.53.1/src/sync/tests/loom_watch.rs	2542	c5cdba8a19b25e99ed09f73b24c14e032e5ea2d441e2b4158353fd177dd21713
SOURCE/PRODUCT/rust/vendor/tokio-1.53.1/src/sync/tests/mod.rs	322	7f71b4ab0ff8df303039c7ba4c5e7df5f0898db9721b6fe98b683d77cbeba9f3
SOURCE/PRODUCT/rust/vendor/tokio-1.53.1/src/sync/tests/notify.rs	3114	0993cdee40f042f35b8bdc3af0905ad9673824a3512590375aa0e3a0b0dc2f1b
SOURCE/PRODUCT/rust/vendor/tokio-1.53.1/src/sync/tests/semaphore_batch.rs	7604	0353ff4fedf668c2acc85c59d6c391fe436520970529af04543558e7391478ce
SOURCE/PRODUCT/rust/vendor/tokio-1.53.1/src/sync/watch.rs	53154	301e9219793f97b513784501c00bc357e3e110f5d73f03742f5169cdb71d7a72
SOURCE/PRODUCT/rust/vendor/tokio-1.53.1/src/task/blocking.rs	10022	22a0cffd06dd0accdeb4f332c9636205a51214ab45d27444d623639eea4ae54b
SOURCE/PRODUCT/rust/vendor/tokio-1.53.1/src/task/builder.rs	7582	4a116b0a3264c97238ac82640d2d19b133eac11c0126b5f05df0059bc1a890ea
SOURCE/PRODUCT/rust/vendor/tokio-1.53.1/src/task/coop/consume_budget.rs	1272	9b7832023027d06829b2cd2db2b7cc3906914241dfa45cfc86e25d9d0f073fb0
SOURCE/PRODUCT/rust/vendor/tokio-1.53.1/src/task/coop/mod.rs	19792	e6efc19435559c8621d30aab8e37e0ad652857f8eefc170f73bf8dac653729de
SOURCE/PRODUCT/rust/vendor/tokio-1.53.1/src/task/coop/unconstrained.rs	1329	f7bc110cea713696766d9bc92571daabd969655f7f97b0fa5f282072b90fc5d4
SOURCE/PRODUCT/rust/vendor/tokio-1.53.1/src/task/join_set.rs	28662	421b2f5af3e877a85fdd8920688f10e05e62cd75d2149c7db997277ffbf3074e
SOURCE/PRODUCT/rust/vendor/tokio-1.53.1/src/task/local.rs	47066	20781947af1c4a17acaa1b786fa7c2cbe0506cb93cc6e65a8efbfa487232ab39
SOURCE/PRODUCT/rust/vendor/tokio-1.53.1/src/task/mod.rs	12139	71d1070436864569aa82e4f1908817690442b06e3852819d1291a78207a017b5
SOURCE/PRODUCT/rust/vendor/tokio-1.53.1/src/task/spawn.rs	6970	9d5af1dc5c00baab64c4bc9d6e0a50ecb144e7100c618dde0d75270f615ffa3f
SOURCE/PRODUCT/rust/vendor/tokio-1.53.1/src/task/task_local.rs	14177	72be75ead1802bc3f51d9703f807babe2534fea0944416a6472bc5a00c6eab03
SOURCE/PRODUCT/rust/vendor/tokio-1.53.1/src/task/yield_now.rs	2529	45a48424b909c2ec7201b985e45fb8e8b678ad59d1813576fa8f28e5e186535c
SOURCE/PRODUCT/rust/vendor/tokio-1.53.1/src/time/clock.rs	13287	a4769f71bbf20a0df3ad52f477f3118643ea0946148839f2010a6375336d5295
SOURCE/PRODUCT/rust/vendor/tokio-1.53.1/src/time/error.rs	3550	48dee729b01f8fe1eeea99b516ce99b76733c01e49e788b3764ab478acef1837
SOURCE/PRODUCT/rust/vendor/tokio-1.53.1/src/time/instant.rs	6884	c2b05d621f09ce60d107486c1d7265eb47b7cf1fbf428f1203c63435e7782df9
SOURCE/PRODUCT/rust/vendor/tokio-1.53.1/src/time/interval.rs	22801	2a3dbc885ebe02cf3368ef6ff76382380553f3b130cbe8dac1eeb663108fc1d3
SOURCE/PRODUCT/rust/vendor/tokio-1.53.1/src/time/mod.rs	3020	0f93f13ac0d295fe8229310d19f6a77dc0cf0c4ce507e1a9dd24aa8ace5db8f5
SOURCE/PRODUCT/rust/vendor/tokio-1.53.1/src/time/sleep.rs	15824	e957d37e9976e91c7eec32a9395d62494496b45aa1dcfec4b653054a944f0e3a
SOURCE/PRODUCT/rust/vendor/tokio-1.53.1/src/time/timeout.rs	8026	5b1b20cb77de63fb5071b696ac644706a9749e0aeb6dbea57220834cba6dc953
SOURCE/PRODUCT/rust/vendor/tokio-1.53.1/src/util/as_ref.rs	1041	b11a13f8abb32dcbfa684a5ae4ec627283e9a812d28d81c2013082ae04abf7d1
SOURCE/PRODUCT/rust/vendor/tokio-1.53.1/src/util/atomic_cell.rs	1146	b1a2a0b1c0f891cd1064ac19004a2c20e5a5b2693dce3d84af7304796d049ecb
SOURCE/PRODUCT/rust/vendor/tokio-1.53.1/src/util/bit.rs	1709	ce68628eeb395fd340e5d34f726b92f8a4686a96e9264c47809f805e8c8546f7
SOURCE/PRODUCT/rust/vendor/tokio-1.53.1/src/util/blocking_check.rs	866	297f32a784088ba6f71507d5c6fa7bf5fbdc868e40d5412faa7968f990550b77
SOURCE/PRODUCT/rust/vendor/tokio-1.53.1/src/util/cacheline.rs	3201	204079442ea5db45488f327a48a3ef13a93702c8f77640511e5ed4398dca4390
SOURCE/PRODUCT/rust/vendor/tokio-1.53.1/src/util/error.rs	866	de1a0d662e9359da3e19739125b1450f571abadf30e34f50f085b23d8da28d80
SOURCE/PRODUCT/rust/vendor/tokio-1.53.1/src/util/idle_notified_set.rs	17749	936bef613a81b8c74b49099ab2a1bac8fcb365af3b64c291279be6c4c115bb03
SOURCE/PRODUCT/rust/vendor/tokio-1.53.1/src/util/linked_list.rs	24488	000a612d74243ccf32d7e3d0563fa8b450e8cbb7261af156027ae7556b715983
SOURCE/PRODUCT/rust/vendor/tokio-1.53.1/src/util/markers.rs	248	4f20e670ca3e9e77ee191b761e5d13c1225864af908e74961b669aff5aedfde7
SOURCE/PRODUCT/rust/vendor/tokio-1.53.1/src/util/memchr.rs	3665	c9d7b9f5b9d03845b46ce13cad1f7e8986fa719d1cbd0caaf9935b2c0b2dfec7
SOURCE/PRODUCT/rust/vendor/tokio-1.53.1/src/util/metric_atomics.rs	2438	c123d1317a65138d310874a259afa40ecbd48d7e97c72ad9c199e13329bced53
SOURCE/PRODUCT/rust/vendor/tokio-1.53.1/src/util/mod.rs	2329	8b43ea7bfc27c099c705db8f7774a84d7863cfe6e5be13470b971bb3d3bcc0a2
SOURCE/PRODUCT/rust/vendor/tokio-1.53.1/src/util/ptr_expose.rs	2159	fd3d3da353d26b325fac15c496ea7dadc02db4ffbe6d78e33cbcf14c563bcc86
SOURCE/PRODUCT/rust/vendor/tokio-1.53.1/src/util/rand.rs	2810	ff873b6799e4ce6aee1e18d1711c707d88d13d0653c13e907873a07439c36ca6
SOURCE/PRODUCT/rust/vendor/tokio-1.53.1/src/util/rand/rt.rs	1989	9790a2b6d822edbffde723f38b75ded408dba6954d711f285bd17924322b246b
SOURCE/PRODUCT/rust/vendor/tokio-1.53.1/src/util/rand/rt_unstable.rs	492	bdb69915fe12a9e0b8f2ab4d72466663b7a3e87e671343a0a623028690f4e452
SOURCE/PRODUCT/rust/vendor/tokio-1.53.1/src/util/rc_cell.rs	1906	71881fff8e914d941e68ed5c9a384c89c417737e35a13cc597be1ce917cc3b12
SOURCE/PRODUCT/rust/vendor/tokio-1.53.1/src/util/sharded_list.rs	5178	05058754c2e494c910d4e452952e0ab771e39ff408cfa4442cd15b1477e40b28
SOURCE/PRODUCT/rust/vendor/tokio-1.53.1/src/util/sync_wrapper.rs	1135	9ef0d9e79ee3d5dd32360cf27ffae2d9382fe735b118c1e005ce4f5fff0f5aa5
SOURCE/PRODUCT/rust/vendor/tokio-1.53.1/src/util/trace.rs	7258	cfc48b92d3f9e8e314063b19a1cefee335cef9f2b353c1d597276b19b44d4e66
SOURCE/PRODUCT/rust/vendor/tokio-1.53.1/src/util/try_lock.rs	1689	c4ee49e1751ee0a7df1a8cbd4f8d36ea1d7355e3ac584fdb8697a94cd7a7a8f8
SOURCE/PRODUCT/rust/vendor/tokio-1.53.1/src/util/typeid.rs	1245	4ffc2b23e1b77f736c58cdc645aada0d336747d2370cb3ece17a449514d94320
SOURCE/PRODUCT/rust/vendor/tokio-1.53.1/src/util/wake.rs	2273	cd20093a80571075c8087b8d9096c2506ff9fc5da0d135cd1988a7b171c38eae
SOURCE/PRODUCT/rust/vendor/tokio-1.53.1/src/util/wake_list.rs	2640	bba6898b54d874170c0ccb2b3f918398f42de3bb117d8903742afeb9201ccb46
SOURCE/PRODUCT/rust/vendor/tokio-1.53.1/tests/_require_full.rs	432	1f58c8125018bd88b9f21647cee3d957b716bcce70f9144af1de58ee6712908f
SOURCE/PRODUCT/rust/vendor/tokio-1.53.1/tests/async_send_sync.rs	44706	b7ba1ef28da9363b3950cb45b539d15b70727e7a939d043cd00078359f4959bc
SOURCE/PRODUCT/rust/vendor/tokio-1.53.1/tests/buffered.rs	1409	67d457bebbe39a7b166a6d535a7337e05cf2e5a3fa67be820beb2b0413d88e32
SOURCE/PRODUCT/rust/vendor/tokio-1.53.1/tests/coop_budget.rs	3070	941352b3456e7f76479af423739044995cbe8a5c253c114038959a7be45d962c
SOURCE/PRODUCT/rust/vendor/tokio-1.53.1/tests/dump.rs	4897	da6f579a3d1d051a496187b133f81422e5b835b18cbdf34c8c329abde8ad1663
SOURCE/PRODUCT/rust/vendor/tokio-1.53.1/tests/duplex_stream.rs	1249	680a6052e9a7ab6c0684f17f922243c24691dfe9e83dd099217d439b61d50838
SOURCE/PRODUCT/rust/vendor/tokio-1.53.1/tests/fs.rs	899	fec30361d1e3fa7f33fe1800e382ac06fce7314b8646506e36a2743ea0f539e2
SOURCE/PRODUCT/rust/vendor/tokio-1.53.1/tests/fs_canonicalize_dir.rs	620	f08d79322e814eeb09fc6548d1a7daf301322a5397b3283360daa31470e90e16
SOURCE/PRODUCT/rust/vendor/tokio-1.53.1/tests/fs_copy.rs	1269	9bbf6f89b0a7aac720ce8dee33fcda783588c89e36cb03c0c9d0884fc761e51c
SOURCE/PRODUCT/rust/vendor/tokio-1.53.1/tests/fs_dir.rs	3254	4f29f2979a869ed12498cd9c5a2869b02d94ccea8c1a845cf9587d6c7bd0476d
SOURCE/PRODUCT/rust/vendor/tokio-1.53.1/tests/fs_file.rs	7260	9f2172b9918e1ab409eca728a895138c50d26041d4feedbf11f115eda33ea2f8
SOURCE/PRODUCT/rust/vendor/tokio-1.53.1/tests/fs_link.rs	3323	5c5d804b470dd826f0b198c4d30fe3763305c67fec2828c0c6ad4e1529718b25
SOURCE/PRODUCT/rust/vendor/tokio-1.53.1/tests/fs_open_options.rs	2603	180e861ebd78a7ce7ebffe4a708138eda3bc427f0eaade2fbf5c36f2655d766d
SOURCE/PRODUCT/rust/vendor/tokio-1.53.1/tests/fs_open_options_windows.rs	1490	eae02a644078164bab7bd1c1a5a2ebc85f90adb110c955eb4bf01a34e9321aac
SOURCE/PRODUCT/rust/vendor/tokio-1.53.1/tests/fs_remove_dir_all.rs	935	463ada6fbd6455070eec5d84684d76dbe9a245c82698b6e2264674ea0343cc5e
SOURCE/PRODUCT/rust/vendor/tokio-1.53.1/tests/fs_remove_file.rs	660	614e41551c81276b7f700ac3b6a31bdc426772c881033d822cfc3759a3468a93
SOURCE/PRODUCT/rust/vendor/tokio-1.53.1/tests/fs_rename.rs	796	c5397d389b2aefef31e2f4bc5f7e4b4a2c9c1e3109945de9f93dffc98bf0ae00
SOURCE/PRODUCT/rust/vendor/tokio-1.53.1/tests/fs_symlink_dir_windows.rs	817	42c22a00b01b5eca68936073a188a591612047208441ff3eb8ca02f0b1e12ddc
SOURCE/PRODUCT/rust/vendor/tokio-1.53.1/tests/fs_symlink_file_windows.rs	682	02ba203872a6ddd20c8e65471d77d544d85d6dfb4fd572b3f7782d73be01aafe
SOURCE/PRODUCT/rust/vendor/tokio-1.53.1/tests/fs_try_exists.rs	1714	edef7a79a2c1728df10637994da8ec4d202283b8defc48177183c408871777ef
SOURCE/PRODUCT/rust/vendor/tokio-1.53.1/tests/fs_uring.rs	3975	9f86ae83224127deb0016031855bf709f9a8a2d5e8a7a0aafef12384a185f0dc
SOURCE/PRODUCT/rust/vendor/tokio-1.53.1/tests/fs_uring_cancel_open.rs	1837	11e01b75f58d9e7dac679f34fd49328004420776573376996616921beea9093e
SOURCE/PRODUCT/rust/vendor/tokio-1.53.1/tests/fs_uring_completed_then_dropped_before_repoll.rs	4051	3c544a46bb1e6500432baceb38f1476ba417bb6b0bb9a16fa41c8ae7c015b3be
SOURCE/PRODUCT/rust/vendor/tokio-1.53.1/tests/fs_uring_file_read.rs	13846	7bd4c880372b48a3d977bc9c62c51ba83e5e4a54655c0f099fc6401596df10e8
SOURCE/PRODUCT/rust/vendor/tokio-1.53.1/tests/fs_uring_read.rs	5034	b5722abb739490bb993ea3f9f0c86934fcd7b41afbf0e5d3191a456bd34b43e1
SOURCE/PRODUCT/rust/vendor/tokio-1.53.1/tests/fs_uring_rename.rs	6796	d95fce244ea3317c31d8ec0fec71f6587e391ca79dd3991d227539eb60814f98
SOURCE/PRODUCT/rust/vendor/tokio-1.53.1/tests/fs_uring_runtime_shutdown.rs	2866	db0b4fb4e580d9d189f1f1112894a911825a5e9107095831ae5bed3a48408466
SOURCE/PRODUCT/rust/vendor/tokio-1.53.1/tests/fs_uring_statx.rs	8189	ab8e43d34412bade878c6161ffbf0735d6625344426eb32ac2ad2beb7e9b6ec1
SOURCE/PRODUCT/rust/vendor/tokio-1.53.1/tests/fs_uring_statx_fd_leak_test.rs	4714	a654ed90b6b095f49121a5d88110af089e283a2cee29ed3969d8771eb6bcde52
SOURCE/PRODUCT/rust/vendor/tokio-1.53.1/tests/fs_write.rs	440	f9b1779f22ad772cbbc213806f14bc1a8e936cbeceef6d55d4b5b9e1efb5e953
SOURCE/PRODUCT/rust/vendor/tokio-1.53.1/tests/io_async_fd.rs	25974	329603dcbed4cbde5fdff8f9aa4d509c32828be2e3753bfdf0c75ba76432f91b
SOURCE/PRODUCT/rust/vendor/tokio-1.53.1/tests/io_async_fd_memory_leak.rs	6012	d8d0d8362b63c9111a7015dcfd11f02dfeb919e5892fe84431dfcc067cdd1ead
SOURCE/PRODUCT/rust/vendor/tokio-1.53.1/tests/io_async_read.rs	174	a590efe9bb01986f067118640a3b55f6760186e554f8e8f2404231d4e96f61b9
SOURCE/PRODUCT/rust/vendor/tokio-1.53.1/tests/io_buf_reader.rs	12063	f5a322dea6fe9f40c18a085a865919c1bbfe8653203b37d1e18b77d259c6211d
SOURCE/PRODUCT/rust/vendor/tokio-1.53.1/tests/io_buf_writer.rs	16198	3bdabe9ac26f3189929ab3e8957150f5262d5b426fd3cb6c4761a45014b1c1fa
SOURCE/PRODUCT/rust/vendor/tokio-1.53.1/tests/io_chain.rs	688	ab7cd1d6bb3704fcf1e26d95863caf01b26319df48435dfec18b0e8cd0649877
SOURCE/PRODUCT/rust/vendor/tokio-1.53.1/tests/io_copy.rs	2603	eb0108f18eb01ee323788e583484e0c0b9153aa03cdabc74df21056cd25fb853
SOURCE/PRODUCT/rust/vendor/tokio-1.53.1/tests/io_copy_bidirectional.rs	4670	334201f5e0e55260a02d822a6c0b27a16d40e603706dcb53dab8ee9f4feb3578
SOURCE/PRODUCT/rust/vendor/tokio-1.53.1/tests/io_driver.rs	2893	c0f35318e60212525cb2c620211f101c483ea514edd1db06df0f3b58a1fa7ed7
SOURCE/PRODUCT/rust/vendor/tokio-1.53.1/tests/io_driver_drop.rs	1299	e45a6c5919944330fa86d8b51dd4baba037867b5bfd52ed4a0d6a213e81c0a98
SOURCE/PRODUCT/rust/vendor/tokio-1.53.1/tests/io_fill_buf.rs	859	930ce8ab5562c2013f4a75cdf717e41a7f8f3cbad6bae7bde68f0cfa3f2fd80a
SOURCE/PRODUCT/rust/vendor/tokio-1.53.1/tests/io_join.rs	1836	2ad74bbac647582382e0b8dd01e711ccd3565992e29c1cd36f7625e7a5916670
SOURCE/PRODUCT/rust/vendor/tokio-1.53.1/tests/io_lines.rs	533	f5b1599ffff44819e269519ff0a08635ea1c5d7c541293e63ee33d98f25f0e3b
SOURCE/PRODUCT/rust/vendor/tokio-1.53.1/tests/io_mem_stream.rs	2851	7b20d86c02c8a868cfa3aa4d228519090d156fdd9a8a19a3be263f264fc9d33c
SOURCE/PRODUCT/rust/vendor/tokio-1.53.1/tests/io_panic.rs	5644	80222a47b45c71a4d56305a40139e936e997e223241c94fcd45cf9d34ca96cf1
SOURCE/PRODUCT/rust/vendor/tokio-1.53.1/tests/io_poll_aio.rs	11594	364cc39655657741f04589d832da33a3446b15f3c82e09cbd84d5c9909bcf1e9
SOURCE/PRODUCT/rust/vendor/tokio-1.53.1/tests/io_read.rs	1720	c0ed5738a4b2d9623b2e0a67cab0fb19bc50015f62ced524b5d9069c57e10f05
SOURCE/PRODUCT/rust/vendor/tokio-1.53.1/tests/io_read_buf.rs	2526	6dc454751af0e9cccb44fdfb12b9f0311fa8afa482886aa56e3e15d49ae1e06c
SOURCE/PRODUCT/rust/vendor/tokio-1.53.1/tests/io_read_exact.rs	352	b6387dbeb0baceb7a1f74a9a3a8b4a654894465368be27c3bbf4352b79fc4314
SOURCE/PRODUCT/rust/vendor/tokio-1.53.1/tests/io_read_line.rs	3164	8296624b4f5e162c79024f3beab2f561f4195a244cfd4c53e4d06282f56a31bf
SOURCE/PRODUCT/rust/vendor/tokio-1.53.1/tests/io_read_to_end.rs	3597	25930c25798e432b959b29e5331ce8e53ac4783c8d3106f0957fa46f37458691
SOURCE/PRODUCT/rust/vendor/tokio-1.53.1/tests/io_read_to_string.rs	1620	4932431f3a1a0a2e395b544dc9407e5ffc3b02aa60e869c06ee77bba64447953
SOURCE/PRODUCT/rust/vendor/tokio-1.53.1/tests/io_read_until.rs	2101	b6c0df9e4852766910ec68affcd92fbfbc280018b7f9c16cf5f4830f9b8389f0
SOURCE/PRODUCT/rust/vendor/tokio-1.53.1/tests/io_repeat.rs	439	ba531deaf9b3ef3c275c9af03add4b1f33a62837b6cd942cde470e03cf31ff5a
SOURCE/PRODUCT/rust/vendor/tokio-1.53.1/tests/io_sink.rs	967	98d78179d21101c365f15f19fc0690651712438b0997c63eb932b94dd6200eae
SOURCE/PRODUCT/rust/vendor/tokio-1.53.1/tests/io_split.rs	2506	20f877649da2c5af44d65ddd8bf14612f8a4ab0168065d3e31d3813a2a273a8c
SOURCE/PRODUCT/rust/vendor/tokio-1.53.1/tests/io_take.rs	1685	106f8608742328256ce477ea6b42e4a51f06c9025663641f70df96d01a59b899
SOURCE/PRODUCT/rust/vendor/tokio-1.53.1/tests/io_util_empty.rs	1823	1a3402637b3960f6556d0eae8cfa4a2fc31c971a3bfc521b2a9c544b58e98535
SOURCE/PRODUCT/rust/vendor/tokio-1.53.1/tests/io_write.rs	1342	98668a8c8feae0f85714df1dfecfcd94fba4ba347bdc3d8aaa4ea8b175055c69
SOURCE/PRODUCT/rust/vendor/tokio-1.53.1/tests/io_write_all.rs	1184	e171af1ecab45a439b384c3bae7198959c3f5e2e998967dbd9296760b52951b7
SOURCE/PRODUCT/rust/vendor/tokio-1.53.1/tests/io_write_all_buf.rs	3948	4d55a1841ca7a237bb8c6d83f680ea31f30c04422f8af5b995204c1bebb4d938
SOURCE/PRODUCT/rust/vendor/tokio-1.53.1/tests/io_write_buf.rs	2708	81d387fb531579af8818fd76f3a38aeca7bb6d5e6613c52def4aca3867c64254
SOURCE/PRODUCT/rust/vendor/tokio-1.53.1/tests/io_write_int.rs	942	3f4b50345f7d7d558e71ac7f2a8c1c4b7b771dad09fe2e1fbf9a17d4fb93c001
SOURCE/PRODUCT/rust/vendor/tokio-1.53.1/tests/join_handle_panic.rs	621	3cfa1437f51802ebeea8ac9bf2f5793d3e6bf2057d1878611af02ef2f236cc12
SOURCE/PRODUCT/rust/vendor/tokio-1.53.1/tests/macros_join.rs	6806	20e20ad10dcef059c26eecf74d2ba9bbddbf568a27c586730283f011dbb2681c
SOURCE/PRODUCT/rust/vendor/tokio-1.53.1/tests/macros_pin.rs	454	f8fe8ade470196dc09b061b0cdd71ef25e114a201d5eb500e0f8232b436012cb
SOURCE/PRODUCT/rust/vendor/tokio-1.53.1/tests/macros_rename_test.rs	672	94715e8014bc4c67cebe830f3d800c4cb0937bc6245de4b5410e5729bb2c7f9a
SOURCE/PRODUCT/rust/vendor/tokio-1.53.1/tests/macros_select.rs	17748	5eb72ecdbb1fc20a8dd0805c7ec591f36048ebd8f9c08dae8250cdd4b688131c
SOURCE/PRODUCT/rust/vendor/tokio-1.53.1/tests/macros_test.rs	3154	6d9b48d43c304e07c91426d6767efdb3c3a51e6b78c6c13f585d891a9226fd27
SOURCE/PRODUCT/rust/vendor/tokio-1.53.1/tests/macros_try_join.rs	7277	6d7f642f776a9c9b7f76debffd0898803573b3fe3c6ee3d6657a7654fd2685cd
SOURCE/PRODUCT/rust/vendor/tokio-1.53.1/tests/net_bind_resource.rs	476	71d91513a514c5ef203fa1891d216508f0985aa248002b5525695ed804380897
SOURCE/PRODUCT/rust/vendor/tokio-1.53.1/tests/net_lookup_host.rs	1511	7764672e3b00ac3bb149663ae647aace7d014b10ec9a97b62ba9133c013e0f87
SOURCE/PRODUCT/rust/vendor/tokio-1.53.1/tests/net_named_pipe.rs	13127	f7998290a77e4e9b27e3a64165fab2de4edbd5ceb46091178bcbb4a3c873d925
SOURCE/PRODUCT/rust/vendor/tokio-1.53.1/tests/net_panic.rs	5601	a213b6b96c936b82fe22629a35a9c8b224a71a03cd25f8611826e3c550dd7aa8
SOURCE/PRODUCT/rust/vendor/tokio-1.53.1/tests/net_quickack.rs	2216	6f22157edfade9a772e16d79934614f7d6dd381f9213a1dac6a7d40d42af828c
SOURCE/PRODUCT/rust/vendor/tokio-1.53.1/tests/net_unix_pipe.rs	19236	7a381db635ff42f4752f7e949a6c91f4434309cca85b1bad1ff8804c073c8e48
SOURCE/PRODUCT/rust/vendor/tokio-1.53.1/tests/no_rt.rs	1265	0c98a453dcdd99ddca69c3761a73b009524e20250a65c1364047d70fc811e46d
SOURCE/PRODUCT/rust/vendor/tokio-1.53.1/tests/process_arg0.rs	329	9e4c518ccee4b74603ea9ac2219c27739666e54ee14e7a670f7a27aca7255428
SOURCE/PRODUCT/rust/vendor/tokio-1.53.1/tests/process_change_of_runtime.rs	1090	3c3eb0bcb31d5ee685e77ccf0a67d0ce9ded1729d24669bc3d63ec1105c61614
SOURCE/PRODUCT/rust/vendor/tokio-1.53.1/tests/process_issue_2174.rs	1415	1acd35cbeb0c168caa40636696675d45eb8a25aa779fbeb97a580a7843f0dfbb
SOURCE/PRODUCT/rust/vendor/tokio-1.53.1/tests/process_issue_42.rs	1289	1620a38736e7a92ed6850a076a5466599e33dfd84cf991a10127856d15c5067e
SOURCE/PRODUCT/rust/vendor/tokio-1.53.1/tests/process_issue_7144.rs	818	b0ad104b9c41e959f86b1cdf5ccf7f39ca31ff65b5207120a6c5ad6a2458e68b
SOURCE/PRODUCT/rust/vendor/tokio-1.53.1/tests/process_kill_after_wait.rs	612	02bea9a0d5df7c27188c15cb178389d821c55435a203bf8bc2a759ae2dc1f432
SOURCE/PRODUCT/rust/vendor/tokio-1.53.1/tests/process_kill_on_drop.rs	1074	8ee6f60cb885191c64cc3d11039db2dd9d41700ea8c81674aa6222da38bf7962
SOURCE/PRODUCT/rust/vendor/tokio-1.53.1/tests/process_raw_handle.rs	610	9c003770a8bf850de2f7096d35d192a619e262f4198c6a722a69ec51dddebf30
SOURCE/PRODUCT/rust/vendor/tokio-1.53.1/tests/process_smoke.rs	881	4d1c721a515ad94b3773b1bf8b36b669d53bb5de3e91f141b7789da86c444a76
SOURCE/PRODUCT/rust/vendor/tokio-1.53.1/tests/rt_basic.rs	13205	b55ec1fd874e39e07a3d6d5eff76b949bbd78ae6fb0bb5d678da8b24bafad873
SOURCE/PRODUCT/rust/vendor/tokio-1.53.1/tests/rt_common.rs	40607	9836575b175396bfeedf031bcf60c0db2c265aafc9d5c4e629a60fce74bfbb04
SOURCE/PRODUCT/rust/vendor/tokio-1.53.1/tests/rt_common_before_park.rs	4552	097adec56e91029dbeb3c409d9f0204da6cbf25f5ac9c99f06ab8a7bda0b14e8
SOURCE/PRODUCT/rust/vendor/tokio-1.53.1/tests/rt_handle.rs	2700	f006e3e62fe52fe4dc31f7fb63f6245447d8bcf7f24963054ac85d10a2d2415e
SOURCE/PRODUCT/rust/vendor/tokio-1.53.1/tests/rt_handle_block_on.rs	15339	39d2b9cfcbcdc4bf5c503632cf995e37485275c4a0c9a35281149dd5d7db4a63
SOURCE/PRODUCT/rust/vendor/tokio-1.53.1/tests/rt_local.rs	4398	f43f5adb8b01f3ee73dbc6d98785c76894ddb26b7483cc3291f209a9814992b9
SOURCE/PRODUCT/rust/vendor/tokio-1.53.1/tests/rt_metrics.rs	6269	186c65a6f2fb3a0d3980f53ddce9449ba6977f8b19a12fef33785f5edab951f2
SOURCE/PRODUCT/rust/vendor/tokio-1.53.1/tests/rt_panic.rs	2935	3d28d6b77bb7278af43991f544ed20fa2280c50b220f1f213df4d54fd25af8e0
SOURCE/PRODUCT/rust/vendor/tokio-1.53.1/tests/rt_poll_callbacks.rs	4383	f3031ee5b56ea6afafa24d4c062fd81f14f3a564ca4f3ae8a5633aae75c8ff38
SOURCE/PRODUCT/rust/vendor/tokio-1.53.1/tests/rt_shutdown_err.rs	2414	9da8208ce7fd4e7ffbb8c76860cb0051b7504298db62e98f58ede07136520785
SOURCE/PRODUCT/rust/vendor/tokio-1.53.1/tests/rt_spawn_blocking.rs	4303	dd83e004d1b47e1e51f12b94e0a111b7161b3b366772af298775a08b7423d9c9
SOURCE/PRODUCT/rust/vendor/tokio-1.53.1/tests/rt_threaded.rs	24813	81242680e4f8cfbda9e7b8fbca5dcabc702212152d4d12a66c235dd3e15a439f
SOURCE/PRODUCT/rust/vendor/tokio-1.53.1/tests/rt_time_start_paused.rs	357	7f19f066e32815d540175b61791d8dc97718a368ec51ff24605c9e42d7e2b807
SOURCE/PRODUCT/rust/vendor/tokio-1.53.1/tests/rt_unstable_eager_driver_handoff.rs	7003	e2458880dd14be4c3c5b03772609f8a222ab00a4318f5bc6c06bd67c5cf1a0e1
SOURCE/PRODUCT/rust/vendor/tokio-1.53.1/tests/rt_unstable_metrics.rs	25982	2cd8a2628af0bb73b2378f80dc4884b4e4dbca309bd06071e60f34a26a573300
SOURCE/PRODUCT/rust/vendor/tokio-1.53.1/tests/rt_worker_index.rs	2319	fb551a0a2cc206da043fa957b6ef1a16e59c4efb00b229c3cd07da223eb3bfb5
SOURCE/PRODUCT/rust/vendor/tokio-1.53.1/tests/signal_ctrl_c.rs	403	10815d8f7d1bd14b9d384164a4efeb96d0c14dab83c49694f9a1932ca29e1b0f
SOURCE/PRODUCT/rust/vendor/tokio-1.53.1/tests/signal_drop_recv.rs	550	654805a66effecb7d8defb2ee4313860be6a6b7e0b44c5a1dc153577bbbebf3c
SOURCE/PRODUCT/rust/vendor/tokio-1.53.1/tests/signal_drop_rt.rs	1051	5e12a1f58bce7a913d604252ac50135a087f1d29b750b89646c565284bbc1a3d
SOURCE/PRODUCT/rust/vendor/tokio-1.53.1/tests/signal_drop_signal.rs	816	c98d4a98bd021165024b9a7df3f25a6bef1d0dbb3fc2c65d1c410ee76c67c00f
SOURCE/PRODUCT/rust/vendor/tokio-1.53.1/tests/signal_info.rs	857	d86bc121eb85e96497f546be6f85dc6804a852b71e0237998a77f5dd9be2acf7
SOURCE/PRODUCT/rust/vendor/tokio-1.53.1/tests/signal_multi_rt.rs	1510	3362def87b02dcccc1942e7d947350f026db46c3950c52d9dce6ffc795d28bb1
SOURCE/PRODUCT/rust/vendor/tokio-1.53.1/tests/signal_no_rt.rs	353	74b028898bbd23b01e0fa56ef8242c8d5deaf534212bb618ea0367917d743f54
SOURCE/PRODUCT/rust/vendor/tokio-1.53.1/tests/signal_notify_both.rs	548	5c5526f1f2a465d2c19f4f139acadc6081b7fa3ef98f374be6b70f8f824a5081
SOURCE/PRODUCT/rust/vendor/tokio-1.53.1/tests/signal_panic.rs	736	4cc5af05c5b9441a2e22199561d069c14ee668950455c8351e6965748d7bbe12
SOURCE/PRODUCT/rust/vendor/tokio-1.53.1/tests/signal_realtime.rs	3222	6cc057389f40afffb81e8ac0a523278d46f0017c7810d6ae7620a13eaf86af0b
SOURCE/PRODUCT/rust/vendor/tokio-1.53.1/tests/signal_twice.rs	485	9714c7010f83c2c71e2c9f9aa5a87b9b9d69dee10926907805b183307a2bd48f
SOURCE/PRODUCT/rust/vendor/tokio-1.53.1/tests/signal_usr1.rs	480	cf2be06b637adc01dee84c15156de337be724284e2f14d84b823304d0e3e3a92
SOURCE/PRODUCT/rust/vendor/tokio-1.53.1/tests/support/io_uring.rs	2047	63f84631036814c6741020e50428b728ad51d86600f63d6ac0182d2431d5cc1d
SOURCE/PRODUCT/rust/vendor/tokio-1.53.1/tests/support/io_vec.rs	1257	9b3001e120138ead4a63720019c669ff00f8455a74dea2fb231633b3b58c9b09
SOURCE/PRODUCT/rust/vendor/tokio-1.53.1/tests/support/leaked_buffers.rs	822	85ddbce3ff6b0c5cc8cb30449dd37e5bfedc94f8357e741ec88ff04462bc60c3
SOURCE/PRODUCT/rust/vendor/tokio-1.53.1/tests/support/mpsc_stream.rs	1093	00d48122fa2ccbf1fe0b110ce3cf22590eda54b3ddec0134b1f9376eb1169645
SOURCE/PRODUCT/rust/vendor/tokio-1.53.1/tests/support/panic.rs	1071	7bcaf8ea2d249b5c1acb3c1b769cbe479834630dc71b3ce1114b8b46277f44da
SOURCE/PRODUCT/rust/vendor/tokio-1.53.1/tests/support/signal.rs	337	d10a6b08258ab027242088ba9c94c323698f6a907ab7b87eaa3dd31f93f6fbdd
SOURCE/PRODUCT/rust/vendor/tokio-1.53.1/tests/sync_barrier.rs	2218	f166e526d12f840de404ef58a375e475dc7434292b2f23d557214749d0e6c372
SOURCE/PRODUCT/rust/vendor/tokio-1.53.1/tests/sync_broadcast.rs	23779	5602a8936e0037ded38f3cc27c07ba601c08b5c1dbd604c2b9a1510b66bc794a
SOURCE/PRODUCT/rust/vendor/tokio-1.53.1/tests/sync_broadcast_weak.rs	4657	9efbe3872eecc2deb742ffcf6677a9c9cc5029e662950d4a63cd77286817e918
SOURCE/PRODUCT/rust/vendor/tokio-1.53.1/tests/sync_errors.rs	635	7a49ec77f4c967b3c76c946789f43c51e0a820a67e947ed42e30ef65ec9242e9
SOURCE/PRODUCT/rust/vendor/tokio-1.53.1/tests/sync_mpsc.rs	47831	d8d141c7fb76220c174e77b23212048f01df89053cfbbf2f8d32e7e4dd147dbb
SOURCE/PRODUCT/rust/vendor/tokio-1.53.1/tests/sync_mpsc_weak.rs	18853	71adc1975b4952c48c2af75571bae2a94a6583542d9c241d0de234ffc8fd89ef
SOURCE/PRODUCT/rust/vendor/tokio-1.53.1/tests/sync_mutex.rs	4647	cf247ed37c1c68e8caf1b08dbbdd993d351b886d4a94524730479762ad0cfc9a
SOURCE/PRODUCT/rust/vendor/tokio-1.53.1/tests/sync_mutex_owned.rs	3749	8542243a3870c87df2885f13302b92882d41685c8e39ca9a80862045056b5c0b
SOURCE/PRODUCT/rust/vendor/tokio-1.53.1/tests/sync_notify.rs	7914	43c5d94fda7ca6bd56ec873e578ff4e3c3807db0ce75fe4556a8c8711bacfe2c
SOURCE/PRODUCT/rust/vendor/tokio-1.53.1/tests/sync_notify_owned.rs	8144	4b32a676cf05776e48019b90d6cec46a0f5d0cfdb05599c058ae3bfc16b670bf
SOURCE/PRODUCT/rust/vendor/tokio-1.53.1/tests/sync_once_cell.rs	6078	435865e2d53a528c1eae5ad85cadf19debaa938c46d39cc301a247e8a155a1b6
SOURCE/PRODUCT/rust/vendor/tokio-1.53.1/tests/sync_oneshot.rs	10396	f60df13e3cf887d32547f4afa8d9dbc9dcef74fb6727659c158ff89ab793c3b5
SOURCE/PRODUCT/rust/vendor/tokio-1.53.1/tests/sync_panic.rs	6221	3f3cde0f82264f81ae59798806ad3bfc57b3ee7a968a1cefbc6624044cc9e083
SOURCE/PRODUCT/rust/vendor/tokio-1.53.1/tests/sync_rwlock.rs	9740	11e156b706c9d8e65c486f399d462dcf745843a94fed807c82808169263ce9be
SOURCE/PRODUCT/rust/vendor/tokio-1.53.1/tests/sync_semaphore.rs	6223	9012315c85b2f7496f6011a8f875f60db0ae1f42363d188723a3d39c64ab9735
SOURCE/PRODUCT/rust/vendor/tokio-1.53.1/tests/sync_semaphore_owned.rs	4847	da3b3b838fda0486b102bbb6c7940d20d697b62fd818319a3371f8a38b7eb340
SOURCE/PRODUCT/rust/vendor/tokio-1.53.1/tests/sync_set_once.rs	3653	4ba4b76529c3bc1365e403f5fedea6cc088634c8d668e4c9aa875546369056c5
SOURCE/PRODUCT/rust/vendor/tokio-1.53.1/tests/sync_watch.rs	11295	8952bf4ffd4e8a17794f1e17af4a2edf7f09e549e280ad0b6c2a4745409895c1
SOURCE/PRODUCT/rust/vendor/tokio-1.53.1/tests/task_abort.rs	10294	59baffc230c54cb12df80e78e4aa6e6929873bdbead1f5d9f6cd114f26cf67df
SOURCE/PRODUCT/rust/vendor/tokio-1.53.1/tests/task_blocking.rs	8524	8609cace4ff03c8a45536dd7c094ea072980a3fff7192ce20d9f2c179b126136
SOURCE/PRODUCT/rust/vendor/tokio-1.53.1/tests/task_builder.rs	2642	0983841b7fb6c278eaf627f5f675a5c0293cf78766ed5dc1ceb3e0aeb406a016
SOURCE/PRODUCT/rust/vendor/tokio-1.53.1/tests/task_hooks.rs	6405	2376706b3d28546d56eabc88d32cd66dc7bf430cf78d8187737262853f4df299
SOURCE/PRODUCT/rust/vendor/tokio-1.53.1/tests/task_id.rs	7924	c7c5984eeabccce29df1b459a63d2e642888b3dfd4f32060bc10f0d2b0778278
SOURCE/PRODUCT/rust/vendor/tokio-1.53.1/tests/task_join_set.rs	17796	7f0d9fba610a6862a71552c78ff7f3aa3bebbdad56fefde25daa2cea0305e40c
SOURCE/PRODUCT/rust/vendor/tokio-1.53.1/tests/task_local.rs	4075	f51b5a58b7272431c0e606e1fe0fda8272004595a21c733343a0179e316a02eb
SOURCE/PRODUCT/rust/vendor/tokio-1.53.1/tests/task_local_set.rs	24142	a321ef58d3d454a45eef13ccbca41ca79a1fbd0315928e91c13f0d60342e6bfb
SOURCE/PRODUCT/rust/vendor/tokio-1.53.1/tests/task_panic.rs	2905	733d26ba7fe392ee0dcebb78eccb6c83ef566af0acc958558423e6c994fb77fd
SOURCE/PRODUCT/rust/vendor/tokio-1.53.1/tests/task_trace_self.rs	8257	26afe3fccf2caa7270b72ba15c44a3fdd002bd20e9bec66803c09609c68d0583
SOURCE/PRODUCT/rust/vendor/tokio-1.53.1/tests/task_yield_now.rs	654	f65c058e0161fba5f7dc73cb0a9a43bbeacb05da35fb21d45bc3409434158c51
SOURCE/PRODUCT/rust/vendor/tokio-1.53.1/tests/tcp_accept.rs	5040	5c6536ac4c31b04516b72b657940480f585188234ff02078e8bd8810cd08ab28
SOURCE/PRODUCT/rust/vendor/tokio-1.53.1/tests/tcp_connect.rs	6499	daa9df40c68d4691ffeefcc148f916403b73065d334bf271cc2c902c2becef50
SOURCE/PRODUCT/rust/vendor/tokio-1.53.1/tests/tcp_echo.rs	1430	532431b0b4391dd43854276404e7361930b3ad9a321ce6e36b2fb0fbb969e100
SOURCE/PRODUCT/rust/vendor/tokio-1.53.1/tests/tcp_into_split.rs	3786	58c76a654fb0017b47d97176b8e77612f58a62bf9a85345248593f345e6de372
SOURCE/PRODUCT/rust/vendor/tokio-1.53.1/tests/tcp_into_std.rs	1546	af13d647bbca74f2822c22fd5a68acc1b2660b5998d5e9777f554906dc3e1f81
SOURCE/PRODUCT/rust/vendor/tokio-1.53.1/tests/tcp_peek.rs	964	bebb25e087eb8ea08e19bc4f38f59ab710eb7269095949f24be602c48f918c2f
SOURCE/PRODUCT/rust/vendor/tokio-1.53.1/tests/tcp_shutdown.rs	3060	bc84a12536e5dde8090d20e81089ce1e1233ffd02b9f138f7b56527a8353b081
SOURCE/PRODUCT/rust/vendor/tokio-1.53.1/tests/tcp_socket.rs	6433	595ff38a892f88f1bff171a300139fa5e8cdae260758fa2ffbe7af0891583f17
SOURCE/PRODUCT/rust/vendor/tokio-1.53.1/tests/tcp_split.rs	1292	9b25df1a178fa94246acafc5073f94f2d0a9e67eb3f35c59d69813dfb40f14bd
SOURCE/PRODUCT/rust/vendor/tokio-1.53.1/tests/tcp_stream.rs	12303	c652c4789dfec1b215f0c744dc52a2cf6e943bb9e8c37d67b42f4ea5552d146f
SOURCE/PRODUCT/rust/vendor/tokio-1.53.1/tests/test_clock.rs	1392	d5c9bf7bb5d926e2b29b43e47b5bb051b0f761bfe44d5fef349ed442ea7b416f
SOURCE/PRODUCT/rust/vendor/tokio-1.53.1/tests/time_alt.rs	7178	76979236bc7b06f2c9c61ad544f4cae6be3ce166aadbca0c26ba2443f953142c
SOURCE/PRODUCT/rust/vendor/tokio-1.53.1/tests/time_interval.rs	16660	432c2ae588e6a22c553adfb8dd7a69194f582f594155c8422fe68141e1acef9f
SOURCE/PRODUCT/rust/vendor/tokio-1.53.1/tests/time_panic.rs	3922	ef00246d15bbf5be8ada56b8468614bdf759821fdb76089dbfd230eeb82cb739
SOURCE/PRODUCT/rust/vendor/tokio-1.53.1/tests/time_pause.rs	8430	708d4912742c44b73d770e29bb91a650c056c304a94b42a7fec400d0f0fd395f
SOURCE/PRODUCT/rust/vendor/tokio-1.53.1/tests/time_rt.rs	4674	0950f0d364d48d85e9735a821d0ae6107767f2740fcd0974446f3e6c0c80a76b
SOURCE/PRODUCT/rust/vendor/tokio-1.53.1/tests/time_sleep.rs	8465	ff7f021b83c9bd6a39822eb7bf83b45637ee3e2dbf714514b5f9cab95b1824a7
SOURCE/PRODUCT/rust/vendor/tokio-1.53.1/tests/time_timeout.rs	3462	31d4955a4009b24aa0a506335607b6aa0e6b21cbc533650739642c4334b888d9
SOURCE/PRODUCT/rust/vendor/tokio-1.53.1/tests/time_wasm.rs	1106	cb025e0fdaeb0d98ebf4b8350da22e99cf95820cf58220d3a85fe8d9d5253c74
SOURCE/PRODUCT/rust/vendor/tokio-1.53.1/tests/tracing_sync.rs	9675	76c5fc3f1e0cdbc4539d7d6cec5a248545f5420ca6675eec4df7ecfd8be9b0c1
SOURCE/PRODUCT/rust/vendor/tokio-1.53.1/tests/tracing_task.rs	5371	dd431377140311b6cbc6d0258b6dfae8b638e02c53062df18c88efd25c542320
SOURCE/PRODUCT/rust/vendor/tokio-1.53.1/tests/tracing_time.rs	2875	cffc119e3f47240823e93592d95d5771e99a0f6c7d3e256d764047c96ca43bad
SOURCE/PRODUCT/rust/vendor/tokio-1.53.1/tests/udp.rs	25193	362996b2df8a312bd7e7a4a264db6a5cba5d66594c51f929eb3610c4bf2ccb76
SOURCE/PRODUCT/rust/vendor/tokio-1.53.1/tests/uds_cred.rs	1753	c3c919866c3c2b0489b458d514ea2b454432f67b0fc16bba2e2d2b1d4775ea8c
SOURCE/PRODUCT/rust/vendor/tokio-1.53.1/tests/uds_datagram.rs	12591	24ffda02c2bc63e43ca207675f65fc26fd094fefb78e945911349a9635f56407
SOURCE/PRODUCT/rust/vendor/tokio-1.53.1/tests/uds_socket.rs	3342	6d74b9c9169aeacdc214d6fb663ece7b0fb2f8ae8a01f3536c7a74b3385afeaa
SOURCE/PRODUCT/rust/vendor/tokio-1.53.1/tests/uds_split.rs	1322	05179e22079b356a98d226f2d7742268d00285c00b3519445ad70ddbbb7ac751
SOURCE/PRODUCT/rust/vendor/tokio-1.53.1/tests/uds_stream.rs	13170	8a5f7313202c1f8e46222c2e2e4667f5c61cc43e50a912fa39836578d567c968
SOURCE/PRODUCT/rust/vendor/tokio-1.53.1/tests/unwindsafe.rs	1118	e833431d40708f39b8bf54b809b635d77d9895f46f3c42aa14d3e9108415279d
SOURCE/PRODUCT/rust/vendor/tokio-macros-2.7.1/.cargo-checksum.json	1056	2a369179cf76e1cfcb61ac6200947e8424585a685119faa6bb8362657bf5f3e3
SOURCE/PRODUCT/rust/vendor/tokio-macros-2.7.1/.cargo_vcs_info.json	106	34f18fc9e98ae703807a38f3715902038060e19b343ca22929632dfc74f36a5c
SOURCE/PRODUCT/rust/vendor/tokio-macros-2.7.1/CHANGELOG.md	6549	8396e1d0becf1a6705a649824db5f5fd517a776e5cd5f0abbae28dcd8aec484b
SOURCE/PRODUCT/rust/vendor/tokio-macros-2.7.1/Cargo.lock	5662	d329ca68623a65a022a8f953847859eba76a80c92c37cfaec30a499781824bd1
SOURCE/PRODUCT/rust/vendor/tokio-macros-2.7.1/Cargo.toml	1623	77e4f5d00f737b07ca31248285f7e42d3d425cce2cbea3b0739b6f68d06a78f3
SOURCE/PRODUCT/rust/vendor/tokio-macros-2.7.1/Cargo.toml.orig	734	9713f7ce108f13fc08b0d66a1cb325bba640983d9ac0c2befcb2ae648c398428
SOURCE/PRODUCT/rust/vendor/tokio-macros-2.7.1/LICENSE	1102	0b83dc40cba89b9922bb84b0a9c7d2768ce37c1d7e138b7424fd4549915778c9
SOURCE/PRODUCT/rust/vendor/tokio-macros-2.7.1/README.md	325	6094ea500349ce239a12b07d7dfd4ea965a7f14c993da2abc4b3c39a0479683a
SOURCE/PRODUCT/rust/vendor/tokio-macros-2.7.1/src/entry.rs	28449	4cead7e27e9352b4ca2126b81bf166eb89d8baf5604b26606d61322673acaebb
SOURCE/PRODUCT/rust/vendor/tokio-macros-2.7.1/src/lib.rs	17279	304421e2b501e4726b98048c75c70b6770b70aca77ead0a62c176d5b47759c1d
SOURCE/PRODUCT/rust/vendor/tokio-macros-2.7.1/src/select.rs	3357	a8af3f0dbc3ac3102081abc09ab1a1a8bfaab5fde1331b20ab397384be730fef
SOURCE/PRODUCT/rust/vendor/tower-0.5.3/.cargo-checksum.json	11820	8c72738b2fd9f4f41864d67ab2783f7ed9252aacb6ce7ab4ae03f78b662ce640
SOURCE/PRODUCT/rust/vendor/tower-0.5.3/.cargo_vcs_info.json	99	cd11dda4160d3928cf1a75b155f15df00fb950bc847ecb62c9b0cf94b53773c1
SOURCE/PRODUCT/rust/vendor/tower-0.5.3/CHANGELOG.md	19551	1a9b6cd0f70c3d696301d91e3e67d749dcb0b1e9cddaa92ccc01b78c3e0d348e
SOURCE/PRODUCT/rust/vendor/tower-0.5.3/Cargo.lock	20748	48959ea0e51472f6c87e931d97a3f4b1f1ac347a55e68ec0d06b545702af2f3f
SOURCE/PRODUCT/rust/vendor/tower-0.5.3/Cargo.toml	5277	04763d65eff9423b77055a24a9778f7a2459017a470c723cab8850936c6e5f1b
SOURCE/PRODUCT/rust/vendor/tower-0.5.3/Cargo.toml.orig	3495	a4c37fdf31a316bf656b96d41c7905f0b05c8f8da16e672a4c8b1ae1adec146a
SOURCE/PRODUCT/rust/vendor/tower-0.5.3/LICENSE	1062	4249c8e6c5ebb85f97c77e6457c6fafc1066406eb8f1ef61e796fbdc5ff18482
SOURCE/PRODUCT/rust/vendor/tower-0.5.3/README.md	8550	f8cd5239719594b9157fce747eb09255f848017aabed2848d210aa377b39ca98
SOURCE/PRODUCT/rust/vendor/tower-0.5.3/examples/tower-balance.rs	6617	35c1d4363aa6f25b4ea5725fbef7689745e05e39d31d38432c2c257829f812e8
SOURCE/PRODUCT/rust/vendor/tower-0.5.3/src/balance/error.rs	536	2ee79fc7ed868781bb4b3ef12c9464772a246be3841befa3fa90e030f60531b1
SOURCE/PRODUCT/rust/vendor/tower-0.5.3/src/balance/mod.rs	1980	73b8f0d5377edfbfdecbe828450e1a04003869cf08e1d1c0106616125638b4e6
SOURCE/PRODUCT/rust/vendor/tower-0.5.3/src/balance/p2c/layer.rs	1911	dad25ecf6797186c451e219592e98d1ecb5cac4c6e806823b5065e488211195e
SOURCE/PRODUCT/rust/vendor/tower-0.5.3/src/balance/p2c/make.rs	3459	273f8d44361b9babdea217629dd4634afe87b89826f6b961883982b10a96b92a
SOURCE/PRODUCT/rust/vendor/tower-0.5.3/src/balance/p2c/mod.rs	2175	5b9faa387586d742e74fa65679f42895ad4c1f42ad28e8bb8df9525dee0998d9
SOURCE/PRODUCT/rust/vendor/tower-0.5.3/src/balance/p2c/service.rs	9190	cbfea231180a38721cdd105b425da53075ec20274e063fa3da7a6de2406bd67b
SOURCE/PRODUCT/rust/vendor/tower-0.5.3/src/balance/p2c/test.rs	3422	7351bd8528b713352d7195d41ad7840e655d106c72a863dc428ddee4f5ec5261
SOURCE/PRODUCT/rust/vendor/tower-0.5.3/src/buffer/error.rs	1568	cb32f3412eaa5c6317d3b1a2cb7d23416ba74e6b08967229699a9c62fe201c36
SOURCE/PRODUCT/rust/vendor/tower-0.5.3/src/buffer/future.rs	2083	a1cedb72d91dbb7bf0ef891b1e7318c6a42abd27baaae5bbd6f544cfc0781c7c
SOURCE/PRODUCT/rust/vendor/tower-0.5.3/src/buffer/layer.rs	2366	4b0f650da75bd471730f1d153b401baff9f18c08a37859a739d03ade9d852774
SOURCE/PRODUCT/rust/vendor/tower-0.5.3/src/buffer/message.rs	432	2f0b52f5757c57b667b8537ad7da77dda1fa84f4b305cb5ff8e7950bcf2adb2a
SOURCE/PRODUCT/rust/vendor/tower-0.5.3/src/buffer/mod.rs	1586	7708b45c4e67800d61384f954596bb9ad71e5517c94d1227097c9ec2073977e2
SOURCE/PRODUCT/rust/vendor/tower-0.5.3/src/buffer/service.rs	4849	2568d32f8bb1038a5c06558971e8e81ecafdc326eef490515f0b83f7cc4efd7d
SOURCE/PRODUCT/rust/vendor/tower-0.5.3/src/buffer/worker.rs	8289	c783ad67ff4acd5b116aa609fb57094e5aca14c1409d6c5f3d813437c4c94dfb
SOURCE/PRODUCT/rust/vendor/tower-0.5.3/src/builder/mod.rs	28875	065e23a2a859a9b572aa623103fcab4d7838d62b082ff4bef937ac4bd0b5fb8e
SOURCE/PRODUCT/rust/vendor/tower-0.5.3/src/discover/list.rs	1542	49285478e09e8549a51ef0649353689c7105a94bb6a2d01c8920f8f5e6011fa2
SOURCE/PRODUCT/rust/vendor/tower-0.5.3/src/discover/mod.rs	3238	e55f4793eb7c977cbb4fb4320f8d9d5464457bc76ceef4c276a752989308d02d
SOURCE/PRODUCT/rust/vendor/tower-0.5.3/src/filter/future.rs	2455	4e45031067c43d3e743114438210d0fc9dc6d10aa11eeda0de8b58b4aca42639
SOURCE/PRODUCT/rust/vendor/tower-0.5.3/src/filter/layer.rs	1953	a4939b4e25049fcf98d41a999750a01245e41fa9e04267354f5036604d8d8000
SOURCE/PRODUCT/rust/vendor/tower-0.5.3/src/filter/mod.rs	5955	ec1c0a5ad53558ad6f4f4ccdce942d3f362bbf943ade717ec943ec24194dad1f
SOURCE/PRODUCT/rust/vendor/tower-0.5.3/src/filter/predicate.rs	1886	633d4374ad50c130d09fa549f11e4db8e1d72dbb1997c3e7cd9dd09dde232844
SOURCE/PRODUCT/rust/vendor/tower-0.5.3/src/hedge/delay.rs	3394	21f0135971bb52d257cb8c7480d370c097e29d5d758cc45828477fcfaebeb881
SOURCE/PRODUCT/rust/vendor/tower-0.5.3/src/hedge/latency.rs	2225	3f16f121c833bbcbf2c2f5322a85cd97fc932cbd5e6791d491f6c8a922018263
SOURCE/PRODUCT/rust/vendor/tower-0.5.3/src/hedge/mod.rs	8141	6f4f57080955ae0a58e67d175cdbc821746a1a6159cd04b3f9958b29a15855c1
SOURCE/PRODUCT/rust/vendor/tower-0.5.3/src/hedge/rotating_histogram.rs	2379	f075966185592451d2f6784fdecf3109086b168f7a986c35fad52780be3e48a9
SOURCE/PRODUCT/rust/vendor/tower-0.5.3/src/hedge/select.rs	3046	6fcbca8c90c999e12a87e7fdbd691b92c31b9c30f249d3db62bea4586ec0caa7
SOURCE/PRODUCT/rust/vendor/tower-0.5.3/src/layer.rs	350	0c422e476b83ea6adc9e6f96728aafcd52f6ac6a4457697e96bc228eec0e59b1
SOURCE/PRODUCT/rust/vendor/tower-0.5.3/src/lib.rs	8712	f6e92a07e3adc0494a89175b8aeb7858221108ad6320283b39a5e310685166c8
SOURCE/PRODUCT/rust/vendor/tower-0.5.3/src/limit/concurrency/future.rs	974	a8b66f9862fd24a1c41b7d3e889a4989a4efd333493e7347dba02f25582208da
SOURCE/PRODUCT/rust/vendor/tower-0.5.3/src/limit/concurrency/layer.rs	1707	7b8862fd59dce5a0b9a16175b7d6516974a9dd2ac4e4543e633655a528045996
SOURCE/PRODUCT/rust/vendor/tower-0.5.3/src/limit/concurrency/mod.rs	224	99e5e2bf0273fae172f893d89a93bb3768dc0522b09ae94c5d0ab6492d460391
SOURCE/PRODUCT/rust/vendor/tower-0.5.3/src/limit/concurrency/service.rs	3383	2ebdeb7337d0bff15f19745e26534ac619f2875d08398b56fe0a6d8eb2bf587a
SOURCE/PRODUCT/rust/vendor/tower-0.5.3/src/limit/mod.rs	228	59565acc1d14a3500069ba2dc9667e7fc03162cc89db4051204d7d38b5b69ccb
SOURCE/PRODUCT/rust/vendor/tower-0.5.3/src/limit/rate/layer.rs	634	49b612e4d70c01e034f46cf21abf6d42a50ccd838b8a606c41294ae8e132316d
SOURCE/PRODUCT/rust/vendor/tower-0.5.3/src/limit/rate/mod.rs	194	6414465408a5d9c06789f586ddc2f40f8e59f3a1eb19cec5e37df82095012cb2
SOURCE/PRODUCT/rust/vendor/tower-0.5.3/src/limit/rate/rate.rs	558	af8c6efdf0dd1911e0bf5c4af0e4ae49dc5a45d30abfef9a606c2a1664081ab7
SOURCE/PRODUCT/rust/vendor/tower-0.5.3/src/limit/rate/service.rs	3547	030e572027f1e2c7517854310d5790487b2f5dcea1a9796d3beaba162daf2a9f
SOURCE/PRODUCT/rust/vendor/tower-0.5.3/src/load/completion.rs	3342	062a9f2014164f892bbd742970a29b1e9b2ee4291c749143742c80382954639b
SOURCE/PRODUCT/rust/vendor/tower-0.5.3/src/load/constant.rs	2145	2ba8c4105909df56ae61ef4660aa2989227f05a585081b0dd56c24b16e9ad394
SOURCE/PRODUCT/rust/vendor/tower-0.5.3/src/load/mod.rs	3668	1e9b137c3b0de832a7439afe596ed66cd5023ee12f92bbdf41c79f81596ac462
SOURCE/PRODUCT/rust/vendor/tower-0.5.3/src/load/peak_ewma.rs	12844	24a5e76918466916009a981393383835bdf51081199705529e35a3f2c773222e
SOURCE/PRODUCT/rust/vendor/tower-0.5.3/src/load/pending_requests.rs	6010	8f3ff57bd91a0f4876a1c61e93858c34e6f1fc02b1bdaf983d654a54836960e1
SOURCE/PRODUCT/rust/vendor/tower-0.5.3/src/load_shed/error.rs	730	5cde276670858be38b84269a3833b140bd690680a30b52518c7218094d9c5184
SOURCE/PRODUCT/rust/vendor/tower-0.5.3/src/load_shed/future.rs	1546	b4e5b3833bfd8ff2e8683477d0b3fcf05131982742f3e930abd1a8f740677eb8
SOURCE/PRODUCT/rust/vendor/tower-0.5.3/src/load_shed/layer.rs	660	48c7a9973132740aa894bade8d9a53624fad60c40b83b523860f97ed83a4496e
SOURCE/PRODUCT/rust/vendor/tower-0.5.3/src/load_shed/mod.rs	2076	919a6b369d2e32265e287994da6c99716c4c53263e25dd44c2e8ac7d68a36604
SOURCE/PRODUCT/rust/vendor/tower-0.5.3/src/macros.rs	1283	5910f539cd05afa93bfeaa2c7b5b4c20714d4df06f052a699ce3d9dcc89131ac
SOURCE/PRODUCT/rust/vendor/tower-0.5.3/src/make/make_connection.rs	1603	d30788e3406d2e7dbe218f9ea40aaec6e5763e635f3df998677115c2e768e21a
SOURCE/PRODUCT/rust/vendor/tower-0.5.3/src/make/make_service.rs	7019	fd87a55742d7e13172fff9d29075939d6ddbdf53b181005af7a81fb98695cd13
SOURCE/PRODUCT/rust/vendor/tower-0.5.3/src/make/make_service/shared.rs	3842	0932c6225b8a2423057d41b16bf07aca10f773ec8bdee40c671bca4901f21865
SOURCE/PRODUCT/rust/vendor/tower-0.5.3/src/make/mod.rs	369	defd871542f92bea3be28e83c766e31644c007a584b824bdb59944cf5ece3d0d
SOURCE/PRODUCT/rust/vendor/tower-0.5.3/src/ready_cache/cache.rs	17933	be01ac0b970949015213d6d3a2a06f98c8326546319f81441a1e52b964312dfe
SOURCE/PRODUCT/rust/vendor/tower-0.5.3/src/ready_cache/error.rs	716	385425991f9801eecd4206e94b46f1ec5ed7eb47a44aadb715515faa960052b2
SOURCE/PRODUCT/rust/vendor/tower-0.5.3/src/ready_cache/mod.rs	89	987076ba544d8d321229e5faf65d1142663bf02c391eb1df73c7881b6f1ebdae
SOURCE/PRODUCT/rust/vendor/tower-0.5.3/src/reconnect/future.rs	1605	8c5306a38e84513f95c7e6165acc0bfccf71532f1f4826543b21bb288ff567f9
SOURCE/PRODUCT/rust/vendor/tower-0.5.3/src/reconnect/mod.rs	5353	b76c7358e3c6aeb59e132af4d43f0a860898ef60e0ccc3ce04ae25a4d21ed75f
SOURCE/PRODUCT/rust/vendor/tower-0.5.3/src/retry/backoff.rs	8792	4fe185cebe9583fbb0ac09b6056107e1a3dca0d82c6d14bf22579ab57ebb84a5
SOURCE/PRODUCT/rust/vendor/tower-0.5.3/src/retry/budget/mod.rs	3541	376ced0d7417aafd6aea871e559f49df84bfa1372c03cbcbceb0a3becf58c8a3
SOURCE/PRODUCT/rust/vendor/tower-0.5.3/src/retry/budget/tps_budget.rs	7910	9201e6139572612d35274807c2b34577fe184dcae87477f0e41509b78a011796
SOURCE/PRODUCT/rust/vendor/tower-0.5.3/src/retry/future.rs	3737	5cd5941bd217b344e0d37792ae56dac329c02bc48ad0f58cd57cccfe67c2fbf2
SOURCE/PRODUCT/rust/vendor/tower-0.5.3/src/retry/layer.rs	542	9b99d1f195cf26f92e1a1358aed5575d7b1419155be9dd9b4b36520455a5c3f3
SOURCE/PRODUCT/rust/vendor/tower-0.5.3/src/retry/mod.rs	3005	b1870f11b0cd4a3c563f6f808ccffe631f97adc72f0f8a0565116548882ad015
SOURCE/PRODUCT/rust/vendor/tower-0.5.3/src/retry/policy.rs	3514	307f7236a872aa4331afaf0dd9bf510c15263f0a3773e000a061c219ea05756e
SOURCE/PRODUCT/rust/vendor/tower-0.5.3/src/spawn_ready/future.rs	263	0fbcfdcb51faaed676f38bc26355c1c77e7da1fd99fd48718eb9682b3b085960
SOURCE/PRODUCT/rust/vendor/tower-0.5.3/src/spawn_ready/layer.rs	438	9984776ae6b8a56b60dd844b0fe3f0a74ec3a4644c28201b3d10e8a67ebcb8ed
SOURCE/PRODUCT/rust/vendor/tower-0.5.3/src/spawn_ready/mod.rs	208	6e7d781856d451e5195bda913378691858d966cd8724ade3e0b183c193268185
SOURCE/PRODUCT/rust/vendor/tower-0.5.3/src/spawn_ready/service.rs	2474	d7cd4d02664535b7923f91efe7f8d6415f69a21eac360a77fcd0669806437c9b
SOURCE/PRODUCT/rust/vendor/tower-0.5.3/src/steer/mod.rs	6773	ab9cb613c905384428438f81dc1072f5bf92acbd842070210384344157b0db46
SOURCE/PRODUCT/rust/vendor/tower-0.5.3/src/timeout/error.rs	415	b51cedc818cd99394bcdd2aae857580c4157107ae9099ecd98e3a8ec757fc7b6
SOURCE/PRODUCT/rust/vendor/tower-0.5.3/src/timeout/future.rs	1236	c95840418f9409ab807c9658248f043a637795417bf6fce3c34cd3c6ca2eb50c
SOURCE/PRODUCT/rust/vendor/tower-0.5.3/src/timeout/layer.rs	536	c3eb08eb639d586a4387347d66e2c614b21439e9910adfb7cdc8bb3accb7978d
SOURCE/PRODUCT/rust/vendor/tower-0.5.3/src/timeout/mod.rs	1716	9759595d35c7545287642c5c90d0eb3460f6631d890df8c7b947c6a82e94a428
SOURCE/PRODUCT/rust/vendor/tower-0.5.3/src/util/and_then.rs	3369	756e617a8bf1beead2c97e798cb3d867019f89cc7040cb66e7a267acb559e452
SOURCE/PRODUCT/rust/vendor/tower-0.5.3/src/util/boxed/layer.rs	2882	b04a61d416697a33cebfa0613a1bbaab39f1e006c40318abc766a7c359ecbc7d
SOURCE/PRODUCT/rust/vendor/tower-0.5.3/src/util/boxed/layer_clone.rs	4139	ce60dc639f37ef4982a1327832d073ee3244f9db786ca7f6293be318bbc1f791
SOURCE/PRODUCT/rust/vendor/tower-0.5.3/src/util/boxed/layer_clone_sync.rs	4314	e62f05f2a44b55b56159233cb7cf69abac5b31585a6882c7cebf95285c1d03e0
SOURCE/PRODUCT/rust/vendor/tower-0.5.3/src/util/boxed/mod.rs	316	66e47f27533c090c2ef20eea42f3a84a02648c847fdaf147266bdfbe4f3789f0
SOURCE/PRODUCT/rust/vendor/tower-0.5.3/src/util/boxed/sync.rs	3225	33533b0d21fb574dd3c32701878928564e322bc85f8994dfd89bd99a67c7a0f6
SOURCE/PRODUCT/rust/vendor/tower-0.5.3/src/util/boxed/unsync.rs	2277	8a1880bd5d06544fe14ee55b88891061afba1eb5e95ee1c2c174a179928f1f3b
SOURCE/PRODUCT/rust/vendor/tower-0.5.3/src/util/boxed_clone.rs	3710	fda370fe8d2f0dd5671534b3f4c66fbe0357cf11427a327eea0eff64bbe112ee
SOURCE/PRODUCT/rust/vendor/tower-0.5.3/src/util/boxed_clone_sync.rs	2703	a6377a04c593594875c2fb76d1a3250099c14285df674338820df0ffeaefa5ef
SOURCE/PRODUCT/rust/vendor/tower-0.5.3/src/util/call_all/common.rs	4095	59b5283ea4f8c40bf0b9fa04d9af5bcb2f3d069ed7dd0a48515960b4e921bae8
SOURCE/PRODUCT/rust/vendor/tower-0.5.3/src/util/call_all/mod.rs	406	30ad048636f4efb770a2d2dc3e5830827125fed132aebe741429fe766a6a38b1
SOURCE/PRODUCT/rust/vendor/tower-0.5.3/src/util/call_all/ordered.rs	5774	fc57d14bfacaa3bbeb5c72b4811f017bbe0b81663bafed6a5295e807c7387494
SOURCE/PRODUCT/rust/vendor/tower-0.5.3/src/util/call_all/unordered.rs	2747	4f41c1d16640182e20490dfbc99bfc2d84dfc6c01b70cf1fd077bd85387dc884
SOURCE/PRODUCT/rust/vendor/tower-0.5.3/src/util/either.rs	2701	ec87f9dd219de3e29442b9f2276e65c80b6715a1ab8fdb7931d092f5df94c49e
SOURCE/PRODUCT/rust/vendor/tower-0.5.3/src/util/future_service.rs	6846	b82276a3fd78a58887a15171cf7bb729670fd9b525e11707d786d46c482ac2f5
SOURCE/PRODUCT/rust/vendor/tower-0.5.3/src/util/map_err.rs	2308	605fd4f2c8ab2c4c40a526c29735ba6368d6a190ba07438c8725d959fbe4ed4c
SOURCE/PRODUCT/rust/vendor/tower-0.5.3/src/util/map_future.rs	2658	ae6ca994de359ef5d268f4e3ad7a4637c9071e8b184a3b2d3dc7a45fe8589947
SOURCE/PRODUCT/rust/vendor/tower-0.5.3/src/util/map_request.rs	2060	f6bcb735b1e9e79df1ef9605b7af647d11ba5c098445569bde97ba1cc935b929
SOURCE/PRODUCT/rust/vendor/tower-0.5.3/src/util/map_response.rs	2435	06a3dbc522dbcfaf996155600d13309fb4d0a0ea7328d60bd77d845f19fa3267
SOURCE/PRODUCT/rust/vendor/tower-0.5.3/src/util/map_result.rs	2455	5390b2177a21fec90cb8c0e0dcd93a2fa1fca5977292d65bdb9997312c7f265a
SOURCE/PRODUCT/rust/vendor/tower-0.5.3/src/util/mod.rs	35194	3346a1c682c4fa21a94221d35fafc5e7030be3155a2380d9c082a3cf241b697e
SOURCE/PRODUCT/rust/vendor/tower-0.5.3/src/util/oneshot.rs	2742	ecac3a7fe128e88dbc53adf221aa916032d69aeaae486e13f9c8326f5da63089
SOURCE/PRODUCT/rust/vendor/tower-0.5.3/src/util/optional/error.rs	390	984180fcdac724c1dd8ce7bc7d35f1185555b5c407e025ea99a51bfa9ea506c2
SOURCE/PRODUCT/rust/vendor/tower-0.5.3/src/util/optional/future.rs	927	dadfbfc1cbde1ab14d9a2bd9072f7398d57aeaf4529efd7a86de6c1ad80fdc9d
SOURCE/PRODUCT/rust/vendor/tower-0.5.3/src/util/optional/mod.rs	1644	14446dff77502412d8de6654bcde0db1ce11ff95ba9ad7cd8a44128d52dd987d
SOURCE/PRODUCT/rust/vendor/tower-0.5.3/src/util/ready.rs	2635	58438ad53eed91ac0468ecc56af66198189b32ead4a01929e2ef306ad0dbcd40
SOURCE/PRODUCT/rust/vendor/tower-0.5.3/src/util/rng.rs	5416	3a4f9018f0776b777abe7a9933977c04c383c935875a39faabcf35d746208285
SOURCE/PRODUCT/rust/vendor/tower-0.5.3/src/util/service_fn.rs	1956	149dd5ef61af4a0ae8a55e28534f829a754dd0fa9604e01135143dcde7ed7c37
SOURCE/PRODUCT/rust/vendor/tower-0.5.3/src/util/then.rs	2394	751f6e01f454ed894c935c46da3fcf77cc880b03d4c3d258f30aaa82c64dee83
SOURCE/PRODUCT/rust/vendor/tower-0.5.3/tests/balance/main.rs	7166	8aea6e2929d147f9516040a9ddd659404a0aa31b2f75343c75e7b315c2695c4c
SOURCE/PRODUCT/rust/vendor/tower-0.5.3/tests/buffer/main.rs	13467	2394802778c1f0f10b9e2a385864967fc268a3149f17eb620de1de9371d78f66
SOURCE/PRODUCT/rust/vendor/tower-0.5.3/tests/builder.rs	1556	59f266b3f958cf21fa95c00ce18cdce93e5dc7de56bc598f81cab683abd502f5
SOURCE/PRODUCT/rust/vendor/tower-0.5.3/tests/filter/async_filter.rs	1815	0ec09ae2ffc190b1fac3ce11854d42fd3745d932dbba4bdce8ecc124ca98f4f7
SOURCE/PRODUCT/rust/vendor/tower-0.5.3/tests/hedge/main.rs	5530	e3ca75823f8132ee2dbea21d68e5990c8523df06414bf93af16d78009d4a720f
SOURCE/PRODUCT/rust/vendor/tower-0.5.3/tests/limit/concurrency.rs	5861	65bf865d1c61671af14028d37ffd209ef41ccde3d5ed5b08873b6879a9c8efe5
SOURCE/PRODUCT/rust/vendor/tower-0.5.3/tests/limit/main.rs	104	039a2731c8fce846b71d98937da2a08cea71a6a0ed2ebe0f20d215f33cdec66e
SOURCE/PRODUCT/rust/vendor/tower-0.5.3/tests/limit/rate.rs	2498	52cfca0f27b6081e3ad19ceace931628a4eaf668274f963e15d80e1ea7aec380
SOURCE/PRODUCT/rust/vendor/tower-0.5.3/tests/load_shed/main.rs	1164	c1d82eb9b30a4b1f0517b48cce9e87c9fb75c8d055c5b537f125d89225f65e95
SOURCE/PRODUCT/rust/vendor/tower-0.5.3/tests/ready_cache/main.rs	6358	7bc01d338c1888851303a07858acf9033d52b1c64f372a61201ac55122820640
SOURCE/PRODUCT/rust/vendor/tower-0.5.3/tests/retry/main.rs	6406	ec8e718a275b25a128bace392516377c8ca2c311d61904fb74169a46e6a87626
SOURCE/PRODUCT/rust/vendor/tower-0.5.3/tests/spawn_ready/main.rs	2513	61230d0e5e412bfa7203142f4164cfb87402662e9cfd3de9ccf24f7edf911d16
SOURCE/PRODUCT/rust/vendor/tower-0.5.3/tests/steer/main.rs	1578	e1dbc9684b522bd3fd5ad9713aad59a7f3726ba6ff7950e68bdf34d8892874b9
SOURCE/PRODUCT/rust/vendor/tower-0.5.3/tests/support.rs	1991	07ea84035a1d6796a48bb6c58985d9c3b45e3d1441c2844cbf8581726d532f20
SOURCE/PRODUCT/rust/vendor/tower-0.5.3/tests/util/call_all.rs	8090	9a299bc212da3f79b2444a8a64c570348be411993f4b79e888ab818c4b27496d
SOURCE/PRODUCT/rust/vendor/tower-0.5.3/tests/util/main.rs	155	a8b7960492d409914041a358c8eda79c10462baaf6548757fe05285a43e7f4a8
SOURCE/PRODUCT/rust/vendor/tower-0.5.3/tests/util/oneshot.rs	1202	e4f013e5e3d2f2dc25d43337a8dd50d45ba835af74883908b67cab3d05380795
SOURCE/PRODUCT/rust/vendor/tower-0.5.3/tests/util/service_fn.rs	335	23023f68bbb8ee75167ff9556c5db1d0cf03da2df8df3c8cac0619dd003bcac5
SOURCE/PRODUCT/rust/vendor/tower-http-0.6.11/.cargo-checksum.json	11097	8e810dc14dba1c8ecbd291588ee6613c0c811f05bfc39b4f691ea1000c32b219
SOURCE/PRODUCT/rust/vendor/tower-http-0.6.11/.cargo_vcs_info.json	104	371c74edfda4e6ac148e318f52d84029cda9625b322b3d69fa03528efd01f6f2
SOURCE/PRODUCT/rust/vendor/tower-http-0.6.11/CHANGELOG.md	25401	e370a0ffda898176819581a605142f811b72ced80175f1d0427cb3861d51d8d7
SOURCE/PRODUCT/rust/vendor/tower-http-0.6.11/Cargo.lock	36492	10c430b439a564ec0fcc6f50d6db1649e8fae8e93f1b9d70d0918f638bab8639
SOURCE/PRODUCT/rust/vendor/tower-http-0.6.11/Cargo.toml	7196	b005c4ea79f240e38150bc6c8928342f18ba1c002ec735283fd03437a7a8eedd
SOURCE/PRODUCT/rust/vendor/tower-http-0.6.11/Cargo.toml.orig	5551	e2db9112b07e031f222f0ed2db407c45a6d111048eb3e155d0a7e46c3304a89d
SOURCE/PRODUCT/rust/vendor/tower-http-0.6.11/LICENSE	1067	5049cf464977eff4b4fcfa7988d84e74116956a3eb9d5f1d451b3f828f945233
SOURCE/PRODUCT/rust/vendor/tower-http-0.6.11/README.md	3273	e3de06a6d79c10c29259bfe1908d34400710c6476be6a0135b65a2bce7b23f00
SOURCE/PRODUCT/rust/vendor/tower-http-0.6.11/src/add_extension.rs	4587	689e8d8c0319911391a533616b1f642cebc7e3dc0838594b1582d7bb0dc0175c
SOURCE/PRODUCT/rust/vendor/tower-http-0.6.11/src/auth/add_authorization.rs	8850	a5d866ead65ff7ca5bc89f7ec479c385dc90715d48911286bbd10d8a1ed644e8
SOURCE/PRODUCT/rust/vendor/tower-http-0.6.11/src/auth/async_require_authorization.rs	11881	92a6bff979155de818f12b7d72841e0917a58789656bd7f6b06f3ad8a325857f
SOURCE/PRODUCT/rust/vendor/tower-http-0.6.11/src/auth/mod.rs	367	4a16268a7bfa5ca1f110c6eff9b8733ebfe96c0d280607c6b1f1154a92ccf128
SOURCE/PRODUCT/rust/vendor/tower-http-0.6.11/src/auth/require_authorization.rs	12426	f62f5a050862fc22fe6907ee462b285ce8a39ff30d65bddd2ffbee19ca18628f
SOURCE/PRODUCT/rust/vendor/tower-http-0.6.11/src/body.rs	2408	b6cb0269c26cd23838595288c495893b5eae5aa71b580dcae060ac157cb38af1
SOURCE/PRODUCT/rust/vendor/tower-http-0.6.11/src/builder.rs	20789	0d471da399d156e83fb0831496c8d712d963cbb324523615827c631542b39711
SOURCE/PRODUCT/rust/vendor/tower-http-0.6.11/src/catch_panic.rs	12176	4f933eeeb4b7e0ca0ea3ae5e72814efced9bbf629c2cf772bf00c9b7c6369ffc
SOURCE/PRODUCT/rust/vendor/tower-http-0.6.11/src/classify/grpc_errors_as_failures.rs	14162	3d8d40ffbf384454ca7fc439cc0a39944113ab744db5f50c37159d28ba2cafc1
SOURCE/PRODUCT/rust/vendor/tower-http-0.6.11/src/classify/map_failure_class.rs	2300	a9f7d36f3aede2990205a88c06542d68126bb58f0f530bb1f8716fa47587f1f6
SOURCE/PRODUCT/rust/vendor/tower-http-0.6.11/src/classify/mod.rs	14728	b79278bee5fd8b7b9e1cae620ffbd3747f3d025783ac57746f743f1f4112f36b
SOURCE/PRODUCT/rust/vendor/tower-http-0.6.11/src/classify/status_in_range_is_error.rs	5047	e63e5dbf55a37c05bf7c90d873870a65ebf598ddb921285b6ea338195780610a
SOURCE/PRODUCT/rust/vendor/tower-http-0.6.11/src/compression/body.rs	12481	3e6fa2c569770abada1c9c21469baa0e85186fec3a537cf8797bf0607347411b
SOURCE/PRODUCT/rust/vendor/tower-http-0.6.11/src/compression/future.rs	5046	77ca63e0c371e7a56e2401cbd5118dc013a35ad61090d5363f43ef650d86276f
SOURCE/PRODUCT/rust/vendor/tower-http-0.6.11/src/compression/layer.rs	7984	2320dfab46baee30b94479cb5409182ed9eb95886773790b5931d3ce239328bb
SOURCE/PRODUCT/rust/vendor/tower-http-0.6.11/src/compression/mod.rs	18253	46bc9fffc6e94a74011ef73305809f733ac1cc946970963a58aecbd513ea3f98
SOURCE/PRODUCT/rust/vendor/tower-http-0.6.11/src/compression/pin_project_cfg.rs	3673	a98033f4b8b12f8372ba51522f22a8610d005e82e29b3e24e28b4a8cb902b2ef
SOURCE/PRODUCT/rust/vendor/tower-http-0.6.11/src/compression/predicate.rs	7569	003313967b783616ddd2753c0ed515b665f9700a73e0b35397cce0ffcbf0ba06
SOURCE/PRODUCT/rust/vendor/tower-http-0.6.11/src/compression/service.rs	5843	61e5aa8d19cb032875d7024002926d132c9b7e8120ef6e3d2e68f68261e8e327
SOURCE/PRODUCT/rust/vendor/tower-http-0.6.11/src/compression_utils.rs	14611	e670801aed799e8f84472ed70de90b9ad44efe0eec71bf0c0685e8ca03512a11
SOURCE/PRODUCT/rust/vendor/tower-http-0.6.11/src/content_encoding.rs	20880	dea2320a31bdcb02c4e36fbe1d0b1da614dab9d063f4a8940a0effdd1ed76e15
SOURCE/PRODUCT/rust/vendor/tower-http-0.6.11/src/cors/allow_credentials.rs	2846	0ee1c5ed4b6bece5d1c83a6372db597274d48b7716702ab340f685af62838bcd
SOURCE/PRODUCT/rust/vendor/tower-http-0.6.11/src/cors/allow_headers.rs	3243	33e5fa9474e3329be9c2b8395fb6e00563c6d6256001d7b5504e9dce1105161e
SOURCE/PRODUCT/rust/vendor/tower-http-0.6.11/src/cors/allow_methods.rs	3760	541212b450f0932ce2ae623cdc55e73e47aba50ba3f32b3c6f9becdbd8f7f342
SOURCE/PRODUCT/rust/vendor/tower-http-0.6.11/src/cors/allow_origin.rs	7023	8b0643192d7e2ea1c5c735d3152cab430910525aae23a0e95685ba17c95748f7
SOURCE/PRODUCT/rust/vendor/tower-http-0.6.11/src/cors/allow_private_network.rs	6926	ee77b6e738b3ff200c9ff380e9973c0c98751863cbd87f16531a61b7e7263dce
SOURCE/PRODUCT/rust/vendor/tower-http-0.6.11/src/cors/expose_headers.rs	2564	9e78291c8f5d9e6da40472044054855d7ba47b7d04b48b98b9f7ea68d2aa777f
SOURCE/PRODUCT/rust/vendor/tower-http-0.6.11/src/cors/max_age.rs	2109	0d2b67f1c092b9d36b20e05a04bfdf7eb57215c23a04cf2ca5fae07fca066697
SOURCE/PRODUCT/rust/vendor/tower-http-0.6.11/src/cors/mod.rs	25564	1ea7ab81f763723d2aa1eaa4dd09f5750207e9c1c5fd1c4b1935ebcb715750e9
SOURCE/PRODUCT/rust/vendor/tower-http-0.6.11/src/cors/tests.rs	2453	459135218afdf6aa74629b7d9eb87dfaf60fae9e0333c510e9f6350a3a5a7f93
SOURCE/PRODUCT/rust/vendor/tower-http-0.6.11/src/cors/vary.rs	1609	9340547f739658a7bba73f25ed542bc5e655cdf9f9196369a8f9d50bb2652d35
SOURCE/PRODUCT/rust/vendor/tower-http-0.6.11/src/decompression/body.rs	13333	f42e97e3236ce6a78d2a740eccf33cecdb7740757d77c5a36158d324fe9a23cf
SOURCE/PRODUCT/rust/vendor/tower-http-0.6.11/src/decompression/future.rs	2857	a9cfc2f175854bb85b76901e8dbcbfdf743db92c822ccf589647ba18ef82c730
SOURCE/PRODUCT/rust/vendor/tower-http-0.6.11/src/decompression/layer.rs	2540	98d13d3a107ad4809b5bfbc6e509cde0c0876ae4596f6ae5d985d007594cbbdf
SOURCE/PRODUCT/rust/vendor/tower-http-0.6.11/src/decompression/mod.rs	8619	43f4d6c31a1d4b2ab1a5a02466234b26d7f6062f5f4cf99a5be37088f83ec636
SOURCE/PRODUCT/rust/vendor/tower-http-0.6.11/src/decompression/request/future.rs	2648	d7da33415760ef36cd42d519ff44f0157333f5f64e5372deb7b68fde058ed95c
SOURCE/PRODUCT/rust/vendor/tower-http-0.6.11/src/decompression/request/layer.rs	3316	f17a14ab9d8408067767b058a6fb848a2891b9f68fbbf6e192086e8f00bc7d89
SOURCE/PRODUCT/rust/vendor/tower-http-0.6.11/src/decompression/request/mod.rs	3244	57b9e4844d6b9320547b05e00a2256737afd38e86fc17fefb1b62974ac6d8e9e
SOURCE/PRODUCT/rust/vendor/tower-http-0.6.11/src/decompression/request/service.rs	7192	af905c7eee15d72840ec4685bc2e68854ff1103a760504a6db91d00de47b7f93
SOURCE/PRODUCT/rust/vendor/tower-http-0.6.11/src/decompression/service.rs	3689	94accf60490c9e6184b1da72f0a9dc9f4a2428481955f23f920a381348e19860
SOURCE/PRODUCT/rust/vendor/tower-http-0.6.11/src/follow_redirect/mod.rs	25611	c921f723bfd557fad64ec6c3a454fd2a95504f2e4e882357997dc0297ab0353c
SOURCE/PRODUCT/rust/vendor/tower-http-0.6.11/src/follow_redirect/policy/and.rs	3180	56fd102938d92510bcba5fd06f1a232c10d20577540364e2c7a28d615779277d
SOURCE/PRODUCT/rust/vendor/tower-http-0.6.11/src/follow_redirect/policy/clone_body_fn.rs	1089	3a78bf37d4bd000d9c2d60d84a2d02d2d0ae584a0790da2dcdb34fab43fcd557
SOURCE/PRODUCT/rust/vendor/tower-http-0.6.11/src/follow_redirect/policy/filter_credentials.rs	4847	91e97561ff10fdc45a4a7c68e28bea0fb75fa1f6b6046934d49b97e5d4eb7b54
SOURCE/PRODUCT/rust/vendor/tower-http-0.6.11/src/follow_redirect/policy/limited.rs	2310	e607b6937a8886645ab1db45d05eea82ab7ec6930d937010441cda7b91844393
SOURCE/PRODUCT/rust/vendor/tower-http-0.6.11/src/follow_redirect/policy/mod.rs	9182	271fec4de1327fbc3a2f9135852f9fc03cf1993dcb7a197f184ebce3e2a68809
SOURCE/PRODUCT/rust/vendor/tower-http-0.6.11/src/follow_redirect/policy/or.rs	3181	b1ed91493464365a3a26a100a9fd45860b65ff9eedb809f3dcfb03b55187b4b5
SOURCE/PRODUCT/rust/vendor/tower-http-0.6.11/src/follow_redirect/policy/redirect_fn.rs	991	f4f7bf9219df8da1021ef9f44b07b50814dfa0728c8dbf52090e0dfab0b8edcc
SOURCE/PRODUCT/rust/vendor/tower-http-0.6.11/src/follow_redirect/policy/same_origin.rs	2107	908e514ff80da66ff2e163a96e9f27ec7727f4bf307eaadd420cd4024c98e4cf
SOURCE/PRODUCT/rust/vendor/tower-http-0.6.11/src/lib.rs	10278	f45824d429a74691605185874382884021153b8344bea5c88e202c9eba4f4fd5
SOURCE/PRODUCT/rust/vendor/tower-http-0.6.11/src/limit/body.rs	2450	aa59aba00aae4ca98097d746efeabff2f650e1ac60bbea30179644e76b5ea1f9
SOURCE/PRODUCT/rust/vendor/tower-http-0.6.11/src/limit/future.rs	1472	6c6feba8766a38e8fd68df7f73677a13047d71911acc0578f80b7d70ab0142d0
SOURCE/PRODUCT/rust/vendor/tower-http-0.6.11/src/limit/layer.rs	865	a9ebe5e09b32d7ca71442f855af622b3657dca140d95acf7021c4d57c7b50576
SOURCE/PRODUCT/rust/vendor/tower-http-0.6.11/src/limit/mod.rs	5437	71ecac20fea0d553f953b84224be72ab66b930bb590701eaabf44430ff432b67
SOURCE/PRODUCT/rust/vendor/tower-http-0.6.11/src/limit/service.rs	2082	b73f2016d1feb0b61fc4924597cbb06a43106ce213ce8104feabf953c7eefe2d
SOURCE/PRODUCT/rust/vendor/tower-http-0.6.11/src/macros.rs	3149	d9e425b15811809ef9a002c7f86376737ca401a435630f59d4451c1863aed823
SOURCE/PRODUCT/rust/vendor/tower-http-0.6.11/src/map_request_body.rs	4244	35eb77cc8d2257b849348a68aae050d9dee7a0869b433748b4a038cc8c70ee2f
SOURCE/PRODUCT/rust/vendor/tower-http-0.6.11/src/map_response_body.rs	5034	691263b8c85bd595aed6c55a3d3e2fd6d8e19dca77dd2e5df283fba581b7df56
SOURCE/PRODUCT/rust/vendor/tower-http-0.6.11/src/metrics/in_flight_requests.rs	9445	615652b49586bb809b8f841f15ee3ba70c8e62620e31c81d062e1100e88619e2
SOURCE/PRODUCT/rust/vendor/tower-http-0.6.11/src/metrics/mod.rs	346	71d79df8dcb242f4925dc9b0d380d3c4fa7ae1f3d6a125f9db4f8a4ee3be9b3d
SOURCE/PRODUCT/rust/vendor/tower-http-0.6.11/src/normalize_path.rs	10543	7859fefac3eb454e1fe52a315b96f018b0241e1a3c1202fd3a4032fda7df03a6
SOURCE/PRODUCT/rust/vendor/tower-http-0.6.11/src/on_early_drop/body.rs	2203	1734142f340bcf13ee1ea3525ace9fc3fbc8b92a4952076777ef3f2743528294
SOURCE/PRODUCT/rust/vendor/tower-http-0.6.11/src/on_early_drop/early_drops_as_failures.rs	8231	521bf4c5041956729291a8dad07a44a98f26e6c3c50dd8bde3f59ceb0f8ccc59
SOURCE/PRODUCT/rust/vendor/tower-http-0.6.11/src/on_early_drop/failure.rs	2657	a8ee4147c425cdf3f637dd04a6655347202e5a8e4cde1aba75b56d661460515d
SOURCE/PRODUCT/rust/vendor/tower-http-0.6.11/src/on_early_drop/future.rs	3382	d5b77c3b7c72c0ba6aba116aa1d0b704bac11a5c522e6aa42aaa375bf704f81c
SOURCE/PRODUCT/rust/vendor/tower-http-0.6.11/src/on_early_drop/guard.rs	3968	2795975e1776ffd065cbdab5bac894e95ec659141472bda91e4dee07572b55b6
SOURCE/PRODUCT/rust/vendor/tower-http-0.6.11/src/on_early_drop/layer.rs	2270	46438084544da1debe7e6e23b0b7ae3d6e374cd8d9e1b190fa073f4a993487e3
SOURCE/PRODUCT/rust/vendor/tower-http-0.6.11/src/on_early_drop/mod.rs	3758	5a8985d673e82e9c60f48760f47fee5824727acc6ab46ea97f27dfa2ca46979f
SOURCE/PRODUCT/rust/vendor/tower-http-0.6.11/src/on_early_drop/service.rs	15632	89733adcde2242c9f3b245b49d07ccf97fad236529c130794b3cf5127f066789
SOURCE/PRODUCT/rust/vendor/tower-http-0.6.11/src/on_early_drop/traits.rs	4042	917f3d385f1024cecf2382b8a8097ace7bed76956e0e71d2e5c7c88401b035f4
SOURCE/PRODUCT/rust/vendor/tower-http-0.6.11/src/propagate_header.rs	4474	d123d13557a28d9a797486285233cb4bade6fc318d803d07f8e93bca831a7750
SOURCE/PRODUCT/rust/vendor/tower-http-0.6.11/src/request_id.rs	19274	97c87d79b6747e079a65508d550ab45d00305fa1c8a41a9a01a6fc5202fb1dcb
SOURCE/PRODUCT/rust/vendor/tower-http-0.6.11/src/sensitive_headers.rs	14012	ab78f92d1482a3818f743b412316d6073dae6bf94ee06b22b60fe488d645cbbc
SOURCE/PRODUCT/rust/vendor/tower-http-0.6.11/src/service_ext.rs	14271	74754c8d6e5d4c1a06e609244ffc7680094c6a33ce44e9bd024a7ad1822c183e
SOURCE/PRODUCT/rust/vendor/tower-http-0.6.11/src/services/fs/mod.rs	2045	7e4ec72ab13df7b644c3c51dfd769942d14190ddbc527d7df138cd7e9a9aa1ad
SOURCE/PRODUCT/rust/vendor/tower-http-0.6.11/src/services/fs/serve_dir/future.rs	12031	3ec09ba4fbd1a72fc85d52fd40866786007defe49d94307aa0b297ea54c2a016
SOURCE/PRODUCT/rust/vendor/tower-http-0.6.11/src/services/fs/serve_dir/headers.rs	1529	d48fb514ca575e5e380f80eb84521a5fcab0560e57a995f1fef5ca35590400e8
SOURCE/PRODUCT/rust/vendor/tower-http-0.6.11/src/services/fs/serve_dir/mod.rs	23626	2c1081515a3651f32252a088ef5d7ee5b63964bdd27f3c30da06b496dc4a0612
SOURCE/PRODUCT/rust/vendor/tower-http-0.6.11/src/services/fs/serve_dir/open_file.rs	12496	9cc3da18001018aea0699bede4ec3e11b6ae10023bf0ed6e8258dc7b9a8b1359
SOURCE/PRODUCT/rust/vendor/tower-http-0.6.11/src/services/fs/serve_dir/tests.rs	30960	b6c6b0ec48afea6f7a6ebf4f3fd5d91855e253bfcbd6133a51ef33f3b051ed62
SOURCE/PRODUCT/rust/vendor/tower-http-0.6.11/src/services/fs/serve_file.rs	21118	a2f6feee5b6261d6643c91a2b6c5547f3dea2b48e823ccea4d95ec0f0f4bb561
SOURCE/PRODUCT/rust/vendor/tower-http-0.6.11/src/services/mod.rs	588	177bf1406c13c0386c82b247e6d1556c55c7a2f6704de7e50dbc987400713b96
SOURCE/PRODUCT/rust/vendor/tower-http-0.6.11/src/services/redirect.rs	4608	480cb9d2fefdcbe1f70c428a78faa3aa283a4f44eb26dff5c2d36cdd543d011a
SOURCE/PRODUCT/rust/vendor/tower-http-0.6.11/src/set_header/mod.rs	6432	3478ffb2622123c054abb22fd30fa758dbfbc6123ea2f38e8cbfbddec27a74a9
SOURCE/PRODUCT/rust/vendor/tower-http-0.6.11/src/set_header/request/mod.rs	5396	d89a6fe8ef32b37e3126acd9b6016d217f3c073ee84fb181109078422c8e394a
SOURCE/PRODUCT/rust/vendor/tower-http-0.6.11/src/set_header/request/multiple_headers.rs	12971	ddbcb1958ac1fd773aaeecdcb678f912d4bc8ec1a186f7d44a245d626cf7be33
SOURCE/PRODUCT/rust/vendor/tower-http-0.6.11/src/set_header/request/single_header.rs	5108	f0146aaa1d2ff0117391df02c54b0085be1e262fde65783dd378123ead54ac90
SOURCE/PRODUCT/rust/vendor/tower-http-0.6.11/src/set_header/response/mod.rs	6574	c675bcf7a2130343619ce1eec420cafc9b140484555e96ba88ace4109961d04e
SOURCE/PRODUCT/rust/vendor/tower-http-0.6.11/src/set_header/response/multiple_headers.rs	15655	f959a49556b0e18b2675b24311970407f22c6c96d5ba0222de05acbe79527804
SOURCE/PRODUCT/rust/vendor/tower-http-0.6.11/src/set_header/response/single_header.rs	9242	f8802e98201a8588266a6fc20187149db7b1f2e074dae3a5e267e067ace6a35a
SOURCE/PRODUCT/rust/vendor/tower-http-0.6.11/src/set_status.rs	3739	9dfc8c6d598a45483b8a489d6362b7bb8debd1feb0c8304a69c003a6ae4882d3
SOURCE/PRODUCT/rust/vendor/tower-http-0.6.11/src/test_helpers.rs	3841	31db04c69cc898baa7dd6c33a42356324585c98d4e120fa45a3c1b00da336fd5
SOURCE/PRODUCT/rust/vendor/tower-http-0.6.11/src/timeout/body.rs	5717	fb2ae892a082f00835084693bdffe2980f5c94cd45ef0be05109ba8cae35b351
SOURCE/PRODUCT/rust/vendor/tower-http-0.6.11/src/timeout/mod.rs	1866	89e321f5406763362e8dbf06efe304bdb079312d4a7c641055ba7bd4e1face9b
SOURCE/PRODUCT/rust/vendor/tower-http-0.6.11/src/timeout/service.rs	11755	90303931a839a43c337996894ce2c93282b4f7431709ef89e1b026e07642c18b
SOURCE/PRODUCT/rust/vendor/tower-http-0.6.11/src/trace/body.rs	4017	df32e27aab4eb6afd17da40e1866725c48d733a2db09c814aefbbf7044694c56
SOURCE/PRODUCT/rust/vendor/tower-http-0.6.11/src/trace/future.rs	4175	2d20b3778c70aef5e03768e1fafccfa07deb2a3536c8c9a1772b93a17d2c891c
SOURCE/PRODUCT/rust/vendor/tower-http-0.6.11/src/trace/layer.rs	8233	9f9a52c51f356fa0e2f4e83942dac1e04424d52589723ff74927754d68b38a77
SOURCE/PRODUCT/rust/vendor/tower-http-0.6.11/src/trace/make_span.rs	3108	1066f20074c3da019901f4c614b18e8bd574170fe6cdcbc090ab9bf42361f876
SOURCE/PRODUCT/rust/vendor/tower-http-0.6.11/src/trace/mod.rs	28102	0e46dc5cdf9999345002976fb8e352eb47b2cc097abb6ba069070aff4985f220
SOURCE/PRODUCT/rust/vendor/tower-http-0.6.11/src/trace/on_body_chunk.rs	2024	824f83e4b44e5656fd48922addf02c010764cd73ec4d290213be2b990751f3ca
SOURCE/PRODUCT/rust/vendor/tower-http-0.6.11/src/trace/on_eos.rs	3523	321f2afd63eef9a1be0bbe5e5bb450555bea984bc28381f92b31a17b6e466237
SOURCE/PRODUCT/rust/vendor/tower-http-0.6.11/src/trace/on_failure.rs	3041	2aa316893e4c2df0ac0bfe8b597a9eaee8db79a243c42480be16fe2ebdf58f41
SOURCE/PRODUCT/rust/vendor/tower-http-0.6.11/src/trace/on_request.rs	2457	9a88d6061c2f638d04dabf79317d014f7d47abb3c6e30730b687294ff135d646
SOURCE/PRODUCT/rust/vendor/tower-http-0.6.11/src/trace/on_response.rs	5311	9b22781e2c2f1003ad5c4d0525ab26c037905660d769dd0717f4dcf359e7319a
SOURCE/PRODUCT/rust/vendor/tower-http-0.6.11/src/trace/service.rs	10401	2b96171af5c11ad7d7e372afd8d86aed824de84ca64ae1cfdf832b8506646a66
SOURCE/PRODUCT/rust/vendor/tower-http-0.6.11/src/validate_request.rs	17476	2310e2b00bd3c6fd3330e8eaed502197c6fcccdc833331555c73e115e3b63400
SOURCE/PRODUCT/rust/vendor/tower-layer-0.3.3/.cargo-checksum.json	1145	9660eef5b0d3a638583038c30048c07e2c2bd0ed5c93f53347a0a24081a12b57
SOURCE/PRODUCT/rust/vendor/tower-layer-0.3.3/.cargo_vcs_info.json	105	2e24d902fab090b160e16484634b2eff2d613007c9235effcf35b95233734bd0
SOURCE/PRODUCT/rust/vendor/tower-layer-0.3.3/CHANGELOG.md	1212	8e388c285cf1f52b986862cde65a188002d1d223ffa04ce28fb669fe935f61a9
SOURCE/PRODUCT/rust/vendor/tower-layer-0.3.3/Cargo.toml	1098	294873d3652f2c23fd4839dffec4edfc3372345a2dd2cec898da4a9fb0b0c1c5
SOURCE/PRODUCT/rust/vendor/tower-layer-0.3.3/Cargo.toml.orig	695	95d5a40ffece4376dc1fde64a59684d79ecace700615ee937328afd79520e6d8
SOURCE/PRODUCT/rust/vendor/tower-layer-0.3.3/LICENSE	1062	4249c8e6c5ebb85f97c77e6457c6fafc1066406eb8f1ef61e796fbdc5ff18482
SOURCE/PRODUCT/rust/vendor/tower-layer-0.3.3/README.md	1785	224c67c67c5cbdbfd6f46a0ef4833a09798c4edb7faffaf3c549bec7f4780173
SOURCE/PRODUCT/rust/vendor/tower-layer-0.3.3/src/identity.rs	898	f52f535dd6fbe5da1e63da9cf6bbaaf16bb882da9008676570489b3bc6410673
SOURCE/PRODUCT/rust/vendor/tower-layer-0.3.3/src/layer_fn.rs	3229	bee7fb3ad2d016fea7fd47b298677b74d30cd459f019fa2d74940a6cc2237ddb
SOURCE/PRODUCT/rust/vendor/tower-layer-0.3.3/src/lib.rs	3168	4124a66bc533f64d67b44e98d1782104aa85b85a64638ab42f94319a0ff00812
SOURCE/PRODUCT/rust/vendor/tower-layer-0.3.3/src/stack.rs	1915	572ccc3b4d1111db007b7a573f31ac03efbd9b07ef8fec8d16ee34e9da299124
SOURCE/PRODUCT/rust/vendor/tower-layer-0.3.3/src/tuple.rs	8973	420dc53fbde5a4c213a2a70bce6ae755953b7fbddd1e895d6f4d62e2591ae466
SOURCE/PRODUCT/rust/vendor/tower-service-0.3.3/.cargo-checksum.json	811	65edfc36e12df8a5d444a8ea25531b7027e1836c995ebb73454a5583bee5aaad
SOURCE/PRODUCT/rust/vendor/tower-service-0.3.3/.cargo_vcs_info.json	107	c7bf3a79efb94009a5499c45a870cd702c9c3bd9f70ca43fbbb3b427d4500c8c
SOURCE/PRODUCT/rust/vendor/tower-service-0.3.3/CHANGELOG.md	1340	5a068d8fccbc19c60c88392e6de284b9cbb9c2d2596a476ca5ff9300381cd85c
SOURCE/PRODUCT/rust/vendor/tower-service-0.3.3/Cargo.toml	1317	98a29ed09a717054bacd7ae7515e59000303932d04c5da5d5af0f4828f40453d
SOURCE/PRODUCT/rust/vendor/tower-service-0.3.3/Cargo.toml.orig	813	3848c8400633ab3a141d64c45ca70b42dce03794a2f63184558ddbe37d074db8
SOURCE/PRODUCT/rust/vendor/tower-service-0.3.3/LICENSE	1062	4249c8e6c5ebb85f97c77e6457c6fafc1066406eb8f1ef61e796fbdc5ff18482
SOURCE/PRODUCT/rust/vendor/tower-service-0.3.3/README.md	2260	da9cb4815bf06e0991df6bf4e9f46272e26115dcc4e2c8f9ffc05e11d486179e
SOURCE/PRODUCT/rust/vendor/tower-service-0.3.3/src/lib.rs	13539	6d278dd3dba5d17e5be2e3a0af6f181be93eede2510129a7877f8eb86bba1092
SOURCE/PRODUCT/rust/vendor/tracing-0.1.44/.cargo-checksum.json	9078	f5580b7c938226ac817b7e9144cc451c52b85cd75e3d36174fe8ce30674078c6
SOURCE/PRODUCT/rust/vendor/tracing-0.1.44/.cargo_vcs_info.json	101	e3812fbb3fb259f00c279faa9a044355113802daac267ab6e8dffcfd659cdc8e
SOURCE/PRODUCT/rust/vendor/tracing-0.1.44/CHANGELOG.md	37803	ab06fd7a013cf5cf746f516b3789b14af626069efd94994a95f9f7f6bc2cae45
SOURCE/PRODUCT/rust/vendor/tracing-0.1.44/Cargo.lock	19985	5514d0d5653bb13676dc6e8a76e2be02949fd78d8b7dee321bdd4974502f0093
SOURCE/PRODUCT/rust/vendor/tracing-0.1.44/Cargo.toml	4847	b7e201be4f3872fe25da1fa45aa404c8751a661755d4883fdbb5c0c558303e6d
SOURCE/PRODUCT/rust/vendor/tracing-0.1.44/Cargo.toml.orig	2630	7f2718d2c04f52efa187ef4f5ae54aec9169d9309edf6815e5d7127872f131cc
SOURCE/PRODUCT/rust/vendor/tracing-0.1.44/LICENSE	1062	898b1ae9821e98daf8964c8d6c7f61641f5f5aa78ad500020771c0939ee0dea1
SOURCE/PRODUCT/rust/vendor/tracing-0.1.44/README.md	19417	7e65cd681de515732194a3d6d669f83afd0962a3d5fa6b000f62f05903b4ab2f
SOURCE/PRODUCT/rust/vendor/tracing-0.1.44/benches/baseline.rs	722	43a3e31b6c33dba2e6328052301b707b212487b83f0dcffc843061a9c48a2319
SOURCE/PRODUCT/rust/vendor/tracing-0.1.44/benches/dispatch_get_clone.rs	421	866239abeb74a82440741c948a4e7e0a44e92e8cc87319ec57e3b057c9e8f5dd
SOURCE/PRODUCT/rust/vendor/tracing-0.1.44/benches/dispatch_get_ref.rs	409	dd2803259a6784c256304e676bbce05de233e4c8451ac85863787213343e9be7
SOURCE/PRODUCT/rust/vendor/tracing-0.1.44/benches/empty_span.rs	925	9f51cf376414ea751b2f50c357f2435a545d606118286f5b8b89f185e28aad8c
SOURCE/PRODUCT/rust/vendor/tracing-0.1.44/benches/enter_span.rs	396	4410ec73d277e7b54e9f306c00ff3b79a150d1832966b7fc29984c8e3ad8d57c
SOURCE/PRODUCT/rust/vendor/tracing-0.1.44/benches/event.rs	295	98de3c82ed18abe0a3cbe6eda9a4f9deec2b69bca42c3aac11dea4b608b85a67
SOURCE/PRODUCT/rust/vendor/tracing-0.1.44/benches/shared.rs	4415	b13eb859fc851f0f084e26055d1ea9c5ec9a316cf4a7215417a7133c57c432bc
SOURCE/PRODUCT/rust/vendor/tracing-0.1.44/benches/span_fields.rs	583	9166cd43ef2783e5419dd61ea57a02e48e8cc38aa1b357e9b79fa581929b60d8
SOURCE/PRODUCT/rust/vendor/tracing-0.1.44/benches/span_no_fields.rs	329	79cc4befacf27d7ce728246087c4f06a6066f913e831d9043caeb7941f0193f6
SOURCE/PRODUCT/rust/vendor/tracing-0.1.44/benches/span_repeated.rs	515	e4b3c99a7a9fc15d9042b8db399a56cf647b4eebd26f29d95325bb057b68330b
SOURCE/PRODUCT/rust/vendor/tracing-0.1.44/src/dispatcher.rs	5891	a8732392ffe56b1178f8fd3d6e6e02d40b51475c38bb4600abd9cd170df1bf6c
SOURCE/PRODUCT/rust/vendor/tracing-0.1.44/src/field.rs	6890	f4ba4bb680a844733682b21b8fef46773054989b6dd4f31aac38ee39ec287d4d
SOURCE/PRODUCT/rust/vendor/tracing-0.1.44/src/instrument.rs	14263	9266d792bd9b6678baa49728704c5f38003bbc24755eac16a9e0bffcb2728010
SOURCE/PRODUCT/rust/vendor/tracing-0.1.44/src/level_filters.rs	4225	e648e4e17435ea7c671fca53f173fd475746ffeb03346fc6e79fa0aa3ca449ab
SOURCE/PRODUCT/rust/vendor/tracing-0.1.44/src/lib.rs	49331	217a90d94806a478c9142a14ff27b745856fd21a4ee95aee915dd396c96a44bd
SOURCE/PRODUCT/rust/vendor/tracing-0.1.44/src/macros.rs	115718	4c367e39d560ae169afcf1b15c618011f5a8c198cab1504a86b4576d5c3fdb30
SOURCE/PRODUCT/rust/vendor/tracing-0.1.44/src/span.rs	57318	b87686c0ff6b55193a9377f3a0c978e0368edb6f46cd4d5a5b395c169df2f658
SOURCE/PRODUCT/rust/vendor/tracing-0.1.44/src/subscriber.rs	2313	51d9e23098b81cab911d2e7c2e4590bce75c61337c83d73b0a0af3dedc0fe7a7
SOURCE/PRODUCT/rust/vendor/tracing-0.1.44/test-macros/bin/macro-results.sh	767	86cc594cd5988829226e5558f97463c709820ee33b85355aadf06e61d6e242ec
SOURCE/PRODUCT/rust/vendor/tracing-0.1.44/test-macros/tests/debug.rs	145113	99b1a2e4572f6fa5de99877f6e2b9b51588bd6f6ca9afaff8686995b0484a703
SOURCE/PRODUCT/rust/vendor/tracing-0.1.44/test-macros/tests/debug_n.rs	160973	b218e2ab3ae7c3d957d90cdb792b4e6c186d351ed5a18032db4370f0bb2680d1
SOURCE/PRODUCT/rust/vendor/tracing-0.1.44/test-macros/tests/debug_np.rs	208553	a22b54f692e14726dc5cfbb68c4519f6f4f809aff5c49ca089aa217ddecaf555
SOURCE/PRODUCT/rust/vendor/tracing-0.1.44/test-macros/tests/debug_nt.rs	189033	9b8b9cbe9470dce0ebd4be5979b9f8f0fea948e36ac8cce064080015d3eaf1fb
SOURCE/PRODUCT/rust/vendor/tracing-0.1.44/test-macros/tests/debug_ntp.rs	236613	3d339acc553d18983941b2e6a0901ebee104d095705f28a72645bcc896dcb848
SOURCE/PRODUCT/rust/vendor/tracing-0.1.44/test-macros/tests/debug_p.rs	191473	f98d9d625c5d7a0847c6ef63710e1597d2783c210a4f25b1a06bab7f48586e93
SOURCE/PRODUCT/rust/vendor/tracing-0.1.44/test-macros/tests/debug_t.rs	171953	e7a9a91a8efb96d0d529d472dfdd1cf419f93af7fd651aa9d5920653c8f83a55
SOURCE/PRODUCT/rust/vendor/tracing-0.1.44/test-macros/tests/debug_tp.rs	219533	3605b9be589245a6b14d5825ca48ec40dc4c0667e9dbf96740448ab97ca41536
SOURCE/PRODUCT/rust/vendor/tracing-0.1.44/test-macros/tests/error.rs	145113	7a5a4696e833270ccb3a18174be060db42f288e06408ba621ce3dadeeb0e17c2
SOURCE/PRODUCT/rust/vendor/tracing-0.1.44/test-macros/tests/error_n.rs	160973	dcf77db3df8755bb6097406b4f2386eab0206f486989cd7f6930744897c0ce51
SOURCE/PRODUCT/rust/vendor/tracing-0.1.44/test-macros/tests/error_np.rs	208553	1f2938446d00e056dea0f8f69402cec73cef86552ca514bfe3e6c6ccdf3a67cc
SOURCE/PRODUCT/rust/vendor/tracing-0.1.44/test-macros/tests/error_nt.rs	189033	4e318c7c7989ebf8641d0cd7293e46e9b5eb02568146794fc422b44c4fd444ef
SOURCE/PRODUCT/rust/vendor/tracing-0.1.44/test-macros/tests/error_ntp.rs	236613	f36a7c3ecf616622bfa6f100c0a3b6ba329039d4be739a3b624d89779ad2b56e
SOURCE/PRODUCT/rust/vendor/tracing-0.1.44/test-macros/tests/error_p.rs	191473	db5a7d6e2f8882adac33daa8027cbe304f3dc11ac7cbbc203e23d77538b10f42
SOURCE/PRODUCT/rust/vendor/tracing-0.1.44/test-macros/tests/error_t.rs	171953	b674bf3cb193139bafc69f5ca2875c434f515ee8af8a077f9aa7c1f5398b7c24
SOURCE/PRODUCT/rust/vendor/tracing-0.1.44/test-macros/tests/error_tp.rs	219533	67a33dc6a5d2cf9320c45ad2b501a19cc3f784d072018f53440a7376d2dc5ff4
SOURCE/PRODUCT/rust/vendor/tracing-0.1.44/test-macros/tests/event.rs	171953	e8acca0bdfa3e3724a6855bacba9a0a0e47bf57dca52af61e0e82daa5460eed7
SOURCE/PRODUCT/rust/vendor/tracing-0.1.44/test-macros/tests/event_n.rs	187813	05ea563731965ecf2f8aae48fb23da67beb994c57c3def407a9a1373bb8bf4d8
SOURCE/PRODUCT/rust/vendor/tracing-0.1.44/test-macros/tests/event_np.rs	235393	40bbaf8154ca1524efed0cc0319054b9c404a9f8c658fcbfa079f0ad6be583ec
SOURCE/PRODUCT/rust/vendor/tracing-0.1.44/test-macros/tests/event_nt.rs	215873	9290cb4a8ebac8d8c00addc902f3f79316c741d20f6bd8f67106758339908ac9
SOURCE/PRODUCT/rust/vendor/tracing-0.1.44/test-macros/tests/event_ntp.rs	263453	230326599ced527818cc8d392d7abcb201a63ab10c50fb1dc9fe26a2fb86fe70
SOURCE/PRODUCT/rust/vendor/tracing-0.1.44/test-macros/tests/event_p.rs	218313	c68a5a3af91f7fec58273bf4427226fcf8d311ee5dd9257c170a76b3ec8af1cd
SOURCE/PRODUCT/rust/vendor/tracing-0.1.44/test-macros/tests/event_t.rs	198793	8a22d8e9511ccfa07eef5ad5a5a8dcb0d212370d0785de7fcf63a9ac34582396
SOURCE/PRODUCT/rust/vendor/tracing-0.1.44/test-macros/tests/event_tp.rs	246373	dbf9937f0fdbe93484a4b6348044451c96489e9913cd6003048107360be56c6d
SOURCE/PRODUCT/rust/vendor/tracing-0.1.44/test-macros/tests/info.rs	142671	1de3667f05475965f295535d87ef25f8f1537ff4e342d105cbb904c91bf402f4
SOURCE/PRODUCT/rust/vendor/tracing-0.1.44/test-macros/tests/info_n.rs	158531	1ff81a9080189b29e2d9ee2ab8be2072395b5225ab6ae29e323a746618d517db
SOURCE/PRODUCT/rust/vendor/tracing-0.1.44/test-macros/tests/info_np.rs	206111	2fd82972685fe169671a5784a2d0119fe6170918cb12a309f1143e7fa768a797
SOURCE/PRODUCT/rust/vendor/tracing-0.1.44/test-macros/tests/info_nt.rs	186591	ce52b59f526fb33e2f5177cf6f0b8bd52e5e48874e57c93bc17dcdf2b3a48f41
SOURCE/PRODUCT/rust/vendor/tracing-0.1.44/test-macros/tests/info_ntp.rs	234171	08bccc80c3e990ab000f5d8531fd70a501a5f2f216c88d13c47ea3e21bfa5061
SOURCE/PRODUCT/rust/vendor/tracing-0.1.44/test-macros/tests/info_p.rs	189031	e0e77eb4a349bc3c2ae34000846c692ccbd0c8cae1318c44994a27cb9ae8f233
SOURCE/PRODUCT/rust/vendor/tracing-0.1.44/test-macros/tests/info_t.rs	169511	d5b08733bc613cc643cd38f29ecd6d51fab84c9eddf79281ee8a514134ad4c78
SOURCE/PRODUCT/rust/vendor/tracing-0.1.44/test-macros/tests/info_tp.rs	217091	7ea04fb6d6f1f75ca212cf0bffbb31b3282e9004d0cd3828d70d587e30c35dbc
SOURCE/PRODUCT/rust/vendor/tracing-0.1.44/test-macros/tests/trace.rs	145113	cdaf575e73ceb2d79c344c17a0a1cc710f26315271dd1c36ad74a3bfad13430c
SOURCE/PRODUCT/rust/vendor/tracing-0.1.44/test-macros/tests/trace_n.rs	160973	0598a28f98b4265886bb0e4d28ca332f37b5d8948ffc1a5fa0c50e3df820d60c
SOURCE/PRODUCT/rust/vendor/tracing-0.1.44/test-macros/tests/trace_np.rs	208553	14052fad3b8cfdf0b072a156cd1269024748466083e600fefb0aedd159c1e629
SOURCE/PRODUCT/rust/vendor/tracing-0.1.44/test-macros/tests/trace_nt.rs	189033	a8cd691fe69a4866b4ef8a679fd0c0c0a811490fbf2cef2e0b3f3b66001d9b89
SOURCE/PRODUCT/rust/vendor/tracing-0.1.44/test-macros/tests/trace_ntp.rs	236613	95e57ff15aa5217662036280a61b1a6252c6ace3dd1a37c28d847353701b15c6
SOURCE/PRODUCT/rust/vendor/tracing-0.1.44/test-macros/tests/trace_p.rs	191473	658d4185382df533ae680942419fd1acf5ee71fdfaa0261b1a596efca064e879
SOURCE/PRODUCT/rust/vendor/tracing-0.1.44/test-macros/tests/trace_t.rs	171953	b845662bd6971f4da93f8305899feceeae991dddea7fd7098526e9bc1fef8f07
SOURCE/PRODUCT/rust/vendor/tracing-0.1.44/test-macros/tests/trace_tp.rs	219533	78e722af60ff80ee038f4be2f521813d2b179c64e72b5e91d9e5ae8532c9c6b9
SOURCE/PRODUCT/rust/vendor/tracing-0.1.44/test-macros/tests/warn.rs	142671	265a0a82f8ee0316e923d354e162e3b6fa9f21f296b147514e83e295cb934e6f
SOURCE/PRODUCT/rust/vendor/tracing-0.1.44/test-macros/tests/warn_n.rs	158531	aea9e9b87430af5fe50e8e94beeea858ea379ae62e6e21bcb533a4231ce9ecbe
SOURCE/PRODUCT/rust/vendor/tracing-0.1.44/test-macros/tests/warn_np.rs	206111	7e884d3ff118c5834998d3bde4b8e1922946b948f41827e4920aa4639afeb9cd
SOURCE/PRODUCT/rust/vendor/tracing-0.1.44/test-macros/tests/warn_nt.rs	186591	6423e3a64b3e4c6e2c7c0b72cdbf560ec3296630aa7cec306fbabae33240f2c8
SOURCE/PRODUCT/rust/vendor/tracing-0.1.44/test-macros/tests/warn_ntp.rs	234171	ea9c6a51dae213b1594e03c437047ac3d7d9543c5a19a499060b5e37e7eb7783
SOURCE/PRODUCT/rust/vendor/tracing-0.1.44/test-macros/tests/warn_p.rs	189031	640fb373d13e9bf464dd85b1fe9bec9071536f7f4566c6f2918f3a81051047b9
SOURCE/PRODUCT/rust/vendor/tracing-0.1.44/test-macros/tests/warn_t.rs	169511	e1b613a785e1e9e80dc350a3287e791a88362d1a21127be7d60b35e9e2f22025
SOURCE/PRODUCT/rust/vendor/tracing-0.1.44/test-macros/tests/warn_tp.rs	217091	36557cbd34f55a453bce690a5a55e88bff5d5c1d5541e2d5cabfc0287990c05d
SOURCE/PRODUCT/rust/vendor/tracing-0.1.44/tests/enabled.rs	1725	e19d039cf0e984918838aaab9d8b3ca5a1eea9d01a54a264a70184b440a9e880
SOURCE/PRODUCT/rust/vendor/tracing-0.1.44/tests/event.rs	19627	f390eac630a79fa6d43a005377e4ebcb764d9464088f240566b9859d39b495d3
SOURCE/PRODUCT/rust/vendor/tracing-0.1.44/tests/filter_caching_is_lexically_scoped.rs	2056	5487a37db5fbdf3d57020ab1f01185d928c45d967d99d723ffc434540459d8dc
SOURCE/PRODUCT/rust/vendor/tracing-0.1.44/tests/filters_are_not_reevaluated_for_the_same_span.rs	2438	251abbc000dddd298448958a1f0e5be71da527ac6c1a368d57837c83a5467329
SOURCE/PRODUCT/rust/vendor/tracing-0.1.44/tests/filters_are_reevaluated_for_different_call_sites.rs	3019	e0fdd8e930c043674702831b4d96f331e63aba824576bbac50b3f53bb0241cc7
SOURCE/PRODUCT/rust/vendor/tracing-0.1.44/tests/filters_dont_leak.rs	1973	6c41d3209cf2a37a1656a8314399777022ceec556e44f5417f1f5a4cd24eb43a
SOURCE/PRODUCT/rust/vendor/tracing-0.1.44/tests/future_send.rs	524	3e9c9193219d12e342c18bbedb2f6ec940334202feb3cffba91601d6001b8575
SOURCE/PRODUCT/rust/vendor/tracing-0.1.44/tests/instrument.rs	2086	a3ee726247d897ad2af8123e6d44abce1a43a72ccbc3fd479257f810d8cbbbb2
SOURCE/PRODUCT/rust/vendor/tracing-0.1.44/tests/macro_imports.rs	631	d5de857162185d4a2384f3cb644bfcf76c7f5c1a3b5f72bfa0d2620ac6e3873c
SOURCE/PRODUCT/rust/vendor/tracing-0.1.44/tests/macros.rs	68684	6da2322cabb1e49500991be5071a328e999fec2e700e58fff4dc53d6464f30d2
SOURCE/PRODUCT/rust/vendor/tracing-0.1.44/tests/macros_incompatible_concat.rs	487	5f3bcbb65e4ae39db1cfc2def62fc913c20bab0fb769c8f731504e2615585ee5
SOURCE/PRODUCT/rust/vendor/tracing-0.1.44/tests/max_level_hint.rs	1483	39576a958df3ea215c49154ff72c3dd14c8b3be3fcdb849e7dd847c8c9fd09e2
SOURCE/PRODUCT/rust/vendor/tracing-0.1.44/tests/missed_register_callsite.rs	3713	3211f0f030c9baf6333abf709d6520ced25619ee82cdf88a4e6ba8e1aff12296
SOURCE/PRODUCT/rust/vendor/tracing-0.1.44/tests/multiple_max_level_hints.rs	2663	28ead97a8424358a0632547dae987ddbddc5bb69cdcd996d20feb49a7f3ddc69
SOURCE/PRODUCT/rust/vendor/tracing-0.1.44/tests/no_subscriber.rs	614	ca42d0d4a20eb3b4e0a342b5e0090c7ada8b5a157f3cddb7b5d051238cdc1202
SOURCE/PRODUCT/rust/vendor/tracing-0.1.44/tests/register_callsite_deadlock.rs	1489	c0b3142543e7a10065c7583a8ee0b6bc978ea4f3979599651101c5a28966e7c8
SOURCE/PRODUCT/rust/vendor/tracing-0.1.44/tests/scoped_clobbers_default.rs	1193	a7615615d176fb2a4b877c48d2aa7a75fca436d997d9672b56cc2c30177f889b
SOURCE/PRODUCT/rust/vendor/tracing-0.1.44/tests/span.rs	33093	9a0acd71aadd697f8b6d73a6e853f031e2c2082d9619c1c2bd40549f909ac1b6
SOURCE/PRODUCT/rust/vendor/tracing-0.1.44/tests/subscriber.rs	4022	2da999bedb978bab019a70ccc9fdd43b062ec2e383af1e7c5b780df23adc219b
SOURCE/PRODUCT/rust/vendor/tracing-core-0.1.36/.cargo-checksum.json	2632	39c8e8e6af2a95365427e3337de8c9bf1631fa587cee78f99dfdaf6f53ffc505
SOURCE/PRODUCT/rust/vendor/tracing-core-0.1.36/.cargo_vcs_info.json	106	fc0c40fe943f71a6f07ff229f3ff2a972e1434b17b218c91311c6e1e821a77d6
SOURCE/PRODUCT/rust/vendor/tracing-core-0.1.36/CHANGELOG.md	18814	f33c4cce31b558333bc494d06239831a2590cabf3c147de19cf52d6a23b4c301
SOURCE/PRODUCT/rust/vendor/tracing-core-0.1.36/Cargo.lock	576	553e05afb1a85e16d54d4e16370d0924c638e62f0afcc8f446b3fe3112a85ff7
SOURCE/PRODUCT/rust/vendor/tracing-core-0.1.36/Cargo.toml	2140	610cf318865f1d349164f4420b53b49b2b3662b6938c2e730873371eb92e050e
SOURCE/PRODUCT/rust/vendor/tracing-core-0.1.36/Cargo.toml.orig	1355	bfb8713c75a630c7552b51445f012e8bbafbe2e5c018f6e9ed688f46bb7fa6c1
SOURCE/PRODUCT/rust/vendor/tracing-core-0.1.36/LICENSE	1062	898b1ae9821e98daf8964c8d6c7f61641f5f5aa78ad500020771c0939ee0dea1
SOURCE/PRODUCT/rust/vendor/tracing-core-0.1.36/README.md	5013	e3008819ba561550f2a258aeeda96aebf049b85e3a427433dc58514d8362f4db
SOURCE/PRODUCT/rust/vendor/tracing-core-0.1.36/src/callsite.rs	23168	5379f10b434562dc431488b5206b291d5770337cc932b0dc4ee28c2901c53903
SOURCE/PRODUCT/rust/vendor/tracing-core-0.1.36/src/dispatcher.rs	36090	d2a0584196c7e053006490baebfa61c6b3145138e3209f82f44d1afbe066acb6
SOURCE/PRODUCT/rust/vendor/tracing-core-0.1.36/src/event.rs	4402	f2673bf5d266972e567e521c9cd92fb33f28b0c7e010937e3bc2bf9eb483087f
SOURCE/PRODUCT/rust/vendor/tracing-core-0.1.36/src/field.rs	43841	17eaa584f9c87dcc4f43e355d77319d22543c285ffd12b2f3d0c5eafa32182f4
SOURCE/PRODUCT/rust/vendor/tracing-core-0.1.36/src/lazy.rs	2521	318e3558e4446abf26294287167c0788e343044a28072f9217bd985929809087
SOURCE/PRODUCT/rust/vendor/tracing-core-0.1.36/src/lib.rs	9547	97a112bcdcd0fd35ad786fc75269a501eabbebaba16bb4e15f65583317eb344a
SOURCE/PRODUCT/rust/vendor/tracing-core-0.1.36/src/metadata.rs	39719	87b7dc2f5e1da4ae4146da2c641e71972b5412c243918ca484027bc06922a7e5
SOURCE/PRODUCT/rust/vendor/tracing-core-0.1.36/src/parent.rs	263	5d5ad733343280a64a1feb6a008e186c39305ec554f14279012b8d7915821471
SOURCE/PRODUCT/rust/vendor/tracing-core-0.1.36/src/span.rs	10491	0f5fdfd585b0961c7c09e4e314f43d11775837de008176dc3cdc29528dee8f92
SOURCE/PRODUCT/rust/vendor/tracing-core-0.1.36/src/spin/LICENSE	1085	58545fed1565e42d687aecec6897d35c6d37ccb71479a137c0deb2203e125c79
SOURCE/PRODUCT/rust/vendor/tracing-core-0.1.36/src/spin/mod.rs	124	c458ce5e875acb7fbfb279f23254f4924d7c6d6fee419b740800d2e8087d1524
SOURCE/PRODUCT/rust/vendor/tracing-core-0.1.36/src/spin/mutex.rs	3343	4d30ff2b59b18fd7909f016e1abdf9aa0c04aa11d047a46e98cffe1319e32dad
SOURCE/PRODUCT/rust/vendor/tracing-core-0.1.36/src/spin/once.rs	5113	3781fd4eae0db04d80c03a039906c99b1e01d1583b29ac0144e6fbbd5a0fef0b
SOURCE/PRODUCT/rust/vendor/tracing-core-0.1.36/src/subscriber.rs	35588	399c300e2d55711928ccfac76254ffbbc02d618095b4d06814d87ff7189f6d74
SOURCE/PRODUCT/rust/vendor/tracing-core-0.1.36/src/sync.rs	629	509cfcd9ba98bf41e1e95dfa0470d730749576953aced5a55e753836d80d3623
SOURCE/PRODUCT/rust/vendor/tracing-core-0.1.36/tests/common/mod.rs	1022	0bbb217baa17df0f96cc1ff57dfa74ccc5a959e7f66b15bb7d25d5f43358a278
SOURCE/PRODUCT/rust/vendor/tracing-core-0.1.36/tests/dispatch.rs	1436	d3f000fab43734a854c82a7783142910c5e79f806cbd3f8ec5eded598c59ddb1
SOURCE/PRODUCT/rust/vendor/tracing-core-0.1.36/tests/global_dispatch.rs	894	cdc05d77e448ee8b50bfb930abafa3f19b4c6f922b7bebc7797fa1dbdaa1d398
SOURCE/PRODUCT/rust/vendor/tracing-core-0.1.36/tests/local_dispatch_before_init.rs	1340	338846cd519e9a3a6895f958b11bd3f97e4350d08adb50f95b8552113a593b0d
SOURCE/PRODUCT/rust/vendor/tracing-core-0.1.36/tests/macros.rs	1204	b1603d888b349c8d103794deceec3b1ae4538b8d3eba805f3f561899e8ad0dd2
SOURCE/PRODUCT/rust/vendor/tracing-core-0.1.36/tests/missed_register_callsite.rs	4452	c8af23ec5ac08a2c5dffe8b39f96d67a785d113f52d721e46417d2c85f8fc8fe
SOURCE/PRODUCT/rust/vendor/typenum-1.20.1/.cargo-checksum.json	2260	4c6d3d1d2739b0e21fcbedf53053cbcc391b57bb8818e93c36b0f45833b54085
SOURCE/PRODUCT/rust/vendor/typenum-1.20.1/.cargo_vcs_info.json	94	d7d4eb889276ea2345b766f1d6723ae01ee3ed1ad3bbce5f81192bca9c098e94
SOURCE/PRODUCT/rust/vendor/typenum-1.20.1/CHANGELOG.md	5696	6b10d1fb0f0e3c400880b2023bf43a10789e447ee32ee372a1a660a786f8dea5
SOURCE/PRODUCT/rust/vendor/typenum-1.20.1/Cargo.lock	5543	5c6c01fd4a1ff4afda649a75c13ffecdde037f314fe2415e35f4ae8b07fafdfb
SOURCE/PRODUCT/rust/vendor/typenum-1.20.1/Cargo.toml	1697	00785a81eae34b3298dfdde78a6bd96fe3ec000de46edd509bd13b7cab7a9870
SOURCE/PRODUCT/rust/vendor/typenum-1.20.1/Cargo.toml.orig	1080	0e53bbc04e0c3110a4af833bed984a4deebdaa9a36b5933fdd4304b2ba408733
SOURCE/PRODUCT/rust/vendor/typenum-1.20.1/LICENSE	17	db11fec9946737df39ca3898d9cd8c10ec6f6c3a884a6802b0ad0b81b4e8f23a
SOURCE/PRODUCT/rust/vendor/typenum-1.20.1/LICENSE-APACHE	10835	516b24e051bf5630880ebbd55c40a25ce9552ebaf8970a53e8976eb70e522406
SOURCE/PRODUCT/rust/vendor/typenum-1.20.1/LICENSE-MIT	1083	a825bd853ab71619a4923d7b4311221427848070ff44d990da39b0b274c1683f
SOURCE/PRODUCT/rust/vendor/typenum-1.20.1/README.md	2283	a0226a558788e7552b098e9781cce07e0fc87055d04a16c6c68866ad2e2c9c19
SOURCE/PRODUCT/rust/vendor/typenum-1.20.1/src/array.rs	9082	e7112e04302b9df5491e69fdf3a2b765de18f3d7cf098702051c79e8a1e978f2
SOURCE/PRODUCT/rust/vendor/typenum-1.20.1/src/bit.rs	6847	1d2a81b9dcc3fbaaad0df29e5cbd4595b02fdc3efbc08ec35932ea521ac6619c
SOURCE/PRODUCT/rust/vendor/typenum-1.20.1/src/gen.rs	95	77e44de90067aa126d3697e514c8641af67eb9c509399bb6fcb551071d7e64ea
SOURCE/PRODUCT/rust/vendor/typenum-1.20.1/src/gen/consts.rs	280251	9aa17739639f2e3f516cd9136e05beb19492491431df71a1e2aa4e3ec78e176c
SOURCE/PRODUCT/rust/vendor/typenum-1.20.1/src/gen/generic_const_mappings.rs	72941	891e3a1917e39eebd1306765158c26c4ff2d9a85b197844100638591ec6658fb
SOURCE/PRODUCT/rust/vendor/typenum-1.20.1/src/gen/op.rs	46006	b91eadcee885bc0ab929b64492f7b04641cde71ddf8e9aa455d324f1723c61de
SOURCE/PRODUCT/rust/vendor/typenum-1.20.1/src/int.rs	36073	62412ed76dfd63e76e5e0252ee950914629443d4023a1031c511191588d95694
SOURCE/PRODUCT/rust/vendor/typenum-1.20.1/src/lib.rs	4749	0cf99cbd6f5597dd42618d603e1f453f6484e01e8f6e72d328ca5206191bc9f3
SOURCE/PRODUCT/rust/vendor/typenum-1.20.1/src/marker_traits.rs	4853	5a58d16edc16853b4b793a6b46068d926911273aa9dc57fd9dc64df77986b7dd
SOURCE/PRODUCT/rust/vendor/typenum-1.20.1/src/operator_aliases.rs	5336	4666925ecdd4321e28d9654bad61e34defdba7fc1e8fa7b033b2283e4b542b93
SOURCE/PRODUCT/rust/vendor/typenum-1.20.1/src/private.rs	14919	c7008d1cd4215e0fc58897ea885058879e0c700a2fe0be46784f20d612753a48
SOURCE/PRODUCT/rust/vendor/typenum-1.20.1/src/tuple.rs	4195	b2a3d3906a446e5ce96a9da6da511c256475084cc78205c97c11caf7634db57f
SOURCE/PRODUCT/rust/vendor/typenum-1.20.1/src/type_operators.rs	17905	c3ea12ffc00d1d438db095d48abae94af9dd46adf0b25c90871c1c4d6f15ae7b
SOURCE/PRODUCT/rust/vendor/typenum-1.20.1/src/uint.rs	70825	525f229da5bd7cbef775b478821b5422497ed3eea319b712fee137a6ad84dd40
SOURCE/PRODUCT/rust/vendor/typenum-1.20.1/tests/generated.rs	628845	3034ec2bce8abe6c70d1d0aa87bec56f6c5f95db16dde365377973f7d8f3911d
SOURCE/PRODUCT/rust/vendor/unicode-ident-1.0.24/.cargo-checksum.json	2229	90bb9be712fc0d625c8fd206d16edca353f35e82bf56155a8e0dec43907ff944
SOURCE/PRODUCT/rust/vendor/unicode-ident-1.0.24/.cargo_vcs_info.json	94	9900659dcf16d47a600102bbfd47cf554a0d4db40790983e570f9ecac9822c68
SOURCE/PRODUCT/rust/vendor/unicode-ident-1.0.24/.github/FUNDING.yml	16	b017158736b3c9751a2d21edfce7fe61c8954e2fced8da8dd3013c2f3e295bd9
SOURCE/PRODUCT/rust/vendor/unicode-ident-1.0.24/.github/workflows/ci.yml	3418	7cd19596c9178c43f442aeeaf808592bb0c3a118ce291aa2037bd22116045e61
SOURCE/PRODUCT/rust/vendor/unicode-ident-1.0.24/Cargo.lock	20100	dac9e67ad7272c61e7b197143b696705ce4800ea0e010b3b1f0c8924a0c9701d
SOURCE/PRODUCT/rust/vendor/unicode-ident-1.0.24/Cargo.toml	2072	0bb9c0e006a21355cb85c7df72e78dd8ba6fffbb7dc3f1e7a4c19af53cd354da
SOURCE/PRODUCT/rust/vendor/unicode-ident-1.0.24/Cargo.toml.orig	1331	8d0abaf7ce10cb78f26edcd613dfe5a47faa4381e6e251c7d1c123608d2e037a
SOURCE/PRODUCT/rust/vendor/unicode-ident-1.0.24/LICENSE-APACHE	9723	62c7a1e35f56406896d7aa7ca52d0cc0d272ac022b5d2796e7d6905db8a3636a
SOURCE/PRODUCT/rust/vendor/unicode-ident-1.0.24/LICENSE-MIT	1023	23f18e03dc49df91622fe2a76176497404e46ced8a715d9d2b67a7446571cca3
SOURCE/PRODUCT/rust/vendor/unicode-ident-1.0.24/LICENSE-UNICODE	1995	f7db81051789b729fea528a63ec4c938fdcb93d9d61d97dc8cc2e9df6d47f2a1
SOURCE/PRODUCT/rust/vendor/unicode-ident-1.0.24/README.md	12338	2fd3a0c6c9abd2c042fb319221f9ef2c95728a6e3725b0f067e4d315c5dbfe5a
SOURCE/PRODUCT/rust/vendor/unicode-ident-1.0.24/benches/xid.rs	4097	7eb058c1140a253f7177af8868a95aabb1b92c52dc7eee5abbfeadb507d7845d
SOURCE/PRODUCT/rust/vendor/unicode-ident-1.0.24/src/lib.rs	12871	078912e7c64ba3ea1081b88c2610deba31eeb057c28f9d78e929db4856b7774f
SOURCE/PRODUCT/rust/vendor/unicode-ident-1.0.24/src/tables.rs	63369	369c476ba91a39fce55563b692a3f598daf7f026cfe0a3796cfed1102fb3b190
SOURCE/PRODUCT/rust/vendor/unicode-ident-1.0.24/tests/compare.rs	1803	f2311271aa1db7380e5bf153ef83ee99777e14579e4f28c2b1a3e21877ffe715
SOURCE/PRODUCT/rust/vendor/unicode-ident-1.0.24/tests/fst/mod.rs	385	69a3aaf59acd8bca962ecc6234be56be8c0934ab79b253162f10eb881523901f
SOURCE/PRODUCT/rust/vendor/unicode-ident-1.0.24/tests/fst/xid_continue.fst	76143	b58be4f0c498253e7a5ac664046096f15f249da66131347d4b822097623549a2
SOURCE/PRODUCT/rust/vendor/unicode-ident-1.0.24/tests/fst/xid_start.fst	67370	aec7eecdacfce308d2e6210f47d28ed3aad5c8b048efbfbc11fc22e60fbf435b
SOURCE/PRODUCT/rust/vendor/unicode-ident-1.0.24/tests/roaring/mod.rs	540	f5c6d55463a7f53e92a493cf046d717149250fbafc0e0fe94bdb531377bf8b11
SOURCE/PRODUCT/rust/vendor/unicode-ident-1.0.24/tests/static_size.rs	2456	80c3ca7eeec2660f3f4f2efa8fecd6209b32ec8b547192cbfa37c0e67a5f14a0
SOURCE/PRODUCT/rust/vendor/unicode-ident-1.0.24/tests/tables/mod.rs	144	e6949172d10fc4b2431ce7546269bfd4f9146454c8c3e31faf5e5d80c16a8ab6
SOURCE/PRODUCT/rust/vendor/unicode-ident-1.0.24/tests/tables/tables.rs	24312	302d87306100b6280f8db93e167dc70c47f724045cf1312b7354683656c3f36b
SOURCE/PRODUCT/rust/vendor/unicode-ident-1.0.24/tests/trie/mod.rs	179	d4acbb716bcbaf80660039797f45e138ed8bbd66749fa3b19b1a971574679cc9
SOURCE/PRODUCT/rust/vendor/unicode-ident-1.0.24/tests/trie/trie.rs	30787	f7b9edc1e8a98e3be42b653bba27bb4eb5fc48a559d6d8d1c6a4db4b5425b0d5
SOURCE/PRODUCT/rust/vendor/uuid-1.24.0/.cargo-checksum.json	2757	5388ed207af35308279adf43490963231912fd50e298db09a3eb4ef2712c6dfa
SOURCE/PRODUCT/rust/vendor/uuid-1.24.0/.cargo_vcs_info.json	94	d5be73f37afb52c0438135fa6258a2f772bd31aec85f0bff5224ebd166c90d6d
SOURCE/PRODUCT/rust/vendor/uuid-1.24.0/Cargo.lock	23626	36a22854d4460881be5ec4e061d4b4ab4e638ff92b88aaeed636a3580bc10276
SOURCE/PRODUCT/rust/vendor/uuid-1.24.0/Cargo.toml	5020	78e7ae6aba8038eafd918fd799724dd2a3b787f49bd9a58d777f0dbdf8d52966
SOURCE/PRODUCT/rust/vendor/uuid-1.24.0/Cargo.toml.orig	5574	f1587f75e41b6bef69a871ed91997d991aba60ebd812b30fc06bd7e0d6c63ba6
SOURCE/PRODUCT/rust/vendor/uuid-1.24.0/LICENSE-APACHE	10847	a60eea817514531668d7e00765731449fe14d059d3249e0bc93b36de45f759f2
SOURCE/PRODUCT/rust/vendor/uuid-1.24.0/LICENSE-MIT	1157	436bc5a105d8e57dcd8778730f3754f7bf39c14d2f530e4cde4bd2d17a83ec3d
SOURCE/PRODUCT/rust/vendor/uuid-1.24.0/README.md	2625	1ffb516de54c3680732305f8ca865a13d7ca307361a2da748ee3f33685793ee0
SOURCE/PRODUCT/rust/vendor/uuid-1.24.0/src/builder.rs	24818	d332dbf9380bd6275f8c416758a8971db875ce2a661440c8e476cc6f827736c9
SOURCE/PRODUCT/rust/vendor/uuid-1.24.0/src/error.rs	7753	845b3a0ed9546b72c50cf000d7a3e069f2e17cd856e7624f3751e2b1f489c134
SOURCE/PRODUCT/rust/vendor/uuid-1.24.0/src/external.rs	230	a0640bdb98de1c24fcc9851a438a5abe6f7e3acb195885c817a64fac25521b9d
SOURCE/PRODUCT/rust/vendor/uuid-1.24.0/src/external/arbitrary_support.rs	1877	a257653e0defcd271b1b74386c2f57a398ef54c1bacf450660a2847bf7956514
SOURCE/PRODUCT/rust/vendor/uuid-1.24.0/src/external/borsh_support.rs	749	b49d82a59653445ba26db46a1515294b1ab480c0671dbe5499dfd1fb02588b3b
SOURCE/PRODUCT/rust/vendor/uuid-1.24.0/src/external/serde_support.rs	31681	3c461e4d71b03423e817d53c3292095c6b2965bda28c46604dc5bccf1dd24f3d
SOURCE/PRODUCT/rust/vendor/uuid-1.24.0/src/external/slog_support.rs	1355	8ba03d4b6c8b37dd8e3d08f47b254ca68ffa6f4a29a2c98dd277dbafdcb810dc
SOURCE/PRODUCT/rust/vendor/uuid-1.24.0/src/fmt.rs	43258	59160088a7ef7df7fd6d622d888db2a73d5a93940121ef14daf957f0d2cef68f
SOURCE/PRODUCT/rust/vendor/uuid-1.24.0/src/lib.rs	52276	4faed808181ee052d97b9f0574f47fd23428282d9c692129bbab3fb59ddf0b72
SOURCE/PRODUCT/rust/vendor/uuid-1.24.0/src/macros.rs	2414	76b6c6da92909ba9da6d3ed41c818943825939c9ed6bca7be81acec737abfcb5
SOURCE/PRODUCT/rust/vendor/uuid-1.24.0/src/md5.rs	285	316d65b760ffa58beb6aa678be24359eb21a744e9e143bc99c11fe1907659245
SOURCE/PRODUCT/rust/vendor/uuid-1.24.0/src/non_nil.rs	5906	4703e3a839c520f19d98c0b8c891114c07b18e7c5971bc17449eb1d14f0e171c
SOURCE/PRODUCT/rust/vendor/uuid-1.24.0/src/parser.rs	19964	6dbeb10a725bf00a711257579f3a0752910315b03648b42fbe937c1776cbaa4a
SOURCE/PRODUCT/rust/vendor/uuid-1.24.0/src/rng.rs	9850	0025abde1ac4171b96fff8d137bb4cdc56b41387d426ab23797c30c97eb10444
SOURCE/PRODUCT/rust/vendor/uuid-1.24.0/src/sha1.rs	289	e1a9657e11f1ed1ede33c0655f9c2641059b7c24f17be4ac425c930cc216e019
SOURCE/PRODUCT/rust/vendor/uuid-1.24.0/src/timestamp.rs	44885	4d9254d0e92f2335f7b4988c9dd949b475568da668619e6570c068fa3109d993
SOURCE/PRODUCT/rust/vendor/uuid-1.24.0/src/v1.rs	5497	dd56189b336d7f2d53c1d94a183ee63bd4f23db813952dc8bf6804ac988d1dfb
SOURCE/PRODUCT/rust/vendor/uuid-1.24.0/src/v3.rs	4548	3b8a0099511fb6da283174c849bd3ac54b504e1e3b7218ad5ccdd5ab388a9593
SOURCE/PRODUCT/rust/vendor/uuid-1.24.0/src/v4.rs	2225	083012653ceff1b1306998176b333863b515ebb46a22aa5c17c172462eb9bd4c
SOURCE/PRODUCT/rust/vendor/uuid-1.24.0/src/v5.rs	5023	94adabf5e1a44ecce5352e2b7b7acf8359ac40e8ba4bb904c5460bc26ad4194c
SOURCE/PRODUCT/rust/vendor/uuid-1.24.0/src/v6.rs	5568	f1f7786e712cbc450d02394ac75f1723ed3f67840b4f1fb2a6e788a2e2de2b68
SOURCE/PRODUCT/rust/vendor/uuid-1.24.0/src/v7.rs	9758	71948c81d9353eb94e33a7116638adb05b8d432cbcbe856224c9fc1f61b292bd
SOURCE/PRODUCT/rust/vendor/uuid-1.24.0/src/v8.rs	1842	6e847f7307c6ec78cbc6616412cc7ace914a157ac2bd7aa9caf0d629ae57d0c7
SOURCE/PRODUCT/rust/vendor/version_check-0.9.5/.cargo-checksum.json	1241	17763d67791915858b47cd01f2a6e27e40e4b85e90650b30e677e71b71d670a3
SOURCE/PRODUCT/rust/vendor/version_check-0.9.5/.cargo_vcs_info.json	94	fd4d36271280b7893e595f97096f6ff1c9de41d7567c6aa4a684fe7e29e2ce69
SOURCE/PRODUCT/rust/vendor/version_check-0.9.5/.github/workflows/ci.yml	984	0d3ec0059cdc483d7d6d2aaeac4958e95b1a03ad1652f42a38d44cbfac5dcbca
SOURCE/PRODUCT/rust/vendor/version_check-0.9.5/.travis.yml	63	d504e08178faaa3a096b0e94981846e9cc0eaf1926c47ef28a4096ae084ddb39
SOURCE/PRODUCT/rust/vendor/version_check-0.9.5/Cargo.toml	1049	399ea74400a173c02eabe91cb9487d0cf351117857a5d2ebc6231f0efde67681
SOURCE/PRODUCT/rust/vendor/version_check-0.9.5/Cargo.toml.orig	423	be3876ab29038ad4ef2ec2d5c625e3b499a9a7bc7b6485fbc57f64e213331ea2
SOURCE/PRODUCT/rust/vendor/version_check-0.9.5/LICENSE-APACHE	10847	a60eea817514531668d7e00765731449fe14d059d3249e0bc93b36de45f759f2
SOURCE/PRODUCT/rust/vendor/version_check-0.9.5/LICENSE-MIT	1085	b7e650f3fce5c53249d1cdc608b54df156a97edd636cf9d23498d0cfe7aec63e
SOURCE/PRODUCT/rust/vendor/version_check-0.9.5/README.md	2669	ac2a0a360812436bd5798f5fe2affe7d6ed9eb7f15d6e4d73931e95b437560f2
SOURCE/PRODUCT/rust/vendor/version_check-0.9.5/src/channel.rs	5514	bb3eae79aaf224591f1e9dddedcabbea3fc01bc6c06eafedcd87d7b770a35aca
SOURCE/PRODUCT/rust/vendor/version_check-0.9.5/src/date.rs	6198	09580a0a2008fad2ccbc43fb42a88f42221b98b01692702022a296dc9c86bf37
SOURCE/PRODUCT/rust/vendor/version_check-0.9.5/src/lib.rs	20771	01bb86088ba281d511ae002aa939bb30b747f47ace5ea13a46de554a3117806e
SOURCE/PRODUCT/rust/vendor/version_check-0.9.5/src/version.rs	10435	dba18a25983ec6e37b952f4cdc5219c9e5abba2c3a76cef87465e1fba6f8ac89
SOURCE/PRODUCT/rust/vendor/wasi-0.11.1+wasi-snapshot-preview1/.cargo-checksum.json	1618	548743f1bc2fba5659376621072fab4a9f7607df03700b2bb7fb20d4ea555feb
SOURCE/PRODUCT/rust/vendor/wasi-0.11.1+wasi-snapshot-preview1/.cargo_vcs_info.json	94	b2c5f16e5b4198d61e6519a851db5a454cc42a31be3fe63f76a0dbd982683418
SOURCE/PRODUCT/rust/vendor/wasi-0.11.1+wasi-snapshot-preview1/.github/workflows/main.yml	1188	b0c17da10de0ddc73b482eda42b2f8b21aa07d4da07784d6388ab368d184d4d0
SOURCE/PRODUCT/rust/vendor/wasi-0.11.1+wasi-snapshot-preview1/.gitmodules	115	21075b17ec5ee11879f44154c1311e413cb114047b39aa2ef62d739457c617ca
SOURCE/PRODUCT/rust/vendor/wasi-0.11.1+wasi-snapshot-preview1/CODE_OF_CONDUCT.md	3444	a13aaaf393818bd91207c618724d3fb74944ca5161201822a84af951bcf655ef
SOURCE/PRODUCT/rust/vendor/wasi-0.11.1+wasi-snapshot-preview1/CONTRIBUTING.md	397	2c908a3e263dc35dfed131c02ff907cd72fafb2c2096e4ba9b1e0cbb7a1b76df
SOURCE/PRODUCT/rust/vendor/wasi-0.11.1+wasi-snapshot-preview1/Cargo.lock	667	044df60048fa0446161426ac51118d5cccf79d95974461e695a2e7cd5f0ae088
SOURCE/PRODUCT/rust/vendor/wasi-0.11.1+wasi-snapshot-preview1/Cargo.toml	1386	25915be68a3057b798a4a6d4e5ceef36047e03bf0353d3f2a99236cd23e410db
SOURCE/PRODUCT/rust/vendor/wasi-0.11.1+wasi-snapshot-preview1/Cargo.toml.orig	903	3041476414f0b5deb54e87a011b055debc2946114eb9cda2b9df45d420aae86a
SOURCE/PRODUCT/rust/vendor/wasi-0.11.1+wasi-snapshot-preview1/LICENSE-APACHE	10847	a60eea817514531668d7e00765731449fe14d059d3249e0bc93b36de45f759f2
SOURCE/PRODUCT/rust/vendor/wasi-0.11.1+wasi-snapshot-preview1/LICENSE-Apache-2.0_WITH_LLVM-exception	12243	268872b9816f90fd8e85db5a28d33f8150ebb8dd016653fb39ef1f94f2686bc5
SOURCE/PRODUCT/rust/vendor/wasi-0.11.1+wasi-snapshot-preview1/LICENSE-MIT	1023	23f18e03dc49df91622fe2a76176497404e46ced8a715d9d2b67a7446571cca3
SOURCE/PRODUCT/rust/vendor/wasi-0.11.1+wasi-snapshot-preview1/ORG_CODE_OF_CONDUCT.md	7226	a62b69bf86e605ee1bcbb2f0a12ba79e4cebb6983a7b6491949750aecc4f2178
SOURCE/PRODUCT/rust/vendor/wasi-0.11.1+wasi-snapshot-preview1/README.md	3010	c021f687a5a61d9c308581401e7aa4454585a30c418abdd02e3a1ef71daa035f
SOURCE/PRODUCT/rust/vendor/wasi-0.11.1+wasi-snapshot-preview1/SECURITY.md	1839	4d75afb09dd28eb5982e3a1f768ee398d90204669ceef3240a16b31dcf04148a
SOURCE/PRODUCT/rust/vendor/wasi-0.11.1+wasi-snapshot-preview1/src/lib.rs	1932	040651dd678b7788d7cc7a8fdc5f50f664d46bd18976bf638bcb4c827a1793d7
SOURCE/PRODUCT/rust/vendor/wasi-0.11.1+wasi-snapshot-preview1/src/lib_generated.rs	84891	130977e4eaac5e9623caba3d5911616051c8b2cee926333213271a25b733a5df
SOURCE/PRODUCT/rust/vendor/wasip2-1.0.4+wasi-0.2.12/.cargo-checksum.json	2707	7c839f7d85734767a0f9e9b64172a638404cbe26f4463e048af20506baddb9d7
SOURCE/PRODUCT/rust/vendor/wasip2-1.0.4+wasi-0.2.12/.cargo_vcs_info.json	107	e8a460f961ded8634e306a8f87cfcece5f90ea78bd86ea6623eec318091907d7
SOURCE/PRODUCT/rust/vendor/wasip2-1.0.4+wasi-0.2.12/Cargo.lock	1153	633572b4da3e8c60573f781df3d52bb7c22b868b938a376a966ba95d2e7e7f9f
SOURCE/PRODUCT/rust/vendor/wasip2-1.0.4+wasi-0.2.12/Cargo.toml	2088	a4cf47d49115ca7543113c3c4c136e0cdd3dfff344eefa0f64ee8c5200e99fa9
SOURCE/PRODUCT/rust/vendor/wasip2-1.0.4+wasi-0.2.12/Cargo.toml.orig	1086	aa14745493958ffab15632d9fd1298f404029e88919a364c54f323cbb1a7c959
SOURCE/PRODUCT/rust/vendor/wasip2-1.0.4+wasi-0.2.12/LICENSE-APACHE	10847	a60eea817514531668d7e00765731449fe14d059d3249e0bc93b36de45f759f2
SOURCE/PRODUCT/rust/vendor/wasip2-1.0.4+wasi-0.2.12/LICENSE-Apache-2.0_WITH_LLVM-exception	12243	268872b9816f90fd8e85db5a28d33f8150ebb8dd016653fb39ef1f94f2686bc5
SOURCE/PRODUCT/rust/vendor/wasip2-1.0.4+wasi-0.2.12/LICENSE-MIT	1023	23f18e03dc49df91622fe2a76176497404e46ced8a715d9d2b67a7446571cca3
SOURCE/PRODUCT/rust/vendor/wasip2-1.0.4+wasi-0.2.12/README.md	2242	a1728680d45922d434e910078fccbea1ef436af46e1c85c67a1c65925aa08d9e
SOURCE/PRODUCT/rust/vendor/wasip2-1.0.4+wasi-0.2.12/examples/cli-command-no_std.rs	289	56f3f5d08affa4f2211cbdcdf4ec865981502aaa5cdccbffb0b2084736330430
SOURCE/PRODUCT/rust/vendor/wasip2-1.0.4+wasi-0.2.12/examples/cli-command.rs	337	1e84ceae7a33d9c9e9340651b086f155d138eeb9d375c6a1678e3d282f3b668a
SOURCE/PRODUCT/rust/vendor/wasip2-1.0.4+wasi-0.2.12/examples/hello-world-no_std.rs	132	a0b3581ea43e8a1588de8619dee70ddb48a2360e84ef7c9c21b9d6cfbe350dda
SOURCE/PRODUCT/rust/vendor/wasip2-1.0.4+wasi-0.2.12/examples/hello-world.rs	176	634b4999d89675ffad329eea3eb006fad935806895507e0c3e7d770681a9089d
SOURCE/PRODUCT/rust/vendor/wasip2-1.0.4+wasi-0.2.12/examples/http-proxy-no_std.rs	647	9969f8c9747739be697329c563e32c352961655c600eedafb2fac11589216443
SOURCE/PRODUCT/rust/vendor/wasip2-1.0.4+wasi-0.2.12/examples/http-proxy.rs	692	a31e4c31203860ab96da3ca176ca99db7b88ea513ca7a20cc8955a57794367bc
SOURCE/PRODUCT/rust/vendor/wasip2-1.0.4+wasi-0.2.12/src/command.rs	45189	2699117b88ed291b24e0ea155bc9bc1ca047ba69833e74062dab63299a4ea61f
SOURCE/PRODUCT/rust/vendor/wasip2-1.0.4+wasi-0.2.12/src/ext/mod.rs	216	4bc79c71442ac6c55dc4f8a0632b6d6805c0c9c74b22b56791a483ae447dac0c
SOURCE/PRODUCT/rust/vendor/wasip2-1.0.4+wasi-0.2.12/src/ext/std.rs	2291	c35fd8bdafd24a6adef4f5a27e8e4bb421b0e50cebfe350868ded43980b1a06e
SOURCE/PRODUCT/rust/vendor/wasip2-1.0.4+wasi-0.2.12/src/imports.rs	527243	720fc180108e20ab2f1aebf054da1f7eaf0605322dbdfc02a561843564902a09
SOURCE/PRODUCT/rust/vendor/wasip2-1.0.4+wasi-0.2.12/src/lib.rs	12840	2db558cb84747a1178155997ff55c4cf87972a9fd0fdb7f0ed1c04f1c97d9f47
SOURCE/PRODUCT/rust/vendor/wasip2-1.0.4+wasi-0.2.12/src/proxy.rs	460783	0f934c0b643edbbcae7828eaa6ff821921c6fa55d204811267b5926ab90126c0
SOURCE/PRODUCT/rust/vendor/wasip2-1.0.4+wasi-0.2.12/wit/deps/cli.wit	6843	fb6ac5d23fcaf3d231142a3c2f9bb1e9bc1fe5af6f1f329f6b1a5555ce0d3873
SOURCE/PRODUCT/rust/vendor/wasip2-1.0.4+wasi-0.2.12/wit/deps/clocks.wit	5867	6ed8aa65bb8cbe224a0b2cbac9fc1b3bd25bdb17eda5ae0d23c983ed31c447cc
SOURCE/PRODUCT/rust/vendor/wasip2-1.0.4+wasi-0.2.12/wit/deps/filesystem.wit	24592	e675f261017bf9b4fa7df5b9701023fe0249ede71021ac1bf978748e62edcda8
SOURCE/PRODUCT/rust/vendor/wasip2-1.0.4+wasi-0.2.12/wit/deps/http.wit	31611	4bbd58f509700a6637385611f183c5bd5984d81feef85e29dfdc05ebd283045a
SOURCE/PRODUCT/rust/vendor/wasip2-1.0.4+wasi-0.2.12/wit/deps/io.wit	13648	96e206d00076fa0480df32c5bcf255a3fa4862805ac2f6b8537a781cce54f433
SOURCE/PRODUCT/rust/vendor/wasip2-1.0.4+wasi-0.2.12/wit/deps/random.wit	3349	48578c40213d5cab6650980905fa146a0be8c39c4433ee5e7e00637b87dbe08f
SOURCE/PRODUCT/rust/vendor/wasip2-1.0.4+wasi-0.2.12/wit/deps/sockets.wit	46200	ad38dbf3b0bbdf34c0f2b608edcbfee04d71b443a63faff1f5e0053c3f84b377
SOURCE/PRODUCT/rust/vendor/wasip2-1.0.4+wasi-0.2.12/wit/wasi-crate.wit	19	561b9308e635f442fcfbe3c4e783d0b4f2110f4c7bdadc8775170e2e119f7453
SOURCE/PRODUCT/rust/vendor/wasm-bindgen-0.2.126/.cargo-checksum.json	2436	73f5707858ff75c7dbe01b11a62b46aecd4205140356fa4bf2831fa602afd4e4
SOURCE/PRODUCT/rust/vendor/wasm-bindgen-0.2.126/.cargo_vcs_info.json	94	cb3e014e8ed6b750351c01a7eb103fab983367b7d20917bb058d7e7b1f1b71c5
SOURCE/PRODUCT/rust/vendor/wasm-bindgen-0.2.126/Cargo.lock	4540	e5139a4ddb1d617edd49aa23d915af008409f81f9f246a296aca35e0a08d9923
SOURCE/PRODUCT/rust/vendor/wasm-bindgen-0.2.126/Cargo.toml	2728	97f2a3cf67d36d1f94880de0d1ca70063e81a5d977cc6289b34c222a4f715ba6
SOURCE/PRODUCT/rust/vendor/wasm-bindgen-0.2.126/Cargo.toml.orig	4318	3e18862ec9ff0cf81583cf74fff44596a36a63e5a3a71cc048ee87a18a7b8fc0
SOURCE/PRODUCT/rust/vendor/wasm-bindgen-0.2.126/LICENSE-APACHE	10847	a60eea817514531668d7e00765731449fe14d059d3249e0bc93b36de45f759f2
SOURCE/PRODUCT/rust/vendor/wasm-bindgen-0.2.126/LICENSE-MIT	1057	378f5840b258e2779c39418f3f2d7b2ba96f1c7917dd6be0713f88305dbda397
SOURCE/PRODUCT/rust/vendor/wasm-bindgen-0.2.126/README.md	5247	006f14ae5ec54943737bddd9342eb24975a0e95b808f76d4c98258d3fea75d2d
SOURCE/PRODUCT/rust/vendor/wasm-bindgen-0.2.126/build.rs	1732	33c90a6eb1745c53f9047e0ecde135b249b0ea3d9e1a2a40c9610a33f225e6c9
SOURCE/PRODUCT/rust/vendor/wasm-bindgen-0.2.126/src/cache/intern.rs	3361	b354990c27d418b201a918782f1aa736c2cafd31fcde694bb19aa58c5bc47449
SOURCE/PRODUCT/rust/vendor/wasm-bindgen-0.2.126/src/cache/mod.rs	16	8989143b55160dbc142cb20c6e066cf0a3f70d6c97fbc9aa0fac59bd62bd865b
SOURCE/PRODUCT/rust/vendor/wasm-bindgen-0.2.126/src/cast.rs	6487	156a9b71bf9af03c5c378a1939032dfc628edbefce4aa8c37fb14948abf7a9f4
SOURCE/PRODUCT/rust/vendor/wasm-bindgen-0.2.126/src/closure.rs	36207	d3a2e285b7c582c970594dfd9edd9ee822c7c9b86ee8b236497b296c441ef5b7
SOURCE/PRODUCT/rust/vendor/wasm-bindgen-0.2.126/src/convert/closures.rs	20424	f1004f4a022f4d063414bc67720fbb04327955c02837241b37fb8298f5fd345e
SOURCE/PRODUCT/rust/vendor/wasm-bindgen-0.2.126/src/convert/impls.rs	20991	5d4e3bfaf2e4a3152b8a1b0b2883ee3658317e3f70aa3426d3625dfadcb1b007
SOURCE/PRODUCT/rust/vendor/wasm-bindgen-0.2.126/src/convert/mod.rs	318	a284115f8080ee36ea60d6a111d4247856bdee76c4a5b738465f60a97c593eca
SOURCE/PRODUCT/rust/vendor/wasm-bindgen-0.2.126/src/convert/slices.rs	15809	3d6ac72ff8e49c10d77878cc79678ce48f12af0d23cf753e3f76a1092c2cb2bb
SOURCE/PRODUCT/rust/vendor/wasm-bindgen-0.2.126/src/convert/traits.rs	23693	2fa56c946544eb6b09e16977ee6efbcf11d5af35039a21041095ff83b9621cdb
SOURCE/PRODUCT/rust/vendor/wasm-bindgen-0.2.126/src/describe.rs	4872	fe9fbef496f7908156a522d781f813cfc258e39ecdc15c40ba666a4ef24ea624
SOURCE/PRODUCT/rust/vendor/wasm-bindgen-0.2.126/src/externref.rs	5116	40d3a6011ff7341c9b1a4bcecc7ddc459f8bf9e7ba37e6a523bcfc66a3ba87d3
SOURCE/PRODUCT/rust/vendor/wasm-bindgen-0.2.126/src/handler.rs	1421	fd187aadf360c2d13e9153fd58a5b640b656dfa892e9bdbe726f96b0636a7f09
SOURCE/PRODUCT/rust/vendor/wasm-bindgen-0.2.126/src/lib.rs	57354	b41c47675d6cc4c1ef423341b6b28b932ddf11bdff477f191129305c2cafc972
SOURCE/PRODUCT/rust/vendor/wasm-bindgen-0.2.126/src/link.rs	170	96fdb40e29ffae7b9621d78eec24437bdc6db2473f6d2f8eff1f987d2b566852
SOURCE/PRODUCT/rust/vendor/wasm-bindgen-0.2.126/src/parent.rs	3526	d9f90c6eaa6bf00cae48858305eff077947e6558f02da493033f4e4fc09ac7ce
SOURCE/PRODUCT/rust/vendor/wasm-bindgen-0.2.126/src/rt/marker.rs	7044	145fbe1e446b18abe405b8fc4a87ec2b3fea17dd9e48491d1d698f08f5e0e3bb
SOURCE/PRODUCT/rust/vendor/wasm-bindgen-0.2.126/src/rt/mod.rs	32676	17fc0f950d8800a9aa5979fe84be213019385e9b17e5a7e17c2fb702777cdb56
SOURCE/PRODUCT/rust/vendor/wasm-bindgen-0.2.126/src/sys.rs	8016	7450229d24b97ca80f9880c1413437644b82ca1141627ef959b39d8a652cb380
SOURCE/PRODUCT/rust/vendor/wasm-bindgen-macro-0.2.126/.cargo-checksum.json	980	6d36d4bae991c27ba1e7a68f225223fc8bdaac2dde8e01a714e8e14da17a57de
SOURCE/PRODUCT/rust/vendor/wasm-bindgen-macro-0.2.126/.cargo_vcs_info.json	106	fe949a1c2a07eb8814b5b97c15d68d0334802421f7630107f5424f910332fbd6
SOURCE/PRODUCT/rust/vendor/wasm-bindgen-macro-0.2.126/Cargo.lock	7062	cfbd546b48f65dcd512d5c84935092567e39bdcb415009b29356ff5a629cd79f
SOURCE/PRODUCT/rust/vendor/wasm-bindgen-macro-0.2.126/Cargo.toml	1844	0b87a00b67a63cd51d385ca1908c95ba96a39b7a8e60df84a9d1dc39aa7d6f69
SOURCE/PRODUCT/rust/vendor/wasm-bindgen-macro-0.2.126/Cargo.toml.orig	924	232beb2505af58b0bb98557d88bdfb8a6a2fa9219292f5ccfa5f7d28332021a0
SOURCE/PRODUCT/rust/vendor/wasm-bindgen-macro-0.2.126/LICENSE-APACHE	10847	a60eea817514531668d7e00765731449fe14d059d3249e0bc93b36de45f759f2
SOURCE/PRODUCT/rust/vendor/wasm-bindgen-macro-0.2.126/LICENSE-MIT	1057	378f5840b258e2779c39418f3f2d7b2ba96f1c7917dd6be0713f88305dbda397
SOURCE/PRODUCT/rust/vendor/wasm-bindgen-macro-0.2.126/README.md	1298	5e8d81c7bfeb6d08e0781bf572b652f064af0bf82eb030ece7af3140b135b0ef
SOURCE/PRODUCT/rust/vendor/wasm-bindgen-macro-0.2.126/src/lib.rs	2712	1e0bcfc96e940ed67ec83895f987eb7cfb1e603435f3f9537ec0485154a9c8b5
SOURCE/PRODUCT/rust/vendor/wasm-bindgen-macro-0.2.126/src/worker.js	60	cb5c33dd41cfad622abce5464a3ceae478904ea16ddc3c6c769ee33e0c086692
SOURCE/PRODUCT/rust/vendor/wasm-bindgen-macro-support-0.2.126/.cargo-checksum.json	1396	88c677809c6a1330ca81a39729a8b2efb16797beb59ab9642e6a4430faa0919c
SOURCE/PRODUCT/rust/vendor/wasm-bindgen-macro-support-0.2.126/.cargo_vcs_info.json	114	9b8cb0db29b5cf4cd7d349fd532ecdfda4b61b1d68ca4aad44be52ad00af9823
SOURCE/PRODUCT/rust/vendor/wasm-bindgen-macro-support-0.2.126/Cargo.lock	1604	848e7d6f6ece1f17978f88788c8c130c591816a847ca5fe33accdd839c903dd2
SOURCE/PRODUCT/rust/vendor/wasm-bindgen-macro-support-0.2.126/Cargo.toml	1966	d082298cff86a201af404d9ff5f60d798518bcedf873df755989c9d7ec1e0d87
SOURCE/PRODUCT/rust/vendor/wasm-bindgen-macro-support-0.2.126/Cargo.toml.orig	792	a14a2a2188e0e8a3da49893c09d8cf03946c01580fa1433f541aa6adb9c34715
SOURCE/PRODUCT/rust/vendor/wasm-bindgen-macro-support-0.2.126/LICENSE-APACHE	10847	a60eea817514531668d7e00765731449fe14d059d3249e0bc93b36de45f759f2
SOURCE/PRODUCT/rust/vendor/wasm-bindgen-macro-support-0.2.126/LICENSE-MIT	1057	378f5840b258e2779c39418f3f2d7b2ba96f1c7917dd6be0713f88305dbda397
SOURCE/PRODUCT/rust/vendor/wasm-bindgen-macro-support-0.2.126/src/ast.rs	26288	ac47e0e4ec69c8015aba9b965f80900a3dfbe3c84763c2e9c80ab1d00dd2278e
SOURCE/PRODUCT/rust/vendor/wasm-bindgen-macro-support-0.2.126/src/codegen.rs	140315	b6d8fc2cf6dd5c8ab038d57c2c205d9cd45699a6988d9a80dee1abf4d26469a6
SOURCE/PRODUCT/rust/vendor/wasm-bindgen-macro-support-0.2.126/src/encode.rs	22167	2915e79724c09926088c68fee10382a70286120edb2fc7c06c6fcd0e985262ae
SOURCE/PRODUCT/rust/vendor/wasm-bindgen-macro-support-0.2.126/src/error.rs	3969	3ce79c73e831c77cd72dd140cce670a47bf3de362e9554fda03bfea9eb5fdee3
SOURCE/PRODUCT/rust/vendor/wasm-bindgen-macro-support-0.2.126/src/generics.rs	43783	68c72f9ce68a5bead0f404c31d41a9c782be40a000727cfe99eed3edc5e5fe8a
SOURCE/PRODUCT/rust/vendor/wasm-bindgen-macro-support-0.2.126/src/hash.rs	1635	6db19dbfbc0891d051bafe3c109e50a4f51bcd75d3eaf149d5999ac3f238cc2f
SOURCE/PRODUCT/rust/vendor/wasm-bindgen-macro-support-0.2.126/src/lib.rs	8661	96a4cf959705c7f5268ce7777fe80a92d6c43492e7b60cb9a803d2da52d1082e
SOURCE/PRODUCT/rust/vendor/wasm-bindgen-macro-support-0.2.126/src/parser.rs	116705	25552e7461aacecb75884ac2d84c3deea2775bb6edb6a9b0c5f1d5ae7f8b194c
SOURCE/PRODUCT/rust/vendor/wasm-bindgen-shared-0.2.126/.cargo-checksum.json	1160	8caf5ad98ceb871b60aba2e6b571aecd315eaed087b154a6b51d789e7243ad89
SOURCE/PRODUCT/rust/vendor/wasm-bindgen-shared-0.2.126/.cargo_vcs_info.json	107	bf613e0ab71a7f7345734b0af1c9ff82117d84ff44c18a5788d2b4a59e1427cc
SOURCE/PRODUCT/rust/vendor/wasm-bindgen-shared-0.2.126/Cargo.lock	400	3e36dd1d4bd10c66585ecccd0166af8129073f76762f5fc89e726997471c4559
SOURCE/PRODUCT/rust/vendor/wasm-bindgen-shared-0.2.126/Cargo.toml	1717	c9b178847a1df8f4cfc354268b56593642d6057855e57cb5135ccf2ca7237483
SOURCE/PRODUCT/rust/vendor/wasm-bindgen-shared-0.2.126/Cargo.toml.orig	838	a77640c8cab74f0a3a7e6a6b3e2ee66fe14c48e20dc5a015b8b8e74b0acd237e
SOURCE/PRODUCT/rust/vendor/wasm-bindgen-shared-0.2.126/LICENSE-APACHE	10847	a60eea817514531668d7e00765731449fe14d059d3249e0bc93b36de45f759f2
SOURCE/PRODUCT/rust/vendor/wasm-bindgen-shared-0.2.126/LICENSE-MIT	1057	378f5840b258e2779c39418f3f2d7b2ba96f1c7917dd6be0713f88305dbda397
SOURCE/PRODUCT/rust/vendor/wasm-bindgen-shared-0.2.126/build.rs	1099	cc562769f4d55da465e081bb3187502bab20beb4704f22cc7d07be5ba4b765ae
SOURCE/PRODUCT/rust/vendor/wasm-bindgen-shared-0.2.126/src/identifier.rs	4849	05ce1e3dbaaa2c5a9be7ab66ccb11c924c46c75df214fa7477aed9b35152b10f
SOURCE/PRODUCT/rust/vendor/wasm-bindgen-shared-0.2.126/src/lib.rs	10931	b82702f08c2b4635b1807fb62262e470809d198dd0afbedc5d0cc24250fdf5e7
SOURCE/PRODUCT/rust/vendor/wasm-bindgen-shared-0.2.126/src/schema_hash_approval.rs	627	21c68d7c52a82012673523e21ebfa7526f9955a686ef716cf21615941efb1511
SOURCE/PRODUCT/rust/vendor/wasm-bindgen-shared-0.2.126/src/tys.rs	637	35d93e50402556c531a6c205618f78da2eb15c4b7877a39f636de667c1fb58ea
SOURCE/PRODUCT/rust/vendor/windows-core-0.62.2/.cargo-checksum.json	3862	9957625c6517c9af0deeefccaa00cf29336bb37080bc02abb43c6b03ad0788d4
SOURCE/PRODUCT/rust/vendor/windows-core-0.62.2/.cargo_vcs_info.json	110	3c07c1737eeff9b4c52a227fcab03b5dfda664ed17cf6ee53eafa93f2582bcf9
SOURCE/PRODUCT/rust/vendor/windows-core-0.62.2/Cargo.lock	2360	961e7cc14fdddd77f49b7fa05c59d4df1c98e43c2e77f301c3ab6f3d7812d958
SOURCE/PRODUCT/rust/vendor/windows-core-0.62.2/Cargo.toml	1625	8a1d754ca9637813f9aa3cf2faac93f7a1827bbaf575dde47e300043a2139546
SOURCE/PRODUCT/rust/vendor/windows-core-0.62.2/Cargo.toml.orig	686	bdd6aad37f2cd3cc287c78a369421ef872984489a6e00079a4f1847066e40d07
SOURCE/PRODUCT/rust/vendor/windows-core-0.62.2/license-apache-2.0	11351	c16f8dcf1a368b83be78d826ea23de4079fe1b4469a0ab9ee20563f37ff3d44b
SOURCE/PRODUCT/rust/vendor/windows-core-0.62.2/license-mit	1141	c2cfccb812fe482101a8f04597dfc5a9991a6b2748266c47ac91b6a5aae15383
SOURCE/PRODUCT/rust/vendor/windows-core-0.62.2/readme.md	377	0f426dba1cf9f879c1a47a26706c4ca86a7f20809bef92d1dd132a2f2e5e39d1
SOURCE/PRODUCT/rust/vendor/windows-core-0.62.2/src/agile_reference.rs	1448	3f88c6db85e1fefac15352e8b6bf63c8075b2d3c2f5f0a55e5ac2625239f7bb2
SOURCE/PRODUCT/rust/vendor/windows-core-0.62.2/src/array.rs	5095	a991330fdb48bbceedbe33eb3d438e44f77bd257081e9e2409d304e7bf805a66
SOURCE/PRODUCT/rust/vendor/windows-core-0.62.2/src/as_impl.rs	661	2d4d1239869c3333141e5ebaa1fa102fd43ce48a7a9a32fe246859c0d5d4866c
SOURCE/PRODUCT/rust/vendor/windows-core-0.62.2/src/com_object.rs	14664	64e1481969fcf61cdc22a935c7f1e71a8486832a13dfea7e09afbc6f06fdeb58
SOURCE/PRODUCT/rust/vendor/windows-core-0.62.2/src/event.rs	4909	abf575d7af25bd6a892139a659a1ce270fb807ad94f6c2be2701f70b63d148bf
SOURCE/PRODUCT/rust/vendor/windows-core-0.62.2/src/guid.rs	5908	9b276cecdccb40481ac4c39d69b0c9195913414659e46bab71b854b5491fa262
SOURCE/PRODUCT/rust/vendor/windows-core-0.62.2/src/handles.rs	1143	c5f53785605cc14059c4ad0272e310b435ed2f48405e8e4052fb1d5e40ee4d78
SOURCE/PRODUCT/rust/vendor/windows-core-0.62.2/src/imp/array_proxy.rs	837	1081f11dec6250e946ce1c9a74fe848b6c43cf1c20bf74b42ee93e95edcb2ca6
SOURCE/PRODUCT/rust/vendor/windows-core-0.62.2/src/imp/bindings.rs	2035	7e54bcd14f10e690320e91caecc5cd4cbbf0eab5278c72df2913c7ca5d7323ba
SOURCE/PRODUCT/rust/vendor/windows-core-0.62.2/src/imp/can_into.rs	107	d06228653f20c07dcfd8a4004cd6be7a19a8da0a79226d42653ab2f3bf290816
SOURCE/PRODUCT/rust/vendor/windows-core-0.62.2/src/imp/com_bindings.rs	9395	3d3375e213d7f54f4b6e07bbac036e04eceee02376db443da8d64c284a0464f0
SOURCE/PRODUCT/rust/vendor/windows-core-0.62.2/src/imp/factory_cache.rs	6820	a681c5024722e87873c9153758a4913b9e4aa4182a6d57fa878b7c14a38943f0
SOURCE/PRODUCT/rust/vendor/windows-core-0.62.2/src/imp/generic_factory.rs	1222	340e2a75a5c4ec36bc7ea442c7211b3be4f8d3a537fda99316f9ce15bde02555
SOURCE/PRODUCT/rust/vendor/windows-core-0.62.2/src/imp/marshaler.rs	7390	563e4965ee8db90106174caeb8ee800eb3a11f24ca6607a53606bb98fbafa8f9
SOURCE/PRODUCT/rust/vendor/windows-core-0.62.2/src/imp/mod.rs	2984	21aca5aa46b4dbb827805cb22d9439e2ea07b43761ea87f35989bf566197d7c6
SOURCE/PRODUCT/rust/vendor/windows-core-0.62.2/src/imp/ref_count.rs	1085	a9f4b5a3f2cc59580321cc65151510dafa699b7b308360f7023ea0f0c9f52a55
SOURCE/PRODUCT/rust/vendor/windows-core-0.62.2/src/imp/sha1.rs	14459	0d06e4256c2dcd30259a97e3a16afe7d1a38a6fa87bda992faac7f98d8ae9c63
SOURCE/PRODUCT/rust/vendor/windows-core-0.62.2/src/imp/weak_ref_count.rs	10923	769fca4c53f3146d2559530ab878a33ddc1fa0f584e3cdd02354efd32bdac247
SOURCE/PRODUCT/rust/vendor/windows-core-0.62.2/src/imp/windows.rs	175	7c05c90441107563fe6aee53b26bb6a78f6ff73f3e29f41a813c8559b97de36f
SOURCE/PRODUCT/rust/vendor/windows-core-0.62.2/src/inspectable.rs	4080	0aaa0cf86d8ab0252d65610e38522e75ef5512202b8243d1610f2ef4ae979cab
SOURCE/PRODUCT/rust/vendor/windows-core-0.62.2/src/interface.rs	14242	c8ca6c7ea20a27495412081c0827151758e601ba9887fa75e7a222a94c36297b
SOURCE/PRODUCT/rust/vendor/windows-core-0.62.2/src/lib.rs	1183	1c147a297b8bbcbbdb38a6ae1abb000a1eeb9592303ff1eb475baf2f3218932e
SOURCE/PRODUCT/rust/vendor/windows-core-0.62.2/src/out_param.rs	1636	cfd82569b669ed3f094d8076442c92a86bda1445e1b286a55cf5b95ff8eb80f7
SOURCE/PRODUCT/rust/vendor/windows-core-0.62.2/src/out_ref.rs	1167	f19bf8900b08510f7b2d5c16e31d7712ea8a4183db8eed2de608c6e5e5b30321
SOURCE/PRODUCT/rust/vendor/windows-core-0.62.2/src/param.rs	1882	7b660a0e50deb0890c849538a967e0cd5942ce122d9cf819cc0c69feb33a5ba6
SOURCE/PRODUCT/rust/vendor/windows-core-0.62.2/src/param_value.rs	553	b1d29ec7589cc7eebba1faf01aaae39f9d401dff13d2a6a5ec382f94b1becce0
SOURCE/PRODUCT/rust/vendor/windows-core-0.62.2/src/ref.rs	2338	c176d20f78cedd498e1c273abe71cf7199ba811b7985e6f2074306811801ef27
SOURCE/PRODUCT/rust/vendor/windows-core-0.62.2/src/runtime_name.rs	197	b330db95b0ce32c963d6b43a0b152cd96e136e5b38b92c02223fb53b30f83ecf
SOURCE/PRODUCT/rust/vendor/windows-core-0.62.2/src/runtime_type.rs	552	4f504a1ee3525003d4376d259c5e195a08617bd5aff1789fd9027d51b354eb63
SOURCE/PRODUCT/rust/vendor/windows-core-0.62.2/src/scoped_interface.rs	826	1fb8526939d682f957ae7baee3ff1435880d6da358ce6662c68382678ecd6616
SOURCE/PRODUCT/rust/vendor/windows-core-0.62.2/src/type.rs	2720	71f5028b70182b2486a3ab5b9db2626babf455285594b940210cf9d5fdb33998
SOURCE/PRODUCT/rust/vendor/windows-core-0.62.2/src/unknown.rs	6831	4103ab719eafd93a2f4c756a6eb48af7e7722e034c37d649fbaf40929c8d0dbf
SOURCE/PRODUCT/rust/vendor/windows-core-0.62.2/src/weak.rs	880	e84056d21b205cd90997fbcb10b3fd11367beb4305baf039a1efdfd5a10d2005
SOURCE/PRODUCT/rust/vendor/windows-core-0.62.2/src/windows.rs	1491	29d05450d084aba755c51af37f36176a73b4702756b5bee280f87c398d476460
SOURCE/PRODUCT/rust/vendor/windows-core-0.62.2/windows-core.natvis	530	4edd10bdfc6827212e412e57e24f184182035d871c8bb859c6eaccc2ad8d258e
SOURCE/PRODUCT/rust/vendor/windows-implement-0.60.2/.cargo-checksum.json	1063	5413b85022b8fdc3fca8be50bac4c18b6e84a935fc1f8539d093bf009f280c29
SOURCE/PRODUCT/rust/vendor/windows-implement-0.60.2/.cargo_vcs_info.json	115	e86020823bb6af1d0c97117a4a3dca60e9319d573f3b501ee4cf7c5630ff4c9e
SOURCE/PRODUCT/rust/vendor/windows-implement-0.60.2/Cargo.lock	1124	f63019c61533e35927df3ee3d13c722cf0ab937a45df6097682e65842bc266f6
SOURCE/PRODUCT/rust/vendor/windows-implement-0.60.2/Cargo.toml	1496	46380b1aaaf5ea3b850f30ceefa9894cd29412feaf41dc7266a9d1577e7b26b0
SOURCE/PRODUCT/rust/vendor/windows-implement-0.60.2/Cargo.toml.orig	664	812a4e643a6ae8700d0eafb2901e4600e0e21c253f72f2c136eb90fff87c73d8
SOURCE/PRODUCT/rust/vendor/windows-implement-0.60.2/license-apache-2.0	11351	c16f8dcf1a368b83be78d826ea23de4079fe1b4469a0ab9ee20563f37ff3d44b
SOURCE/PRODUCT/rust/vendor/windows-implement-0.60.2/license-mit	1141	c2cfccb812fe482101a8f04597dfc5a9991a6b2748266c47ac91b6a5aae15383
SOURCE/PRODUCT/rust/vendor/windows-implement-0.60.2/readme.md	127	f48fcb36893ad1bbe8c8c6e2cdb16da6e4f1447498555c1078cbdac92e762b3b
SOURCE/PRODUCT/rust/vendor/windows-implement-0.60.2/src/gen.rs	23607	ce704067089cf587556326a2502f9b050aaa7f83eb53d3707379236830429a20
SOURCE/PRODUCT/rust/vendor/windows-implement-0.60.2/src/lib.rs	12682	21655fb31ddb7e1489530b7625c3860222b8d8a0aaceb6a71b5964adbe36d81a
SOURCE/PRODUCT/rust/vendor/windows-implement-0.60.2/src/tests.rs	3098	ea34a27316c2c7440bdc41d03fa7a3426be344a238588d3728b490a44bfecc2e
SOURCE/PRODUCT/rust/vendor/windows-interface-0.59.3/.cargo-checksum.json	901	c1f3a38962c20b5a50bb772c8020d4b88010963846abb7b58986538f17bd9c47
SOURCE/PRODUCT/rust/vendor/windows-interface-0.59.3/.cargo_vcs_info.json	115	94e51c16b0a7575d291d5281325aa63e9cf8e82f16c96b2fef51b39ac6284347
SOURCE/PRODUCT/rust/vendor/windows-interface-0.59.3/Cargo.lock	1124	f68dc783cf8a9cf11ac0033e98d3f5ec2cb804d9c8774f4fcfb8d589c52a01e8
SOURCE/PRODUCT/rust/vendor/windows-interface-0.59.3/Cargo.toml	1496	dd3e0b382b8b9efa4047630781b905086f821bfe14927b74bc2e0bdf25f9425f
SOURCE/PRODUCT/rust/vendor/windows-interface-0.59.3/Cargo.toml.orig	664	09102d646cad23b3de5cb7e8068fb218ed523b72c21191c606ab42aca4dd8bed
SOURCE/PRODUCT/rust/vendor/windows-interface-0.59.3/license-apache-2.0	11351	c16f8dcf1a368b83be78d826ea23de4079fe1b4469a0ab9ee20563f37ff3d44b
SOURCE/PRODUCT/rust/vendor/windows-interface-0.59.3/license-mit	1141	c2cfccb812fe482101a8f04597dfc5a9991a6b2748266c47ac91b6a5aae15383
SOURCE/PRODUCT/rust/vendor/windows-interface-0.59.3/readme.md	127	f976507ff52b1ae3668ecadd9b35c933b4a2163ed1b4f8589c8f27645226f965
SOURCE/PRODUCT/rust/vendor/windows-interface-0.59.3/src/lib.rs	26550	823b42444789094620dc319351f86b63abb8d10aefdf37ecaef13c9797ae1f82
SOURCE/PRODUCT/rust/vendor/windows-link-0.2.1/.cargo-checksum.json	901	78aa0eea90e24a7f9d5bdc851d6912e8c5f7894218a9ff2ba05107d4b84500f2
SOURCE/PRODUCT/rust/vendor/windows-link-0.2.1/.cargo_vcs_info.json	110	02f3a04d4359721839ae43d0bc753d834717cb0bf600ee0b9d88d5299b94c121
SOURCE/PRODUCT/rust/vendor/windows-link-0.2.1/Cargo.lock	156	f33a3dccb85342cd5cb58d165dc6c0421e93aeaca9ea1cd82b81f0c204d316a8
SOURCE/PRODUCT/rust/vendor/windows-link-0.2.1/Cargo.toml	1053	abf0b74b168ec7d7c600f44eb90502c47e44480a199b9adc9ec74ea990605707
SOURCE/PRODUCT/rust/vendor/windows-link-0.2.1/Cargo.toml.orig	292	4a4fb4a85656696687cf1f2a8725309930e39378616aa687737c38c0e28dfad1
SOURCE/PRODUCT/rust/vendor/windows-link-0.2.1/license-apache-2.0	11351	c16f8dcf1a368b83be78d826ea23de4079fe1b4469a0ab9ee20563f37ff3d44b
SOURCE/PRODUCT/rust/vendor/windows-link-0.2.1/license-mit	1141	c2cfccb812fe482101a8f04597dfc5a9991a6b2748266c47ac91b6a5aae15383
SOURCE/PRODUCT/rust/vendor/windows-link-0.2.1/readme.md	946	4bbe7714285567006b5b068dfc93cb3b633afae20766c9bf1fce2444874261fb
SOURCE/PRODUCT/rust/vendor/windows-link-0.2.1/src/lib.rs	1147	ca9cf5a2a97cf72d855c677c936355b6d29e41682e5abfa505f28b3d216b5333
SOURCE/PRODUCT/rust/vendor/windows-result-0.4.1/.cargo-checksum.json	1569	c1d78efe07f1d24ef8ef40d037a9e908fd626107439fd70dd17590c09535b50e
SOURCE/PRODUCT/rust/vendor/windows-result-0.4.1/.cargo_vcs_info.json	112	6cf448e3605dec1e5aaf93259b3cee870a4b42d3109a078e720167be7c7bd7ec
SOURCE/PRODUCT/rust/vendor/windows-result-0.4.1/Cargo.lock	390	524a84e7ed437359ae654e95b6ee0749f47bf23ceac932daa3002bb541f9b2bc
SOURCE/PRODUCT/rust/vendor/windows-result-0.4.1/Cargo.toml	1254	fb2b11e12c9d99325bebc74d083ee6ff0e96c5fd0fc9edf5b38a5bfbdec249bb
SOURCE/PRODUCT/rust/vendor/windows-result-0.4.1/Cargo.toml.orig	470	9da4316af736ee6ba13963d76a915ba84ba80eb51e2cdf5728d720d661f5db2d
SOURCE/PRODUCT/rust/vendor/windows-result-0.4.1/license-apache-2.0	11351	c16f8dcf1a368b83be78d826ea23de4079fe1b4469a0ab9ee20563f37ff3d44b
SOURCE/PRODUCT/rust/vendor/windows-result-0.4.1/license-mit	1141	c2cfccb812fe482101a8f04597dfc5a9991a6b2748266c47ac91b6a5aae15383
SOURCE/PRODUCT/rust/vendor/windows-result-0.4.1/readme.md	958	92c8af8b8515e4fcc2e4c1d97432d4709a73ed98b0afa64a6cc47ddf3befb853
SOURCE/PRODUCT/rust/vendor/windows-result-0.4.1/src/bindings.rs	4187	d8e7c0480c4af752d798b49b293eae4107a4e73f93922e8847c788c70a58b059
SOURCE/PRODUCT/rust/vendor/windows-result-0.4.1/src/bool.rs	1811	2bd56877eda0a6761912dcbe5656a796cc481088afbdbd09f0d6f89dc35c0655
SOURCE/PRODUCT/rust/vendor/windows-result-0.4.1/src/bstr.rs	910	9f69a04cd6004d64964f8dfd268f3e872d530f50e4e35e82f1e434bb9a57c9a7
SOURCE/PRODUCT/rust/vendor/windows-result-0.4.1/src/com.rs	1190	3111c836c9a2cabcf01b06fc65af474a1e071d9c887db178105c2b52ec78bdd5
SOURCE/PRODUCT/rust/vendor/windows-result-0.4.1/src/error.rs	12265	1403d158ed3cb7c84dc3998a110d8fcccb842c22806e184d0619a05f775236cc
SOURCE/PRODUCT/rust/vendor/windows-result-0.4.1/src/hresult.rs	4485	441ea1b7829e8d66ccf3cb4b98c66508e34f2d5d6eb85f2e4be85ffc910a10ea
SOURCE/PRODUCT/rust/vendor/windows-result-0.4.1/src/lib.rs	850	6944b7aaa6363b09665b4eaf6820dd82fcc130a0b97fd501c502f90848b6b0fc
SOURCE/PRODUCT/rust/vendor/windows-result-0.4.1/src/strings.rs	575	fba5cda8e1d5ce430cfff8f9195a5cc4d7f880262715469583e8ec835a51ea8a
SOURCE/PRODUCT/rust/vendor/windows-result-0.4.1/windows-result.natvis	689	bf9b0a697612a38d1edb2396c09ad136cd98a2e34bd0132c57adc6a486fe03fe
SOURCE/PRODUCT/rust/vendor/windows-strings-0.5.1/.cargo-checksum.json	2008	153dc111f93eb2241aa2f59fa664860aee126a838d63ef12853869d8341f308c
SOURCE/PRODUCT/rust/vendor/windows-strings-0.5.1/.cargo_vcs_info.json	113	d6235e5b06df79fe2dec0c5b0fad7e31de3360722c00f5b1cbd0e790d6fd09ad
SOURCE/PRODUCT/rust/vendor/windows-strings-0.5.1/Cargo.lock	391	88d9a5706935145cf723c8b60ec71dd54cdae595b4adbcbd816475b9b91682f2
SOURCE/PRODUCT/rust/vendor/windows-strings-0.5.1/Cargo.toml	1254	4d72a51e7a6f71120de32387f66118bb1aed6a6aee72aa058fa6964af7a0a5a6
SOURCE/PRODUCT/rust/vendor/windows-strings-0.5.1/Cargo.toml.orig	469	f5ebc89b139267ffab67aa56aac4256b31bd376c2c1ab811736a055db4f56b4e
SOURCE/PRODUCT/rust/vendor/windows-strings-0.5.1/license-apache-2.0	11351	c16f8dcf1a368b83be78d826ea23de4079fe1b4469a0ab9ee20563f37ff3d44b
SOURCE/PRODUCT/rust/vendor/windows-strings-0.5.1/license-mit	1141	c2cfccb812fe482101a8f04597dfc5a9991a6b2748266c47ac91b6a5aae15383
SOURCE/PRODUCT/rust/vendor/windows-strings-0.5.1/readme.md	886	9d88bef3ed0d04c97af51661e586e90386fc57c64314e43798d40b402762757d
SOURCE/PRODUCT/rust/vendor/windows-strings-0.5.1/src/bindings.rs	887	2cf1f4aa078dfa35ab15e4f6985ccafe2815eb9e2e7d4de68ef91043bc2a2c7d
SOURCE/PRODUCT/rust/vendor/windows-strings-0.5.1/src/bstr.rs	3752	c15d999c75aaa7c59d3fd547b4e6a8709e6416812c6f7d92587fa1c0a055d288
SOURCE/PRODUCT/rust/vendor/windows-strings-0.5.1/src/decode.rs	2265	791adbab76560d6bcdaf530fa8e81d828f27102f2821b1b37b8913a8d82e7913
SOURCE/PRODUCT/rust/vendor/windows-strings-0.5.1/src/hstring.rs	9335	9acd40d74f197e85bfb36adc0c541ad5bb9062c63dc92709d20071d678e848f1
SOURCE/PRODUCT/rust/vendor/windows-strings-0.5.1/src/hstring_builder.rs	3084	30065d10c756dbb929c99f3c9d34180d9859e2aea553022a2c0c6c510ada626d
SOURCE/PRODUCT/rust/vendor/windows-strings-0.5.1/src/hstring_header.rs	2255	4efd8626e11a7b220898a9616396e4746d66083dd226846ac6bfe30be75c75e9
SOURCE/PRODUCT/rust/vendor/windows-strings-0.5.1/src/lib.rs	665	9b4c7e1380c335d8dc8b84662dfefe960ddbc8c5bafbf5e532425451c66ce88b
SOURCE/PRODUCT/rust/vendor/windows-strings-0.5.1/src/literals.rs	5204	eed27b9c506f073b85cccf738e115c80b3b20d3fae35d67efe2c9e5d62642573
SOURCE/PRODUCT/rust/vendor/windows-strings-0.5.1/src/pcstr.rs	1674	463e7297aa16d7bb8d6df44c8e1588dbd9996a563144d9b4dafef5ebf294773d
SOURCE/PRODUCT/rust/vendor/windows-strings-0.5.1/src/pcwstr.rs	2615	2e213c8da0b2481620980fc438da576aa47df09813405239bd595e1f769b53d6
SOURCE/PRODUCT/rust/vendor/windows-strings-0.5.1/src/pstr.rs	1670	1516a072f24692a5bb27d025bd97cd338bc5a104305f7b8418acd6f943a5941b
SOURCE/PRODUCT/rust/vendor/windows-strings-0.5.1/src/pwstr.rs	2431	c1e9cd11d41e1875ffa15fa4e29805e6f99aca99a5126aacbe7f169e8b68d790
SOURCE/PRODUCT/rust/vendor/windows-strings-0.5.1/src/ref_count.rs	724	e1617f090d56948719730c81e34449c3d36f288b86a74182719a291c340f65d6
SOURCE/PRODUCT/rust/vendor/windows-strings-0.5.1/windows-strings.natvis	2166	e1461f43c6789279ca04cc34e0d614f26162265c862e9c111d251efb843a3798
SOURCE/PRODUCT/rust/vendor/windows-sys-0.61.2/.cargo-checksum.json	29232	a46b1ef52231bff5f877c5179b47ec326e621ff3edd3c2456530025fd50f7ef4
SOURCE/PRODUCT/rust/vendor/windows-sys-0.61.2/.cargo_vcs_info.json	109	b6be1cd0747b88403d023ee5659259855f84cc7001e562ae3f3845d129df2ada
SOURCE/PRODUCT/rust/vendor/windows-sys-0.61.2/Cargo.lock	388	93778bace0ef64097cfc6aceadc435c6fee5305147bd5163cea407434141886d
SOURCE/PRODUCT/rust/vendor/windows-sys-0.61.2/Cargo.toml	12784	1adbc955d5460fa64dc16e6c8198b25672e8d4b97d45ecfb262eb2693ce08422
SOURCE/PRODUCT/rust/vendor/windows-sys-0.61.2/Cargo.toml.orig	12031	2d387e6fde8558ef245f3e7d40bbb780602be27b9e7920b28bf787c259234505
SOURCE/PRODUCT/rust/vendor/windows-sys-0.61.2/license-apache-2.0	11351	c16f8dcf1a368b83be78d826ea23de4079fe1b4469a0ab9ee20563f37ff3d44b
SOURCE/PRODUCT/rust/vendor/windows-sys-0.61.2/license-mit	1141	c2cfccb812fe482101a8f04597dfc5a9991a6b2748266c47ac91b6a5aae15383
SOURCE/PRODUCT/rust/vendor/windows-sys-0.61.2/readme.md	1506	fe1f56a147f6d79260acfc3bae33d2b4863b514efed3a1b0e2bdf50389654715
SOURCE/PRODUCT/rust/vendor/windows-sys-0.61.2/rustfmt.toml	39	51a9cd7be71652fb4911204268a5c955a7c8b7b62870352bccc93c1c0d37424c
SOURCE/PRODUCT/rust/vendor/windows-sys-0.61.2/src/Windows/Wdk/Devices/Bluetooth/mod.rs	4004	b760927b0696d944b2a04829e5509087146756e224616b22df78085a036dd1e4
SOURCE/PRODUCT/rust/vendor/windows-sys-0.61.2/src/Windows/Wdk/Devices/HumanInterfaceDevice/mod.rs	2679	76a07dede5be64b5bf57a28c552db263fc816d312f36fe748e5db41c2aa158c9
SOURCE/PRODUCT/rust/vendor/windows-sys-0.61.2/src/Windows/Wdk/Devices/mod.rs	144	5cc2080f85fc6628f610cfa6ec6dfc862863e827e410d5de7fb21b8a41f0bd0e
SOURCE/PRODUCT/rust/vendor/windows-sys-0.61.2/src/Windows/Wdk/Foundation/mod.rs	89649	c2c5e134c1074b1cc79a6a2ea62d9581605da7dbd5d9127d0b3442887f772a30
SOURCE/PRODUCT/rust/vendor/windows-sys-0.61.2/src/Windows/Wdk/Graphics/Direct3D/mod.rs	448624	ba1f45d5d0ed9101e88102ec8274c33299caa2a130b760558e9e7348c9df987d
SOURCE/PRODUCT/rust/vendor/windows-sys-0.61.2/src/Windows/Wdk/Graphics/mod.rs	60	bef3b6224312914a035aef4efcbdf42715addf0c47a4dcc90b498d04a1179c35
SOURCE/PRODUCT/rust/vendor/windows-sys-0.61.2/src/Windows/Wdk/NetworkManagement/Ndis/mod.rs	215071	cd851cd45e5a44a016a5f70b7e61953c8f9556bdaa52f28c084c5757aa1074d4
SOURCE/PRODUCT/rust/vendor/windows-sys-0.61.2/src/Windows/Wdk/NetworkManagement/WindowsFilteringPlatform/mod.rs	64970	1f8f41cccc43875b0bb9c7d8da71caf8e1b57a78057ff85e1ea381ee1b8282c9
SOURCE/PRODUCT/rust/vendor/windows-sys-0.61.2/src/Windows/Wdk/NetworkManagement/mod.rs	162	47b3f6002be5083329c6e78fafd135a7ace4e659e2ff4d2e29dc87afbe71ed05
SOURCE/PRODUCT/rust/vendor/windows-sys-0.61.2/src/Windows/Wdk/Storage/FileSystem/Minifilters/mod.rs	169215	de142d262024be3125101f5a875d74f6c1366e9b0f89a2e2305d656b36d59968
SOURCE/PRODUCT/rust/vendor/windows-sys-0.61.2/src/Windows/Wdk/Storage/FileSystem/mod.rs	386212	3742a3487938bc9feb8952a04b6b05cb857a108fa8884e3f2703fd75c38e5c05
SOURCE/PRODUCT/rust/vendor/windows-sys-0.61.2/src/Windows/Wdk/Storage/mod.rs	63	a5ef35e7abd81a4aca874d6498cbc4943c805c4f420adcb8c88542087d6b411e
SOURCE/PRODUCT/rust/vendor/windows-sys-0.61.2/src/Windows/Wdk/System/IO/mod.rs	616	1d8bf9b39a8dcfd09cdfe8ca5acf41d7e66320872e3923aaea36157958cb7c6e
SOURCE/PRODUCT/rust/vendor/windows-sys-0.61.2/src/Windows/Wdk/System/Memory/mod.rs	2176	e4c2258afd35f75dfea5b7ddbcaa053d10c64bbdd1d6394ddd6d56dd8fac00eb
SOURCE/PRODUCT/rust/vendor/windows-sys-0.61.2/src/Windows/Wdk/System/OfflineRegistry/mod.rs	5207	0e3e050b54076ecbf641f4e566255f9bbea7e46ee70dea81b1aaca6b64c49552
SOURCE/PRODUCT/rust/vendor/windows-sys-0.61.2/src/Windows/Wdk/System/Registry/mod.rs	22300	3b9db7ea7b5e7724a7a8e1bc82d72d4bb9609f24947898ebc95b146332731fa8
SOURCE/PRODUCT/rust/vendor/windows-sys-0.61.2/src/Windows/Wdk/System/SystemInformation/mod.rs	2060	46ec895707c68c5567d17f615218638444ee940e3450cb7711b62890bf2fb546
SOURCE/PRODUCT/rust/vendor/windows-sys-0.61.2/src/Windows/Wdk/System/SystemServices/mod.rs	910233	52ff57a4d999124d64a4936c1ee7af9bbbd46145098ec5a0bf922ccdf2fbe08c
SOURCE/PRODUCT/rust/vendor/windows-sys-0.61.2/src/Windows/Wdk/System/Threading/mod.rs	15089	6e15b9ff30345af79ba5c336a71797064744be52b7e7ad83394bb9bcd68fc7e8
SOURCE/PRODUCT/rust/vendor/windows-sys-0.61.2/src/Windows/Wdk/System/mod.rs	436	3af6a7807481fef3ff1a0e2bf5f8cc42fe48a6a97bdb754525df1f5864578397
SOURCE/PRODUCT/rust/vendor/windows-sys-0.61.2/src/Windows/Wdk/mod.rs	320	2cc6deb2c1af06c193e58476463800c5f80fb83b06ddd7d482668519875d0cff
SOURCE/PRODUCT/rust/vendor/windows-sys-0.61.2/src/Windows/Win32/Data/HtmlHelp/mod.rs	22539	f6ecf342144c5ba909278069b4d46865aa260c6a5876b76f35f55c901db4fce5
SOURCE/PRODUCT/rust/vendor/windows-sys-0.61.2/src/Windows/Win32/Data/RightsManagement/mod.rs	27632	c34d762fec3fe765d00a224ab08444b6b3729babe47802f1a139c53dfede6e1a
SOURCE/PRODUCT/rust/vendor/windows-sys-0.61.2/src/Windows/Win32/Data/mod.rs	132	01d39f1e4883434574a314cc1d478e009a62087f03f5e53d75bb01d5b523e87a
SOURCE/PRODUCT/rust/vendor/windows-sys-0.61.2/src/Windows/Win32/Devices/AllJoyn/mod.rs	137600	417a62c565d62a2e61e5879c6340b50cf17e7bff366d82330d6a68d67bc7ce58
SOURCE/PRODUCT/rust/vendor/windows-sys-0.61.2/src/Windows/Win32/Devices/Beep/mod.rs	465	3c37d4f3b3ee54d286415d47dd44636eacc4caf4bb91b3682187ac5234b91374
SOURCE/PRODUCT/rust/vendor/windows-sys-0.61.2/src/Windows/Win32/Devices/BiometricFramework/mod.rs	90715	c8d71b209bfce472b93d8127777ed7e7ee17fcd25ca708f733dc1320821038cf
SOURCE/PRODUCT/rust/vendor/windows-sys-0.61.2/src/Windows/Win32/Devices/Bluetooth/mod.rs	79867	9c27e9dc922f87a7c7bd9289c9b73b2f30ad150c251bd902beec0137c7ccd6b7
SOURCE/PRODUCT/rust/vendor/windows-sys-0.61.2/src/Windows/Win32/Devices/Cdrom/mod.rs	16639	5490f0db8a4526b7909998fd4c4e34f23299d6b0530cc7c726c54b74844d6369
SOURCE/PRODUCT/rust/vendor/windows-sys-0.61.2/src/Windows/Win32/Devices/Communication/mod.rs	16524	a85d01cb2c5ae2e176ab54368f9625fd5e42fe7416c113a3d824e16e8aa5f434
SOURCE/PRODUCT/rust/vendor/windows-sys-0.61.2/src/Windows/Win32/Devices/DeviceAndDriverInstallation/mod.rs	323620	89fd5d2a451bbe0e240ce2070ae4e39da824dc77a166eeeeeac9b66eaf6fc684
SOURCE/PRODUCT/rust/vendor/windows-sys-0.61.2/src/Windows/Win32/Devices/DeviceQuery/mod.rs	13029	6e786354921da1c5470f9ac950e697e11d9111406c624aa16fedb79c9c07bbbf
SOURCE/PRODUCT/rust/vendor/windows-sys-0.61.2/src/Windows/Win32/Devices/Display/mod.rs	157004	ae2329570828ee00e6a78d9ec769f24cf9d8f981e59bf999867c45035e20ab60
SOURCE/PRODUCT/rust/vendor/windows-sys-0.61.2/src/Windows/Win32/Devices/Dvd/mod.rs	19432	ae2a6b6a13ac3770e8907e7ce28c0dcb8c0cfa015ee161d2565518c2a3dc3693
SOURCE/PRODUCT/rust/vendor/windows-sys-0.61.2/src/Windows/Win32/Devices/Enumeration/Pnp/mod.rs	8852	49dc3e583f5ef1907536d9ef6c13aff784ff393b2fe198d99a17c0bc7d2b316d
SOURCE/PRODUCT/rust/vendor/windows-sys-0.61.2/src/Windows/Win32/Devices/Enumeration/mod.rs	63	676ad716cee61d1a9d314cdb7a63470dfbd314fc304de491351846800496cdc0
SOURCE/PRODUCT/rust/vendor/windows-sys-0.61.2/src/Windows/Win32/Devices/Fax/mod.rs	85947	899746e8839839eb40da092a164e7d18f2e4035bcb5abd6393f13f35c3d28d80
SOURCE/PRODUCT/rust/vendor/windows-sys-0.61.2/src/Windows/Win32/Devices/HumanInterfaceDevice/mod.rs	186267	98e63c7838740076f7d872ac9947d9a5cc62964433e20a0d3866abfe7cd9f5c7
SOURCE/PRODUCT/rust/vendor/windows-sys-0.61.2/src/Windows/Win32/Devices/Nfc/mod.rs	21081	51093f6e499b8af68517fc2a388820036e99e099e8f50d4b0eddcb06d26c3129
SOURCE/PRODUCT/rust/vendor/windows-sys-0.61.2/src/Windows/Win32/Devices/Nfp/mod.rs	981	0c756cc90d28d7622f701cc41009a0928cd985195ced22123be18cb2f3161ea4
SOURCE/PRODUCT/rust/vendor/windows-sys-0.61.2/src/Windows/Win32/Devices/PortableDevices/mod.rs	210751	30a07e881cd819096e03a2c67ef7f5f398d7cbd556e3d5bd6e3ec7dd7f80c0e7
SOURCE/PRODUCT/rust/vendor/windows-sys-0.61.2/src/Windows/Win32/Devices/Properties/mod.rs	45543	03aae38e79a739f416820ce160b365c289148b27cfeb627a0610ffcb7c802ab4
SOURCE/PRODUCT/rust/vendor/windows-sys-0.61.2/src/Windows/Win32/Devices/Pwm/mod.rs	2767	13a63c176cae2067b478d12a258b737ec7325caafcd80c8f3752eaa196be1a29
SOURCE/PRODUCT/rust/vendor/windows-sys-0.61.2/src/Windows/Win32/Devices/Sensors/mod.rs	72701	28959ec98385c80a807bf4635c6ef54531d024c83db3389181e78544359a249b
SOURCE/PRODUCT/rust/vendor/windows-sys-0.61.2/src/Windows/Win32/Devices/SerialCommunication/mod.rs	9493	0c08d41880e5e4f365f00f4bdbeeceff885cfe0535d941a507c3dacb5f4ec1f6
SOURCE/PRODUCT/rust/vendor/windows-sys-0.61.2/src/Windows/Win32/Devices/Tapi/mod.rs	173983	83ad4e6f236c4b30ef7d67b2ac3694df61eca9b32f2b7acc6f23ec23e87ac7e1
SOURCE/PRODUCT/rust/vendor/windows-sys-0.61.2/src/Windows/Win32/Devices/Usb/mod.rs	119527	b0dec2e7d7650459b06e73416cb47e1edc3098b3973700ccba93bf0bd126775c
SOURCE/PRODUCT/rust/vendor/windows-sys-0.61.2/src/Windows/Win32/Devices/WebServicesOnDevices/mod.rs	34486	f22c2d64442c38e97d5d9198b90bd16f348ef8625c63db18daddb1051f2b5a20
SOURCE/PRODUCT/rust/vendor/windows-sys-0.61.2/src/Windows/Win32/Devices/mod.rs	3720	734194232704f1cdd8942c96bc87629831ff8498f69870909ce05c348fb9c515
SOURCE/PRODUCT/rust/vendor/windows-sys-0.61.2/src/Windows/Win32/Foundation/mod.rs	767348	7da61986429ad6764c2c5ec3656ef5c4b3fba6969b6eabbf85991f86966f2994
SOURCE/PRODUCT/rust/vendor/windows-sys-0.61.2/src/Windows/Win32/Gaming/mod.rs	13556	b0ae6ac3af6c88831071573dbca5e1687fab29d235ef6e3447286041a77774cc
SOURCE/PRODUCT/rust/vendor/windows-sys-0.61.2/src/Windows/Win32/Globalization/mod.rs	388450	facc448ddb31d22eadbd2b71d9a151d5b9523f1daf1a501f1da7e9696588e908
SOURCE/PRODUCT/rust/vendor/windows-sys-0.61.2/src/Windows/Win32/Graphics/Dwm/mod.rs	14348	64f628db81e67e142a9700bd3a0e82e1ef72682191d8d38851c86ca9e5398dc0
SOURCE/PRODUCT/rust/vendor/windows-sys-0.61.2/src/Windows/Win32/Graphics/Gdi/mod.rs	195588	badabfb0840e893a4a5755b3626d4529eb2101c3b398b274d0f7d26d237dc54f
SOURCE/PRODUCT/rust/vendor/windows-sys-0.61.2/src/Windows/Win32/Graphics/GdiPlus/mod.rs	181172	e5f540c543525ebba49b84b6be089da723b7de7677b711753450828f0a0b2ef9
SOURCE/PRODUCT/rust/vendor/windows-sys-0.61.2/src/Windows/Win32/Graphics/Hlsl/mod.rs	115	f0fa2ad8f50faa1e9ca1e3183c5ab8c10359e254c781237f32afae931d475bb6
SOURCE/PRODUCT/rust/vendor/windows-sys-0.61.2/src/Windows/Win32/Graphics/OpenGL/mod.rs	79774	e7dc47126e1837d03e41d7b572a60116e35e02a6e9acdbfbb04ba56d32a15d4b
SOURCE/PRODUCT/rust/vendor/windows-sys-0.61.2/src/Windows/Win32/Graphics/Printing/PrintTicket/mod.rs	3702	da1831bdf67cedf71a64894f33550cde45e03d9d0b56ed884b97fe5a7cfd0a72
SOURCE/PRODUCT/rust/vendor/windows-sys-0.61.2/src/Windows/Win32/Graphics/Printing/mod.rs	230104	c916153fce6ede7d36e872e822e7b2839652ddbac410eda8ba67ea7510a20f07
SOURCE/PRODUCT/rust/vendor/windows-sys-0.61.2/src/Windows/Win32/Graphics/mod.rs	338	2d02e2b1e03b2bbbdce6a2385015bf324d58b70a99ed13fda2bb39168462d194
SOURCE/PRODUCT/rust/vendor/windows-sys-0.61.2/src/Windows/Win32/Management/MobileDeviceManagementRegistration/mod.rs	10265	d995694e30d4baa6f892cb8c31b855643b5c26085413170e0475ef75a05ba671
SOURCE/PRODUCT/rust/vendor/windows-sys-0.61.2/src/Windows/Win32/Management/mod.rs	116	747a273871205adb5c0567b053a760b99926baf0018e7b5f85fadecfd00e6211
SOURCE/PRODUCT/rust/vendor/windows-sys-0.61.2/src/Windows/Win32/Media/Audio/mod.rs	110272	73a52845a0e993cf10b3fe573a77b67ea20d9f98fce39397cd9417778b48cf97
SOURCE/PRODUCT/rust/vendor/windows-sys-0.61.2/src/Windows/Win32/Media/DxMediaObjects/mod.rs	7737	41f570ca5045bbefeb0159f0eade017431088013e266450906e2d352bf605bfb
SOURCE/PRODUCT/rust/vendor/windows-sys-0.61.2/src/Windows/Win32/Media/KernelStreaming/mod.rs	289857	f06d581e4469bd5f50b77c5440993b54b35998da58439000feae29c143682e60
SOURCE/PRODUCT/rust/vendor/windows-sys-0.61.2/src/Windows/Win32/Media/Multimedia/mod.rs	347817	20b0256edcea5048689d42f43653cde2dda1c660153ef9f28e4bf36ac3a56b43
SOURCE/PRODUCT/rust/vendor/windows-sys-0.61.2/src/Windows/Win32/Media/Streaming/mod.rs	5431	625e38fccd19e7ed435298ba2602c1ea210864dde078efc990e8ab9498077b53
SOURCE/PRODUCT/rust/vendor/windows-sys-0.61.2/src/Windows/Win32/Media/WindowsMediaFormat/mod.rs	59973	68bca4c747a099cf167cf3319265e5056af02d8356fd807acd69725c4cdb2363
SOURCE/PRODUCT/rust/vendor/windows-sys-0.61.2/src/Windows/Win32/Media/mod.rs	7343	ce5bef16cdf1d71e6c68924aaa3c82f227980911cfe46ac07ba850dad655eaca
SOURCE/PRODUCT/rust/vendor/windows-sys-0.61.2/src/Windows/Win32/NetworkManagement/Dhcp/mod.rs	117914	7314e86df6df13530b3cb47b3879d7f30e6174d63192eb15872e300b8581b921
SOURCE/PRODUCT/rust/vendor/windows-sys-0.61.2/src/Windows/Win32/NetworkManagement/Dns/mod.rs	72354	49eadfcc7438cbe1db70857044c4d8a78d03b3ee293bc4d1f806b6036b851ef5
SOURCE/PRODUCT/rust/vendor/windows-sys-0.61.2/src/Windows/Win32/NetworkManagement/InternetConnectionWizard/mod.rs	1188	0d77e536ef1a3c055143b404241a80710e2a766884e4855e55eccfbb9cb1856f
SOURCE/PRODUCT/rust/vendor/windows-sys-0.61.2/src/Windows/Win32/NetworkManagement/IpHelper/mod.rs	150969	a36f9f6369d37b16efcc32269998d315b8155b35a760e2eceb1c42e91f82136a
SOURCE/PRODUCT/rust/vendor/windows-sys-0.61.2/src/Windows/Win32/NetworkManagement/Multicast/mod.rs	3082	c8a135da0cfba5aedcf5eb16e6d94ce1131ade1c6ea21e04209571d2792c2c5a
SOURCE/PRODUCT/rust/vendor/windows-sys-0.61.2/src/Windows/Win32/NetworkManagement/Ndis/mod.rs	183045	ff6318e97182d4e53571079f70aebb801e54c2f1c6cd8ca33b371763836061b7
SOURCE/PRODUCT/rust/vendor/windows-sys-0.61.2/src/Windows/Win32/NetworkManagement/NetBios/mod.rs	7000	763643aea2226a793e963f47d21d92ad5f1f4a476386e5e234b1a9f0971f94e1
SOURCE/PRODUCT/rust/vendor/windows-sys-0.61.2/src/Windows/Win32/NetworkManagement/NetManagement/mod.rs	240873	d5d4186d8e39385d989050c3da84d7d06f2589b954d007f91cd2e281da9861ed
SOURCE/PRODUCT/rust/vendor/windows-sys-0.61.2/src/Windows/Win32/NetworkManagement/NetShell/mod.rs	9167	a6ed95cf9fd326ccbc4eb3471dfdb90bc2f27e409c01ddf50c928cc5959dd2ab
SOURCE/PRODUCT/rust/vendor/windows-sys-0.61.2/src/Windows/Win32/NetworkManagement/NetworkDiagnosticsFramework/mod.rs	11751	d09e0a0edcfcc4fd0177ca49b8db91613dbe09aa21033d897a1bb47cd98ecb67
SOURCE/PRODUCT/rust/vendor/windows-sys-0.61.2/src/Windows/Win32/NetworkManagement/P2P/mod.rs	89354	3b526bd01c7954331a0dfa8a9d7992271c950b709928e63b59212abb2bbab3f8
SOURCE/PRODUCT/rust/vendor/windows-sys-0.61.2/src/Windows/Win32/NetworkManagement/QoS/mod.rs	67395	7332f2ba4917be3da1ce9d5328f064a1d4b34a4c1bba23e9885f6c569963ff2b
SOURCE/PRODUCT/rust/vendor/windows-sys-0.61.2/src/Windows/Win32/NetworkManagement/Rras/mod.rs	181330	9b29b6b423b9236a3d1e1078041b75c22d5306c4f9ee6be5fdfcdc3ebf938993
SOURCE/PRODUCT/rust/vendor/windows-sys-0.61.2/src/Windows/Win32/NetworkManagement/Snmp/mod.rs	26167	96bfda83468fac91657c9ef622a6b1dbdcd3fdd0eac6f981ade9469afd6eb3e7
SOURCE/PRODUCT/rust/vendor/windows-sys-0.61.2/src/Windows/Win32/NetworkManagement/WNet/mod.rs	31916	f0beee1f74c3ca12eebdbd1705a5e050a22e9cf109c861a91f75f52eff0f8054
SOURCE/PRODUCT/rust/vendor/windows-sys-0.61.2/src/Windows/Win32/NetworkManagement/WebDav/mod.rs	3533	d9f818a2380f953ce32ca47cd519a2225ccaa140ef20ca6bc55f349644783af2
SOURCE/PRODUCT/rust/vendor/windows-sys-0.61.2/src/Windows/Win32/NetworkManagement/WiFi/mod.rs	246934	b4b59aef3af16f81c8385b4d90580a09efe974dcdc194b9612b7eb690b2687a4
SOURCE/PRODUCT/rust/vendor/windows-sys-0.61.2/src/Windows/Win32/NetworkManagement/WindowsConnectionManager/mod.rs	6819	f7c77c0a96bfe5d4c11e398264578d4f6cbb3aeca436c95e6cdaea59908f5214
SOURCE/PRODUCT/rust/vendor/windows-sys-0.61.2/src/Windows/Win32/NetworkManagement/WindowsFilteringPlatform/mod.rs	248350	6b96361c3c8825299e2d199dac136b81070203e73bf57b1d7280ab9ecf44e43e
SOURCE/PRODUCT/rust/vendor/windows-sys-0.61.2/src/Windows/Win32/NetworkManagement/WindowsFirewall/mod.rs	19135	40419009d2bc6886697b69170bad5fa346f6aa3fa6d03f038629b709a4620fd9
SOURCE/PRODUCT/rust/vendor/windows-sys-0.61.2/src/Windows/Win32/NetworkManagement/WindowsNetworkVirtualization/mod.rs	5448	938f4f2bc0828917b6a0a1588648750acb108da8e669b71f0948fd6e2b96f656
SOURCE/PRODUCT/rust/vendor/windows-sys-0.61.2/src/Windows/Win32/NetworkManagement/mod.rs	1607	2b6bd935151bc49f7d8d8b19e684913694f066b6bba5824145947d158e3a56f9
SOURCE/PRODUCT/rust/vendor/windows-sys-0.61.2/src/Windows/Win32/Networking/ActiveDirectory/mod.rs	154038	26630846a92c5b55768f6431cb35d8c6e32a3ed8b1bfc1e63d95e0605fcabbad
SOURCE/PRODUCT/rust/vendor/windows-sys-0.61.2/src/Windows/Win32/Networking/Clustering/mod.rs	353259	f6c350b3cb6765172ea8c8c7d378d88337202a7f070ea0fb29b484439531eee9
SOURCE/PRODUCT/rust/vendor/windows-sys-0.61.2/src/Windows/Win32/Networking/HttpServer/mod.rs	64816	a1b2d0dc7af12e62eb1bc0716ee624bd297a3654ac13bebabf9da9bf2d517d9e
SOURCE/PRODUCT/rust/vendor/windows-sys-0.61.2/src/Windows/Win32/Networking/Ldap/mod.rs	82244	5d7e2bc35dae15ccc9e5f10ff5ad308328b7c43c5cf3397272db059da486efdd
SOURCE/PRODUCT/rust/vendor/windows-sys-0.61.2/src/Windows/Win32/Networking/WebSocket/mod.rs	7740	356085f38eeaefb5264c6aeed5a2e77c182006d436d3dad39b7422ea47c6f227
SOURCE/PRODUCT/rust/vendor/windows-sys-0.61.2/src/Windows/Win32/Networking/WinHttp/mod.rs	70751	be43791e2b13450bde310d019a55af4b3a60b74ff02b3e215cb3858533f197ae
SOURCE/PRODUCT/rust/vendor/windows-sys-0.61.2/src/Windows/Win32/Networking/WinInet/mod.rs	158821	5faae16925fcf02cf77a99076c82085346bafa2f38c949175e4d7308a4e5220f
SOURCE/PRODUCT/rust/vendor/windows-sys-0.61.2/src/Windows/Win32/Networking/WinSock/mod.rs	235407	aabaf4cdcab64e5eb887cc76c80c147c80450c5026cd3d25799f7e757f5d512f
SOURCE/PRODUCT/rust/vendor/windows-sys-0.61.2/src/Windows/Win32/Networking/WindowsWebServices/mod.rs	221249	c41b31e0d8f8e5e361b70f72b9d4a6a71ee9f8f6097b1681c6a39bc1fed884ca
SOURCE/PRODUCT/rust/vendor/windows-sys-0.61.2/src/Windows/Win32/Networking/mod.rs	606	858184596d88388effe119c76d5ad8749bf895c34e39cb93d7f2dab70486054b
SOURCE/PRODUCT/rust/vendor/windows-sys-0.61.2/src/Windows/Win32/Security/AppLocker/mod.rs	10995	d6523789dbb344673058e245ca21e6a2021030c3c50e2562387cdf9142c4dbf3
SOURCE/PRODUCT/rust/vendor/windows-sys-0.61.2/src/Windows/Win32/Security/Authentication/Identity/mod.rs	368508	e34c593eb45f79fd605cb9a9bbbe1f6320271a2e610907d3dac6bbda63442aab
SOURCE/PRODUCT/rust/vendor/windows-sys-0.61.2/src/Windows/Win32/Security/Authentication/mod.rs	77	5ee4f44254fa01710ffb1ad4a3bf1fb4c029c15b43aa2de5f0f37486ce35bd92
SOURCE/PRODUCT/rust/vendor/windows-sys-0.61.2/src/Windows/Win32/Security/Authorization/mod.rs	75644	76bc066bea30169b4601f7013009b5f162588f2503a0873c12eb7371dd70b893
SOURCE/PRODUCT/rust/vendor/windows-sys-0.61.2/src/Windows/Win32/Security/Credentials/mod.rs	58963	d74be8a909f4414dcac508ee9840c0e9a0824d72a90bd6a803c1db7131417b5d
SOURCE/PRODUCT/rust/vendor/windows-sys-0.61.2/src/Windows/Win32/Security/Cryptography/Catalog/mod.rs	13764	14f85e48f4d26b99159ea8f9be5b20be9e2c5399e2b5349cb389691be1630474
SOURCE/PRODUCT/rust/vendor/windows-sys-0.61.2/src/Windows/Win32/Security/Cryptography/Certificates/mod.rs	178069	8724d6eb2e2d010aaaf45fb85ea1b572f08edd009decd45d1795e865818ac656
SOURCE/PRODUCT/rust/vendor/windows-sys-0.61.2/src/Windows/Win32/Security/Cryptography/Sip/mod.rs	9952	b9a54dd05777e1e6ca46742266979708157726d60ecea34d9d4df78e6b97c366
SOURCE/PRODUCT/rust/vendor/windows-sys-0.61.2/src/Windows/Win32/Security/Cryptography/UI/mod.rs	33662	1f11d4e4097618eca3a3b1219ad7f2fb4b324a082f8d32b78dcaa1552ae81b5f
SOURCE/PRODUCT/rust/vendor/windows-sys-0.61.2/src/Windows/Win32/Security/Cryptography/mod.rs	620798	881df42faf3e24e85e402b71d34b49a9578614509322280e879168c901f09482
SOURCE/PRODUCT/rust/vendor/windows-sys-0.61.2/src/Windows/Win32/Security/DiagnosticDataQuery/mod.rs	13195	b4bfdf9a88aba5db232112926a3021d2751ee1f93a93d6c35e6e6bb1578930dd
SOURCE/PRODUCT/rust/vendor/windows-sys-0.61.2/src/Windows/Win32/Security/DirectoryServices/mod.rs	2298	5410175d37018a1920c4c75a0644b6b9cc7f2eaf4f2341935283a64326099af1
SOURCE/PRODUCT/rust/vendor/windows-sys-0.61.2/src/Windows/Win32/Security/EnterpriseData/mod.rs	3379	389a4af3646eed24958b960ee5f52884a526f6de2fd81e15c6e5ec79ddd492ff
SOURCE/PRODUCT/rust/vendor/windows-sys-0.61.2/src/Windows/Win32/Security/ExtensibleAuthenticationProtocol/mod.rs	63626	381c5e47bc7520a73d43a0b7154219d438730169701f26385362aa1f5d5dbe51
SOURCE/PRODUCT/rust/vendor/windows-sys-0.61.2/src/Windows/Win32/Security/Isolation/mod.rs	3032	f82e33830ef7845f7e402b10318f0e10d8dd6cb1f9155146a5276d8f35c7e292
SOURCE/PRODUCT/rust/vendor/windows-sys-0.61.2/src/Windows/Win32/Security/LicenseProtection/mod.rs	883	a48ff77be5dd144f696440880d34a8b4d9ac89f6c2a31cf45fe9cfa137f14a7f
SOURCE/PRODUCT/rust/vendor/windows-sys-0.61.2/src/Windows/Win32/Security/NetworkAccessProtection/mod.rs	5848	c0118d526120a0c1ff8f2f046d5bb16a2995785bfd546103b956e86b7cea05af
SOURCE/PRODUCT/rust/vendor/windows-sys-0.61.2/src/Windows/Win32/Security/WinTrust/mod.rs	53915	8a3c26ce2cf82548886006739e0c8847e60bce13516bd6f43ff12d01180eb180
SOURCE/PRODUCT/rust/vendor/windows-sys-0.61.2/src/Windows/Win32/Security/WinWlx/mod.rs	20094	8343108366e097db92185e4426bf2f6ad838e74fa57fb6046e8906635f0c47c2
SOURCE/PRODUCT/rust/vendor/windows-sys-0.61.2/src/Windows/Win32/Security/mod.rs	85665	4879aed31a7511359c3cb2348edfcf1c3ff84b7125c7cde03bc946e53caf20df
SOURCE/PRODUCT/rust/vendor/windows-sys-0.61.2/src/Windows/Win32/Storage/Cabinets/mod.rs	11901	f792e198a769997e99f8be0c24bcccb86dd6c16bb5fd70a2167c0622bd00cf7c
SOURCE/PRODUCT/rust/vendor/windows-sys-0.61.2/src/Windows/Win32/Storage/CloudFilters/mod.rs	40274	2f7aad1b938bb05dab41e39ba16614dcbe538cefd22a69726c99434ef2743acf
SOURCE/PRODUCT/rust/vendor/windows-sys-0.61.2/src/Windows/Win32/Storage/Compression/mod.rs	4183	57e9be462ef74ae19543bf307e34826fe84dae92e87512417043a1f65d677f2a
SOURCE/PRODUCT/rust/vendor/windows-sys-0.61.2/src/Windows/Win32/Storage/DistributedFileSystem/mod.rs	16713	527d5337486b5f10c2ecd5b33d665025cb47380b71401e9ab960bd809aa0945e
SOURCE/PRODUCT/rust/vendor/windows-sys-0.61.2/src/Windows/Win32/Storage/FileHistory/mod.rs	7011	4fe6805cf1a85add6825476936aea64b526db8f22845329b87323b643d66fb58
SOURCE/PRODUCT/rust/vendor/windows-sys-0.61.2/src/Windows/Win32/Storage/FileSystem/mod.rs	235765	b44686d7dcd877df4e539d2a5152a3ec212757efb111139cb0a108c8bad7624a
SOURCE/PRODUCT/rust/vendor/windows-sys-0.61.2/src/Windows/Win32/Storage/Imapi/mod.rs	51808	2f5208785821fe39d4ebec0f78c0f2a5226c48aff4da835d13405681246aeccd
SOURCE/PRODUCT/rust/vendor/windows-sys-0.61.2/src/Windows/Win32/Storage/IndexServer/mod.rs	14415	36adaa374d702f2eaa2b19a85bce66d7bb27a09d89a4e2b9a556f07aa03e5f77
SOURCE/PRODUCT/rust/vendor/windows-sys-0.61.2/src/Windows/Win32/Storage/InstallableFileSystems/mod.rs	19375	8e8aba80c02dc5db6ab21c7b0875e9a176d1bca4a1759d73e68f88e54463c26c
SOURCE/PRODUCT/rust/vendor/windows-sys-0.61.2/src/Windows/Win32/Storage/IscsiDisc/mod.rs	62875	9cb7adc5b00c12448d0b87c4a75be697f3ab2328e913722dde11df6550a42ee7
SOURCE/PRODUCT/rust/vendor/windows-sys-0.61.2/src/Windows/Win32/Storage/Jet/mod.rs	139739	8e4ef0d021ebb7416b4294fc296e3459db51bab2c66de687226704685f81e387
SOURCE/PRODUCT/rust/vendor/windows-sys-0.61.2/src/Windows/Win32/Storage/Nvme/mod.rs	148289	0f46f004c77d417bf2ec25bdf863cda34a23d4e19ce366e52660a2e5f8a936da
SOURCE/PRODUCT/rust/vendor/windows-sys-0.61.2/src/Windows/Win32/Storage/OfflineFiles/mod.rs	21543	1a852fb1da74f54b8f8eba2f2f31c9a2558bf1b79c246f431bf84e55b3138446
SOURCE/PRODUCT/rust/vendor/windows-sys-0.61.2/src/Windows/Win32/Storage/OperationRecorder/mod.rs	876	2f8f408a272b877d5b947b5877720301532d927495c3324a9c3bfc1c192ae66c
SOURCE/PRODUCT/rust/vendor/windows-sys-0.61.2/src/Windows/Win32/Storage/Packaging/Appx/mod.rs	34440	9ddee8d2b43a7231847334ef59a70acb85bd11383c9177ae0a4aa47142aeb9a3
SOURCE/PRODUCT/rust/vendor/windows-sys-0.61.2/src/Windows/Win32/Storage/Packaging/mod.rs	63	96537ed97a8139ae88247b04a496fc0c42f243fb4b7191daf91cbeddfbc07cbd
SOURCE/PRODUCT/rust/vendor/windows-sys-0.61.2/src/Windows/Win32/Storage/ProjectedFileSystem/mod.rs	16603	cf11a41d0c7b492133e50e215d7a81eb4653f4068663e43dceecf2670a6ac075
SOURCE/PRODUCT/rust/vendor/windows-sys-0.61.2/src/Windows/Win32/Storage/StructuredStorage/mod.rs	89	dee5af964b1e9cc35140de8027c748480afe7e08536fd3472c6c01984ae88324
SOURCE/PRODUCT/rust/vendor/windows-sys-0.61.2/src/Windows/Win32/Storage/Vhd/mod.rs	44486	a607bf26c0f7d186b2728224aa4fe7619800d08ce20b0b0f71fec6c7c3a936c2
SOURCE/PRODUCT/rust/vendor/windows-sys-0.61.2/src/Windows/Win32/Storage/Xps/mod.rs	23654	04f3640e4a8b9732a28299ca38d4f586e03a4525087cebe4e359e24911821d15
SOURCE/PRODUCT/rust/vendor/windows-sys-0.61.2/src/Windows/Win32/Storage/mod.rs	1269	3f10face13fe997dd65fa28e969b95d7c6d5f16f3d1c502906b16c7dad67f37f
SOURCE/PRODUCT/rust/vendor/windows-sys-0.61.2/src/Windows/Win32/System/AddressBook/mod.rs	52189	fbf4f32f4c8bd6bd2744ad38f13b59373fc156e39c8d914315b6197e03048ea8
SOURCE/PRODUCT/rust/vendor/windows-sys-0.61.2/src/Windows/Win32/System/Antimalware/mod.rs	6832	d3e4afa6390ee77c3f10408368cf3b5ddb3a3ff21347abf0b7f42c8938bc5c9b
SOURCE/PRODUCT/rust/vendor/windows-sys-0.61.2/src/Windows/Win32/System/ApplicationInstallationAndServicing/mod.rs	182191	32e95a2863abb514753840023b8ec33ea5c0f95ece8a988dd7028f473198d35e
SOURCE/PRODUCT/rust/vendor/windows-sys-0.61.2/src/Windows/Win32/System/ApplicationVerifier/mod.rs	3277	0a54c33d9db6e9e01690f4cd598aa50042c97ecd6aba23c70c8bcfc9342d195e
SOURCE/PRODUCT/rust/vendor/windows-sys-0.61.2/src/Windows/Win32/System/ClrHosting/mod.rs	23301	b0cd51a2dae8898ebb7997fb5b93947b7a8cddab7752d368cdd93a045a3d22fa
SOURCE/PRODUCT/rust/vendor/windows-sys-0.61.2/src/Windows/Win32/System/Com/Marshal/mod.rs	21413	a293098857404eae366765853a2892724a31b67dc02cbf6ebdb068d5d5e9a387
SOURCE/PRODUCT/rust/vendor/windows-sys-0.61.2/src/Windows/Win32/System/Com/StructuredStorage/mod.rs	43918	c1c8048328457dfb0e351741b1a293cd82b91d450d7fc55c9e2351c5b4639b0d
SOURCE/PRODUCT/rust/vendor/windows-sys-0.61.2/src/Windows/Win32/System/Com/Urlmon/mod.rs	59442	bb342f9188fc393877221275578e98fb275c1346fa1d9c80fcfec1363ea98105
SOURCE/PRODUCT/rust/vendor/windows-sys-0.61.2/src/Windows/Win32/System/Com/mod.rs	69497	0607f29103113983276da35ae346be2bddc0a73936379583b91f455eeb6beaac
SOURCE/PRODUCT/rust/vendor/windows-sys-0.61.2/src/Windows/Win32/System/ComponentServices/mod.rs	35452	01da9ccb5f827c6434f6a995372d25599b55d46ed0c429be95894bedf026846a
SOURCE/PRODUCT/rust/vendor/windows-sys-0.61.2/src/Windows/Win32/System/Console/mod.rs	28021	655be5d7edf72d6c0f8b21a9dc1b37389683d6bc73413cd8006ef5c716e8fb3a
SOURCE/PRODUCT/rust/vendor/windows-sys-0.61.2/src/Windows/Win32/System/CorrelationVector/mod.rs	1087	cbfa85e096a7bfd16fe264b6d8c006e4fa26c28dd1be6fca8096fca48e9b5f9f
SOURCE/PRODUCT/rust/vendor/windows-sys-0.61.2/src/Windows/Win32/System/DataExchange/mod.rs	24745	558d87014441d12b17030d90e383d9d1cc8b77a0b1cbee8d44e906059492ade1
SOURCE/PRODUCT/rust/vendor/windows-sys-0.61.2/src/Windows/Win32/System/DeploymentServices/mod.rs	49618	d2063b07524fa70134be4e8156ae87bbaee1507c7275773b46e1cae0d772cbde
SOURCE/PRODUCT/rust/vendor/windows-sys-0.61.2/src/Windows/Win32/System/DeveloperLicensing/mod.rs	510	65f0679ed23b4f14bd4268ea09cf1897c3e3de9718f8cf5be9afa4532434495e
SOURCE/PRODUCT/rust/vendor/windows-sys-0.61.2/src/Windows/Win32/System/Diagnostics/Ceip/mod.rs	92	6160ec4626c65c217b8d9570c2abf945d273ec9de870356c71e6ca71bbbc0cf8
SOURCE/PRODUCT/rust/vendor/windows-sys-0.61.2/src/Windows/Win32/System/Diagnostics/Debug/Extensions/mod.rs	189337	911bbcb178f2845cdc6329b40c1e56ee7a0c950ba3d868a14aa03c10632ef900
SOURCE/PRODUCT/rust/vendor/windows-sys-0.61.2/src/Windows/Win32/System/Diagnostics/Debug/mod.rs	313671	cfe9305b6dd6a4b6ce816fc343e4a7f6f8fa8f86bbd63c4cfe21cb8ab9c5772c
SOURCE/PRODUCT/rust/vendor/windows-sys-0.61.2/src/Windows/Win32/System/Diagnostics/Etw/mod.rs	104651	32790498b0710083a4d2fc00fcde7c0b0430b9ad85aff3b6c995f8d6da96f0e5
SOURCE/PRODUCT/rust/vendor/windows-sys-0.61.2/src/Windows/Win32/System/Diagnostics/ProcessSnapshotting/mod.rs	13926	67beaa66ad9fe328f5e43ee76080f34da51853fc6d421e1cb8aeed603e99c063
SOURCE/PRODUCT/rust/vendor/windows-sys-0.61.2/src/Windows/Win32/System/Diagnostics/ToolHelp/mod.rs	6287	ffd1e734eac56e4fb017d4c1c30cff3504189b6f779c2fd68851620b51c1d440
SOURCE/PRODUCT/rust/vendor/windows-sys-0.61.2/src/Windows/Win32/System/Diagnostics/TraceLogging/mod.rs	5557	b3b2bf64d3426ebfc3366d2eba434e99c2beeb4e098702694136b03c6702f5a7
SOURCE/PRODUCT/rust/vendor/windows-sys-0.61.2/src/Windows/Win32/System/Diagnostics/mod.rs	438	07dc47ba2233bbf4579e76ab98dfcbbc3c88ada2a6c5160dc736c946d9cfd437
SOURCE/PRODUCT/rust/vendor/windows-sys-0.61.2/src/Windows/Win32/System/DistributedTransactionCoordinator/mod.rs	16834	62e1ad700060df618523703afcdc476520346b0e10348d8c9d2cabd9344a0e66
SOURCE/PRODUCT/rust/vendor/windows-sys-0.61.2/src/Windows/Win32/System/Environment/mod.rs	15971	039d20bb841fe2028016ed61b07c22f190989e6696f2590ff5169b1a0e8b39bd
SOURCE/PRODUCT/rust/vendor/windows-sys-0.61.2/src/Windows/Win32/System/ErrorReporting/mod.rs	25325	de5f365546104d1864e820dae18f6cd8fb3a95067ad8a4f9066363b657d7c2f5
SOURCE/PRODUCT/rust/vendor/windows-sys-0.61.2/src/Windows/Win32/System/EventCollector/mod.rs	9481	a5aba1703623cc9ef83bc6e6887e351eab65fd359582786a1d8cabe8c633a2a9
SOURCE/PRODUCT/rust/vendor/windows-sys-0.61.2/src/Windows/Win32/System/EventLog/mod.rs	28996	d13dec81a475105d104ab3037b6675f933c7bf88bcd4c047cd905431291c3a7d
SOURCE/PRODUCT/rust/vendor/windows-sys-0.61.2/src/Windows/Win32/System/EventNotificationService/mod.rs	2213	15537d526815adb5ce751b5e83d8240e8bac8617054585e5cce88de411dc097f
SOURCE/PRODUCT/rust/vendor/windows-sys-0.61.2/src/Windows/Win32/System/GroupPolicy/mod.rs	30388	a73a26bbc66fad159b8cbed28b636d2976d4a86b1895895e3eafaf5b5322a17b
SOURCE/PRODUCT/rust/vendor/windows-sys-0.61.2/src/Windows/Win32/System/HostCompute/mod.rs	48	cd2b4bbe1230743794389975270e7dbc6f1b4574231ce4090841128bb7c0256f
SOURCE/PRODUCT/rust/vendor/windows-sys-0.61.2/src/Windows/Win32/System/HostComputeNetwork/mod.rs	11875	90eaa09e81d92b00e1a253512c84bb80ee7ba109b073ca11241e500c1435f90e
SOURCE/PRODUCT/rust/vendor/windows-sys-0.61.2/src/Windows/Win32/System/HostComputeSystem/mod.rs	19172	4c8b52f6af51717136ee92a5ede0df208d0a0fbab0967bf74a22365841e68c7b
SOURCE/PRODUCT/rust/vendor/windows-sys-0.61.2/src/Windows/Win32/System/Hypervisor/mod.rs	118138	60f4da5aa25cc3442002e13da062bf19763d6fb9da167c3a68ae7a1e2f4d8031
SOURCE/PRODUCT/rust/vendor/windows-sys-0.61.2/src/Windows/Win32/System/IO/mod.rs	4408	d52aa60727b3a06463e9f21633fb9159805a09596818e6631d9084fd495cdf1f
SOURCE/PRODUCT/rust/vendor/windows-sys-0.61.2/src/Windows/Win32/System/Iis/mod.rs	72920	ffc486f3aaa398c27142034f534cb185c01fda1a2b7bb1344ed8a100019053eb
SOURCE/PRODUCT/rust/vendor/windows-sys-0.61.2/src/Windows/Win32/System/Ioctl/mod.rs	253559	83f1fbce21725031ddd781f8e921ed48c966ff997ccf2d435497f5b9d15e7fa1
SOURCE/PRODUCT/rust/vendor/windows-sys-0.61.2/src/Windows/Win32/System/JobObjects/mod.rs	24365	5af99f9a71b677ee16ff52437b9eb914439a98bf56a8a1ce51402f3e1659996f
SOURCE/PRODUCT/rust/vendor/windows-sys-0.61.2/src/Windows/Win32/System/Js/mod.rs	16898	f7c3e7ff3f4ed52cdfa05d89b02882b4c1d5d7b524099f5d1e42f41d93680133
SOURCE/PRODUCT/rust/vendor/windows-sys-0.61.2/src/Windows/Win32/System/Kernel/mod.rs	11222	dfd9fbab345753ce96b57a8d9629fcdda5f093a9c3097db8cf97d3785ac0c025
SOURCE/PRODUCT/rust/vendor/windows-sys-0.61.2/src/Windows/Win32/System/LibraryLoader/mod.rs	13830	ec37f07e7c13150f851345b01d92ff03310feb0d34266ab24ea10cdc5056fa04
SOURCE/PRODUCT/rust/vendor/windows-sys-0.61.2/src/Windows/Win32/System/Mailslots/mod.rs	986	1f2fca50902d54845fdbb26c592ef18f38b0bb9981a8514abcd84af86426c5ae
SOURCE/PRODUCT/rust/vendor/windows-sys-0.61.2/src/Windows/Win32/System/Mapi/mod.rs	8143	c111da6f97e50c65ac051d3d1d9cee32a524a5473c4bcf21375abfad6e01657c
SOURCE/PRODUCT/rust/vendor/windows-sys-0.61.2/src/Windows/Win32/System/Memory/NonVolatile/mod.rs	2014	d8f5ed7efe86b60330411dfa9ce9b3ddb86e14fdd358058b86195f670aa1b392
SOURCE/PRODUCT/rust/vendor/windows-sys-0.61.2/src/Windows/Win32/System/Memory/mod.rs	38437	85806dab0ec6050b66f28c2ab0e5fa51979f7a747cfc578b55bb5039bd8f4edd
SOURCE/PRODUCT/rust/vendor/windows-sys-0.61.2/src/Windows/Win32/System/MessageQueuing/mod.rs	47232	7a76ffb576363462842538de542edf3397541cd7e3c6e775ef8d8a837790d1cd
SOURCE/PRODUCT/rust/vendor/windows-sys-0.61.2/src/Windows/Win32/System/MixedReality/mod.rs	508	3a8c003282a066ceee18d5d383d7a51c152edcc6f231fa107635c020731aa2d8
SOURCE/PRODUCT/rust/vendor/windows-sys-0.61.2/src/Windows/Win32/System/Ole/mod.rs	185129	a0cb655e5f6ec62475d4a390d5e460183eeb8ac39585ca47e42f194bc1028977
SOURCE/PRODUCT/rust/vendor/windows-sys-0.61.2/src/Windows/Win32/System/PasswordManagement/mod.rs	1668	15275feb084a8e6b0f1a557a6cbc315ea82f0eedf7bf7bf1b8d77b545864c069
SOURCE/PRODUCT/rust/vendor/windows-sys-0.61.2/src/Windows/Win32/System/Performance/HardwareCounterProfiling/mod.rs	1487	18e473a14d624fdf0a8010ab517e2800aa02b6eeadfdb2a9a2bc2599a5633781
SOURCE/PRODUCT/rust/vendor/windows-sys-0.61.2/src/Windows/Win32/System/Performance/mod.rs	69149	8261f4ca4b97b9bada53fa41dbf62fa7551418bcbbd46e5e88815036dcff750c
SOURCE/PRODUCT/rust/vendor/windows-sys-0.61.2/src/Windows/Win32/System/Pipes/mod.rs	6425	6252bea559b5accad195730072ec0303923ecce45ee720df6053523b8b322803
SOURCE/PRODUCT/rust/vendor/windows-sys-0.61.2/src/Windows/Win32/System/Power/mod.rs	81145	0c44f4cbe2a6cb640011c5765b06e16f14c4f1e3282d2f9ee160e8e3aedda6b4
SOURCE/PRODUCT/rust/vendor/windows-sys-0.61.2/src/Windows/Win32/System/ProcessStatus/mod.rs	15588	d51d6657c4b2563b7dc7d95ed5da3f049a9936215a56043ecb334b54cdfd9938
SOURCE/PRODUCT/rust/vendor/windows-sys-0.61.2/src/Windows/Win32/System/Recovery/mod.rs	1973	cebd21b3dca307c57933e01d830341cbe00d0efd6ce6d30b67a75a18224ccb97
SOURCE/PRODUCT/rust/vendor/windows-sys-0.61.2/src/Windows/Win32/System/Registry/mod.rs	112885	e57a42b950831e1d6961398037cdbdf524f5b01be85fc87adfee7d3b4fb116f6
SOURCE/PRODUCT/rust/vendor/windows-sys-0.61.2/src/Windows/Win32/System/RemoteDesktop/mod.rs	88996	f4abcd47da04321fbc0cb19777429b6867ed01f75a5d5db8fe0ca3c4b2f9c027
SOURCE/PRODUCT/rust/vendor/windows-sys-0.61.2/src/Windows/Win32/System/RemoteManagement/mod.rs	66723	c1278d720a2e76116fff94b1501c817b3de69b28714118a3557d628aac8136ee
SOURCE/PRODUCT/rust/vendor/windows-sys-0.61.2/src/Windows/Win32/System/RestartManager/mod.rs	5708	de30a8e986349b3b90d7f3418f409b655b3770c7e6124616f03dfd26e0efc220
SOURCE/PRODUCT/rust/vendor/windows-sys-0.61.2/src/Windows/Win32/System/Restore/mod.rs	3121	532aa1ab6df5a6f02dba234b62af7e994c634bcf83b3d697989b1b32505b0a62
SOURCE/PRODUCT/rust/vendor/windows-sys-0.61.2/src/Windows/Win32/System/Rpc/mod.rs	185436	bd5080f724800e7f1c0420b55afd98a2e5ed885e5d043427a07c71b561323620
SOURCE/PRODUCT/rust/vendor/windows-sys-0.61.2/src/Windows/Win32/System/Search/Common/mod.rs	1127	19f0b09d7b75caaf9968c287cdd2473d02fbe169d32c10421c344b475b86b394
SOURCE/PRODUCT/rust/vendor/windows-sys-0.61.2/src/Windows/Win32/System/Search/mod.rs	340908	3cefe90e55852b304e11ebc743d52de29b578a4531e64db13eb63c97bf336505
SOURCE/PRODUCT/rust/vendor/windows-sys-0.61.2/src/Windows/Win32/System/SecurityCenter/mod.rs	3621	880f54b4b982f89615cde48e8358bd178dbc63217a86a2eedb30bd309616f733
SOURCE/PRODUCT/rust/vendor/windows-sys-0.61.2/src/Windows/Win32/System/Services/mod.rs	41480	fa6d9159f3cfcf58ecb3968255d9894be229ab9d9c430a798602897c165f92e9
SOURCE/PRODUCT/rust/vendor/windows-sys-0.61.2/src/Windows/Win32/System/SetupAndMigration/mod.rs	639	13b6fb50b872cd5f6eab6d9f391ecbf7add812d7dea236deebcab615f7f9c299
SOURCE/PRODUCT/rust/vendor/windows-sys-0.61.2/src/Windows/Win32/System/Shutdown/mod.rs	8704	0ccd320a90c4a8e262ff258547d4ed4f0af5a9a177d5cedff4cc12b700431746
SOURCE/PRODUCT/rust/vendor/windows-sys-0.61.2/src/Windows/Win32/System/StationsAndDesktops/mod.rs	10461	6f7d84814bafc0233dc3c37049fbd2cc06ea7cf03d6fc0c9117e2616b76ebf0e
SOURCE/PRODUCT/rust/vendor/windows-sys-0.61.2/src/Windows/Win32/System/SubsystemForLinux/mod.rs	2221	5dbb1d27a984245bd32e7a6de101cbdf5e93bf82d188086a3408dc78acefc742
SOURCE/PRODUCT/rust/vendor/windows-sys-0.61.2/src/Windows/Win32/System/SystemInformation/mod.rs	44858	a69b5a0ee866dd900a9aa5a1aa180fb7e8e4babc7f7d237553fb43d5a237fb0b
SOURCE/PRODUCT/rust/vendor/windows-sys-0.61.2/src/Windows/Win32/System/SystemServices/mod.rs	228085	99874ffab7c10c81ccbe834412f658f651bdceaea9f3ac984156ba98911fda20
SOURCE/PRODUCT/rust/vendor/windows-sys-0.61.2/src/Windows/Win32/System/Threading/mod.rs	103830	c91ba24c0890691ee0b4415f0d2d8e512df380068d47e0a4cf2da5d7042ff012
SOURCE/PRODUCT/rust/vendor/windows-sys-0.61.2/src/Windows/Win32/System/Time/mod.rs	5242	0420185980c94c523b448f93986b6c75c55bac7ddfaf2dfc4e1b2995a2552fc8
SOURCE/PRODUCT/rust/vendor/windows-sys-0.61.2/src/Windows/Win32/System/TpmBaseServices/mod.rs	5201	16d70376b57b32da36acdb4474dacf9784384610be248b98d210b6614554b03e
SOURCE/PRODUCT/rust/vendor/windows-sys-0.61.2/src/Windows/Win32/System/UserAccessLogging/mod.rs	1167	ee6115b1e2eace553f098a093dccf692f1f810075d12222f6c643634b2c8a0ba
SOURCE/PRODUCT/rust/vendor/windows-sys-0.61.2/src/Windows/Win32/System/Variant/mod.rs	25444	a2c749b1a795b9113a8f82671531feff4df4482a1983be5dcdd0587fd6de9979
SOURCE/PRODUCT/rust/vendor/windows-sys-0.61.2/src/Windows/Win32/System/VirtualDosMachines/mod.rs	15721	4d9e9f87282c0e9661d507398517cc8690e7d7038ad382db5970ddcaba4196e5
SOURCE/PRODUCT/rust/vendor/windows-sys-0.61.2/src/Windows/Win32/System/WindowsProgramming/mod.rs	105723	3b198b8350d66b16ebbe546a50103ca3ec9323e12355709e787e26fb911fb28a
SOURCE/PRODUCT/rust/vendor/windows-sys-0.61.2/src/Windows/Win32/System/Wmi/mod.rs	113668	a4517b19123ea25d482df2b90cb40cc78d168a21c940db95b7c47e122b3e1a39
SOURCE/PRODUCT/rust/vendor/windows-sys-0.61.2/src/Windows/Win32/System/mod.rs	4466	2db7e652e3292c5efec2744f4e9b2edd823919579266d2fe4a99cd482d81f22b
SOURCE/PRODUCT/rust/vendor/windows-sys-0.61.2/src/Windows/Win32/UI/Accessibility/mod.rs	154579	48d1309dc69883ab7c4ae766cf996cc73ac9bd876c34b1c34f65e9e44c81c2ac
SOURCE/PRODUCT/rust/vendor/windows-sys-0.61.2/src/Windows/Win32/UI/ColorSystem/mod.rs	45526	0331568aa723e2068083630281c643c1a5d8281b48054cac913c3f0c8e2f266b
SOURCE/PRODUCT/rust/vendor/windows-sys-0.61.2/src/Windows/Win32/UI/Controls/Dialogs/mod.rs	58049	7ce37e1115a79fa0752529f4e79580a2b58762d086040ebf2e6ac134a4895a67
SOURCE/PRODUCT/rust/vendor/windows-sys-0.61.2/src/Windows/Win32/UI/Controls/mod.rs	356520	18cb49cd226a36bdd9b3541536537a3574944fd472a75829e6da6b193487f824
SOURCE/PRODUCT/rust/vendor/windows-sys-0.61.2/src/Windows/Win32/UI/HiDpi/mod.rs	6846	99c876841d8e4c7b17b057afdb839d4395cd08ed03cd3995f03653f18d7d0bce
SOURCE/PRODUCT/rust/vendor/windows-sys-0.61.2/src/Windows/Win32/UI/Input/Ime/mod.rs	71545	dbf8bb18b181547b2a16acdc6c8e135e765e6155bf3a600a1280e9539320618b
SOURCE/PRODUCT/rust/vendor/windows-sys-0.61.2/src/Windows/Win32/UI/Input/KeyboardAndMouse/mod.rs	35094	8d2987ed9625ef7bd783b38420334df2ec119bb72bed5ad4014f4e9cc6f23f03
SOURCE/PRODUCT/rust/vendor/windows-sys-0.61.2/src/Windows/Win32/UI/Input/Pointer/mod.rs	10858	107528b78f8783aabac5f0ba343e63dce3680bbe7a26651dcaaaa58f20f332cf
SOURCE/PRODUCT/rust/vendor/windows-sys-0.61.2/src/Windows/Win32/UI/Input/Touch/mod.rs	5275	859775ad0a65c285d5edeb533fec8e1868d8b274455465aa7f4cd545e5501c35
SOURCE/PRODUCT/rust/vendor/windows-sys-0.61.2/src/Windows/Win32/UI/Input/XboxController/mod.rs	8103	29d6e0c37a4b1cb4f848c4a31ef20cb88bee5bf5295cbf29faffb03f56579270
SOURCE/PRODUCT/rust/vendor/windows-sys-0.61.2/src/Windows/Win32/UI/Input/mod.rs	8173	bceb600a98149b7fb3fe02241306b2e203faa9cc77072502fbe13d80a957b148
SOURCE/PRODUCT/rust/vendor/windows-sys-0.61.2/src/Windows/Win32/UI/InteractionContext/mod.rs	17795	a5764018bcc1854d3466070fd44f1d48e0d3f1295b747b4d42467d855c968a88
SOURCE/PRODUCT/rust/vendor/windows-sys-0.61.2/src/Windows/Win32/UI/Magnification/mod.rs	4916	5d828bcd586b212750d870fc0997c1d558cec75f99f932834807a59c4b1e5741
SOURCE/PRODUCT/rust/vendor/windows-sys-0.61.2/src/Windows/Win32/UI/Shell/Common/mod.rs	4777	03236a3509d5be4b2896474539c4a07447330250fb3bf73dbbf078de11c01119
SOURCE/PRODUCT/rust/vendor/windows-sys-0.61.2/src/Windows/Win32/UI/Shell/PropertiesSystem/mod.rs	33200	590dce47f56d0fc5829de737837978dccae940925af7b297cc67181973e0ce1c
SOURCE/PRODUCT/rust/vendor/windows-sys-0.61.2/src/Windows/Win32/UI/Shell/mod.rs	470891	b19c32bd1aabed051a6dfff1a0c1542587086e7b4194e5ef0437f6161f6c2e00
SOURCE/PRODUCT/rust/vendor/windows-sys-0.61.2/src/Windows/Win32/UI/TabletPC/mod.rs	90416	86803a30d84bfc125fcc71b7e26d064f4f2bb3f381f53befd495756df6fa89f4
SOURCE/PRODUCT/rust/vendor/windows-sys-0.61.2/src/Windows/Win32/UI/TextServices/mod.rs	54535	56e2c076536bd8ce6024d55999935a69d441b1a503140e49dc499c9b0f3614f8
SOURCE/PRODUCT/rust/vendor/windows-sys-0.61.2/src/Windows/Win32/UI/WindowsAndMessaging/mod.rs	226503	30f70fd7ea776cf7e1ffd44360d561ea2e8aff0e26cb55ec3038a9b83985dbeb
SOURCE/PRODUCT/rust/vendor/windows-sys-0.61.2/src/Windows/Win32/UI/mod.rs	674	4af35615dafe3e9eb1bddf04eaaca70011a311b22ce0203e48561a95dfc707e0
SOURCE/PRODUCT/rust/vendor/windows-sys-0.61.2/src/Windows/Win32/Web/InternetExplorer/mod.rs	51041	3da3db57ecc25d33b5e44f9e9f9a8f56609b2059540174aa552230586745988c
SOURCE/PRODUCT/rust/vendor/windows-sys-0.61.2/src/Windows/Win32/Web/mod.rs	73	d79d887c71302f192cffda2f92a10b5f33120ac8758f0b732b117be55e15b4db
SOURCE/PRODUCT/rust/vendor/windows-sys-0.61.2/src/Windows/Win32/mod.rs	787	90f45274804cab6b677d67cff935e4070d49147f85c7c4990bbaf599e267fa76
SOURCE/PRODUCT/rust/vendor/windows-sys-0.61.2/src/Windows/mod.rs	78	dc6dc2370aff279ba02c6ea4a33fd9c4af0e0b6b05b68f923702461486840888
SOURCE/PRODUCT/rust/vendor/windows-sys-0.61.2/src/core/literals.rs	3349	285762703adf45db848a8fcf8e0e4556e44401fbdcb92c2b03dbf09f230cfe43
SOURCE/PRODUCT/rust/vendor/windows-sys-0.61.2/src/core/mod.rs	1625	07f6eba3b6ce73a2e5d02dcbee07ec3ff12777d2e2d9b564f168fcdb0f19cae5
SOURCE/PRODUCT/rust/vendor/windows-sys-0.61.2/src/lib.rs	459	9acd610ba306d81afa172fbcd5b617baabe7b74441dafa22e143fcee64497c7d
SOURCE/PRODUCT/rust/vendor/wit-bindgen-0.57.1/.cargo-checksum.json	4358	789963cab7a72a342a95e88a68c8a5c82a3174924a93a25d05f36992db1b10ae
SOURCE/PRODUCT/rust/vendor/wit-bindgen-0.57.1/.cargo_vcs_info.json	111	3e02df439fb6c0dbee178faaf944b64ae4aee36fd8a2474ff0c4a235232dad17
SOURCE/PRODUCT/rust/vendor/wit-bindgen-0.57.1/Cargo.lock	11154	5b6b93a7b85b8e4a006039dd406b78b59ab7b09966e8fc20f5d1d61a3c0de464
SOURCE/PRODUCT/rust/vendor/wit-bindgen-0.57.1/Cargo.toml	2402	bb7fe08cf7f552712e29c7373c058d5fe74d650f954c2462e523e40fee273f9f
SOURCE/PRODUCT/rust/vendor/wit-bindgen-0.57.1/Cargo.toml.orig	1958	84852a52da6e4110ab39b1f6ab94bf3d3af6d0f1ab5079aa5876c036dc7dcc74
SOURCE/PRODUCT/rust/vendor/wit-bindgen-0.57.1/LICENSE-APACHE	10847	a60eea817514531668d7e00765731449fe14d059d3249e0bc93b36de45f759f2
SOURCE/PRODUCT/rust/vendor/wit-bindgen-0.57.1/LICENSE-Apache-2.0_WITH_LLVM-exception	12243	268872b9816f90fd8e85db5a28d33f8150ebb8dd016653fb39ef1f94f2686bc5
SOURCE/PRODUCT/rust/vendor/wit-bindgen-0.57.1/LICENSE-MIT	1023	23f18e03dc49df91622fe2a76176497404e46ced8a715d9d2b67a7446571cca3
SOURCE/PRODUCT/rust/vendor/wit-bindgen-0.57.1/README.md	1793	4473d64adb6b173923f3acfd525b81aab1912dc0bc625a3643c132d7a8be3079
SOURCE/PRODUCT/rust/vendor/wit-bindgen-0.57.1/build.rs	916	99b4276049457d3ea1d304277d66b0ff1abba0b9b1f5d60a5e25bdd3fd897a91
SOURCE/PRODUCT/rust/vendor/wit-bindgen-0.57.1/src/examples.rs	1754	e9fab5abaeffe0972d9832c18a2e6f449c2a9daeeca2b34459daea83f97d3151
SOURCE/PRODUCT/rust/vendor/wit-bindgen-0.57.1/src/examples/_0_world_imports.rs	394	99d00cb52b5b12bdbafa1e5834e2d4f5e7f7b462a06a07e40becd18b01cd8ded
SOURCE/PRODUCT/rust/vendor/wit-bindgen-0.57.1/src/examples/_1_interface_imports.rs	779	5cc5031ec71e1715efcd955a512ead215949ce0a8b2890d995fda7df2c3095b2
SOURCE/PRODUCT/rust/vendor/wit-bindgen-0.57.1/src/examples/_2_imported_resources.rs	515	b29ca6f519cba51706e3ef201705a0daf8d4347d47a54b4780603fc7322d9d60
SOURCE/PRODUCT/rust/vendor/wit-bindgen-0.57.1/src/examples/_3_world_exports.rs	1530	1e4ddab02890bacc2793fa2f1dd7137e39bbb6f56e855c9a9232336915caf37d
SOURCE/PRODUCT/rust/vendor/wit-bindgen-0.57.1/src/examples/_4_exported_resources.rs	582	68b5d95a370a89cceff82a54915d15d9c848da01d3bff65077508766f18afe93
SOURCE/PRODUCT/rust/vendor/wit-bindgen-0.57.1/src/examples/_5_import_directory.rs	101	002d0d5a8492b46a5ed3047dd9ae75e0c5f3bdde5d6b4c07be5e7aa14f1b9e8d
SOURCE/PRODUCT/rust/vendor/wit-bindgen-0.57.1/src/lib.rs	31781	e97a875436f9c3c796806aee1cf0118aa6e6166b4a152316d89a8f10279f9041
SOURCE/PRODUCT/rust/vendor/wit-bindgen-0.57.1/src/rt/async_support.rs	24657	f4f1b70818c012b3a5a6f323309ed51f611859368469bb3e89f5d3eddb385fae
SOURCE/PRODUCT/rust/vendor/wit-bindgen-0.57.1/src/rt/async_support/abi_buffer.rs	14788	41d2cbf1e0f3dd5398ef72102834b9891a4a05bfc3e0d9794fbc7ed5174b0da4
SOURCE/PRODUCT/rust/vendor/wit-bindgen-0.57.1/src/rt/async_support/cabi.rs	5091	2cadb038c049c3e9b6d2abeb2799f6285fed86d934c7a4adc2bf63c8406cc27f
SOURCE/PRODUCT/rust/vendor/wit-bindgen-0.57.1/src/rt/async_support/error_context.rs	2057	17c4a4c16f82fe49152de3ddb8c62e1a4f4ce5128ff4a6900728b910e3ad240c
SOURCE/PRODUCT/rust/vendor/wit-bindgen-0.57.1/src/rt/async_support/future_support.rs	39916	e8752a7b63729bfd2317c3ebe4785b9a56ae4b8ea16bc8182f98dfcef8beed02
SOURCE/PRODUCT/rust/vendor/wit-bindgen-0.57.1/src/rt/async_support/futures_stream.rs	3740	745ee2445229a97c2e3a5a8bc894450f9472efbc0f745424ff3001f177b5fec2
SOURCE/PRODUCT/rust/vendor/wit-bindgen-0.57.1/src/rt/async_support/inter_task_wakeup.rs	4014	02f0b6bdf9ad6c200c8de6527f64ba4c3920073ef7c519734029921e62089145
SOURCE/PRODUCT/rust/vendor/wit-bindgen-0.57.1/src/rt/async_support/inter_task_wakeup_disabled.rs	891	9c2acc728e8606b4bb10f871d56bcefad3a2c9c8ec280ab4ebfbd9533aef624b
SOURCE/PRODUCT/rust/vendor/wit-bindgen-0.57.1/src/rt/async_support/spawn.rs	3333	54a779263daca4c89f5006fee125bb9d2f45d2d1730359883df9f823db2114ef
SOURCE/PRODUCT/rust/vendor/wit-bindgen-0.57.1/src/rt/async_support/spawn_disabled.rs	707	76301bc32540911082aec74b7771abd645f9fd3ee4b4113468c3b440e7e398d1
SOURCE/PRODUCT/rust/vendor/wit-bindgen-0.57.1/src/rt/async_support/stream_support.rs	27669	160d941a146b3fc1c5d7a8de2b8d3da9c6d7c1f7f10d2c049522f01c261278cf
SOURCE/PRODUCT/rust/vendor/wit-bindgen-0.57.1/src/rt/async_support/subtask.rs	10362	cc2fe32ab9d8af326b32c3fb407df1af761b4569d3b5ce3b9afca537aa28fc92
SOURCE/PRODUCT/rust/vendor/wit-bindgen-0.57.1/src/rt/async_support/try_lock.rs	2000	a9f566f0822b0ed270522d0fecdfe5e56b0c88257d34d8ecc17c1ad5de924e6d
SOURCE/PRODUCT/rust/vendor/wit-bindgen-0.57.1/src/rt/async_support/unit_stream.rs	2661	3bfa798135f79fed10f1eabcb03de2a1221efc16a595949298c2e2d438063718
SOURCE/PRODUCT/rust/vendor/wit-bindgen-0.57.1/src/rt/async_support/waitable.rs	20403	a51e611f08444a549e5ae1cb5bd5ba9df8dc8412a5da11e6fd31f2b7162cb17b
SOURCE/PRODUCT/rust/vendor/wit-bindgen-0.57.1/src/rt/async_support/waitable_set.rs	2368	d09686d81c47cca13328b624a0d7eb6f3a5cc0855a3928b96b19426fac10d555
SOURCE/PRODUCT/rust/vendor/wit-bindgen-0.57.1/src/rt/libwit_bindgen_cabi.a	858	a18a4de12821dd777e6003625cc33896984a91a55bbf03c70abc5675842c60c1
SOURCE/PRODUCT/rust/vendor/wit-bindgen-0.57.1/src/rt/mod.rs	10618	09836947525e2d24c2db4cda6edc01581f63ffe5b4c35ab6467154e80045ec5e
SOURCE/PRODUCT/rust/vendor/wit-bindgen-0.57.1/src/rt/wit_bindgen_cabi_realloc.c	408	96380a35a1add3695492041e2a7627aa024a58fd2ee110d8dac505669c4e8098
SOURCE/PRODUCT/rust/vendor/wit-bindgen-0.57.1/src/rt/wit_bindgen_cabi_realloc.o	251	f5bef0033f3baaada79949e9c8e506d1de1722259c24dc752d2084784317f8de
SOURCE/PRODUCT/rust/vendor/wit-bindgen-0.57.1/src/rt/wit_bindgen_cabi_realloc.rs	315	2eb779486d483e75d3fd7cd03a2bbaa9a007e33eb482269d593a174ff1937826
SOURCE/PRODUCT/rust/vendor/wit-bindgen-0.57.1/src/rt/wit_bindgen_cabi_wasip3.c	246	ddb8eedcfdd53c07382d005f7d75bd7d7513c6c647814cab01a5128c2ac6a94e
SOURCE/PRODUCT/rust/vendor/wit-bindgen-0.57.1/src/rt/wit_bindgen_cabi_wasip3.o	260	76a7b6bf1529c2657f0e7620a443db23294647b009916df1b3b55646879ef61a
SOURCE/PRODUCT/rust/vendor/wit-bindgen-0.57.1/wasi-cli@0.2.0.wasm	25587	60b274319c9dce183269a0e3ad922b8ee4ead915f34d171de9da23a390863119
SOURCE/PRODUCT/rust/vendor/wit-bindgen-0.57.1/wit/_5_import_directory.wit	98	117f6d3990b81feadce336ac168f6b9c783b578671133774ce81c01901a6def7
SOURCE/PRODUCT/rust/vendor/zerocopy-0.8.55/.cargo-checksum.json	34190	ae0ae71fc5a42b3317e5de5f1c21c50c170d50428e8e5b0e0d765942e35d5099
SOURCE/PRODUCT/rust/vendor/zerocopy-0.8.55/.cargo_vcs_info.json	102	41439a5d31754a7c366c3e7b2d3980ff17d721829e616e7146a268e215406baa
SOURCE/PRODUCT/rust/vendor/zerocopy-0.8.55/AGENTS.md	3112	24b16178226d2f96cafd03eed01113b4b0240c9e6a6cd938a155e991b4f11034
SOURCE/PRODUCT/rust/vendor/zerocopy-0.8.55/CHANGELOG.md	1777	876e5a74db78bdc53677ec4d489ce7b2fc87840f2dc094423cef406138082708
SOURCE/PRODUCT/rust/vendor/zerocopy-0.8.55/Cargo.lock	3715	51f6b758bcb2ea5919ccf87578ff32f4d6b37437bb297ed7b3323312ad11e4b9
SOURCE/PRODUCT/rust/vendor/zerocopy-0.8.55/Cargo.toml	10073	6471e006249ed9ff7360b424328d8ccc173b70c99b623d442e0e5a353cf1809a
SOURCE/PRODUCT/rust/vendor/zerocopy-0.8.55/Cargo.toml.orig	5599	abddbce28346ed1857c0a6a09aeaa124c8038b05a63df516d8573adcdb204ce4
SOURCE/PRODUCT/rust/vendor/zerocopy-0.8.55/Cargo.toml.std	3125	318735caddb0c6f2212d081514d7f77ac63a5d40cbc0d09e30e1ae5f6aa0b4bb
SOURCE/PRODUCT/rust/vendor/zerocopy-0.8.55/LICENSE-APACHE	11350	9d185ac6703c4b0453974c0d85e9eee43e6941009296bb1f5eb0b54e2329e9f3
SOURCE/PRODUCT/rust/vendor/zerocopy-0.8.55/LICENSE-BSD	1275	83c1763356e822adde0a2cae748d938a73fdc263849ccff6b27776dff213bd32
SOURCE/PRODUCT/rust/vendor/zerocopy-0.8.55/LICENSE-MIT	1060	1a2f5c12ddc934d58956aa5dbdd3255fe55fd957633ab7d0d39e4f0daa73f7df
SOURCE/PRODUCT/rust/vendor/zerocopy-0.8.55/POLICIES.md	6198	c1a54cb1010af32f7ce5a2501f5ef62db44521aae816a08c577f5ec06afd09ea
SOURCE/PRODUCT/rust/vendor/zerocopy-0.8.55/README.md	9483	de9d295f1a9baa9c505ca73761e3f53d55c059f77af5fb5a6d0c984579ac1845
SOURCE/PRODUCT/rust/vendor/zerocopy-0.8.55/agent_docs/development.md	3428	1968154a95185b9380e469048fd2274b107a98ffb00b3da3dbc80aa4baf86147
SOURCE/PRODUCT/rust/vendor/zerocopy-0.8.55/agent_docs/reviewing.md	4833	34abe5cdc3cb774cb07ea772c966ee1fd8bfd30c355d6fbca73b750ce17e6caf
SOURCE/PRODUCT/rust/vendor/zerocopy-0.8.55/agent_docs/style.md	1584	754a8651c4a4d443b1daccbde1b8853c0a18ca0e6ed486b440bc82276479167b
SOURCE/PRODUCT/rust/vendor/zerocopy-0.8.55/agent_docs/ui_tests.md	2119	487ad1762f0c45d999df352f8924e70e992bd0ea78f2ac4c3d2100734caccf7e
SOURCE/PRODUCT/rust/vendor/zerocopy-0.8.55/agent_docs/unsafe_code.md	3489	c283df811efe9f7ff39c52ceec88c73162ce7f31bb8507891ccd46010ff4ebcd
SOURCE/PRODUCT/rust/vendor/zerocopy-0.8.55/agent_docs/validation.md	3367	8c0b06d018421ba9652a3d0dc33c4bdc50fd9265cabce8455c06a790a62a5fe8
SOURCE/PRODUCT/rust/vendor/zerocopy-0.8.55/benches/as_bytes_dynamic_size.rs	188	bc6f72309310e7762ea85a24497cc5eba947465e171186746b441a66916ab2e1
SOURCE/PRODUCT/rust/vendor/zerocopy-0.8.55/benches/as_bytes_dynamic_size.x86-64	83	bf3814972480492d29eaef3593751d97f4c2be6a80c434cf8ea0a093b3260fe8
SOURCE/PRODUCT/rust/vendor/zerocopy-0.8.55/benches/as_bytes_dynamic_size.x86-64.mca	1249	6ae3d2b1ef02d99a8cd711e3362292247a0919c104e1af34f0fb82a1445dc3de
SOURCE/PRODUCT/rust/vendor/zerocopy-0.8.55/benches/as_bytes_static_size.rs	186	6191adc7ad68ffdfd07dcc6966423249bfc25c5099a17a913b8e646d4507ad09
SOURCE/PRODUCT/rust/vendor/zerocopy-0.8.55/benches/as_bytes_static_size.x86-64	59	55b7041c5758eb73dca0c2562959251ef1c35cd9433eb91e3546c88cd5a6a616
SOURCE/PRODUCT/rust/vendor/zerocopy-0.8.55/benches/as_bytes_static_size.x86-64.mca	1107	3980419dab11d8998d74544caf728583bd02b8ff16d5f879914bd3fe0c774e5f
SOURCE/PRODUCT/rust/vendor/zerocopy-0.8.55/benches/extend_vec_zeroed.rs	242	32946d8b52a37f5c192da452a3053dc42fa61b5f5859b2120f789b3a01d69674
SOURCE/PRODUCT/rust/vendor/zerocopy-0.8.55/benches/extend_vec_zeroed.x86-64	1013	15913385bd02afc5a2ac698e79b2a19ff5435862dbbdee7b38fb4139588fdcb6
SOURCE/PRODUCT/rust/vendor/zerocopy-0.8.55/benches/extend_vec_zeroed.x86-64.mca	7831	b007b0e5e155b9c3b5b7c1b59af7be43099045c510aab55490b5cd784603e527
SOURCE/PRODUCT/rust/vendor/zerocopy-0.8.55/benches/formats/coco_dynamic_padding.rs	589	209c0e1835988be9c422c81a8fcaa5e884c4a54c383e49345df548b51b76645c
SOURCE/PRODUCT/rust/vendor/zerocopy-0.8.55/benches/formats/coco_dynamic_size.rs	738	030c88042a4cb9ee91aa1daeec61008eaed2bf13101586a1b2857541280e1ee5
SOURCE/PRODUCT/rust/vendor/zerocopy-0.8.55/benches/formats/coco_static_size.rs	727	209756544e8e3efc5504b7059674c2aed4a22e4318048c4cc3f9697e5959169c
SOURCE/PRODUCT/rust/vendor/zerocopy-0.8.55/benches/insert_vec_zeroed.rs	284	8370069ddb494b6d639fdf3c233808fbaeb4d3ec6936742f043d50dd60ac5047
SOURCE/PRODUCT/rust/vendor/zerocopy-0.8.55/benches/insert_vec_zeroed.x86-64	1362	db9ca898bdb3fd3577ebd086ae2ad63ff22187d90d0120360e58175cee371351
SOURCE/PRODUCT/rust/vendor/zerocopy-0.8.55/benches/insert_vec_zeroed.x86-64.mca	10237	c13e8d670e7bc462c87cc3764f184cfbf3ac29130c02bb06fee06f7285ebf622
SOURCE/PRODUCT/rust/vendor/zerocopy-0.8.55/benches/new_box_zeroed.rs	194	6a5c9b3ba00405166efd58479548a9e41ffc0a759ffc70ccd4eed21105e7cf69
SOURCE/PRODUCT/rust/vendor/zerocopy-0.8.55/benches/new_box_zeroed.x86-64	204	5a863b8b1b49bc502fb7a6a0afd03081c453d5fb65a9488653367137c9b38360
SOURCE/PRODUCT/rust/vendor/zerocopy-0.8.55/benches/new_box_zeroed.x86-64.mca	1699	a6cd10c6e021b46ec36b4038119aac634ce2f076a3627f099b9c3b265eab5ae3
SOURCE/PRODUCT/rust/vendor/zerocopy-0.8.55/benches/new_box_zeroed_with_elems_dynamic_padding.rs	260	e21b6c5401fed9e802c344c007c8bf894de9b92553aec559b9c96a10fcf70cb5
SOURCE/PRODUCT/rust/vendor/zerocopy-0.8.55/benches/new_box_zeroed_with_elems_dynamic_padding.x86-64	459	23633771ccc9ddc9d1b04ca1e63d0e8a61fc420cadf00e618500b85eae9513f7
SOURCE/PRODUCT/rust/vendor/zerocopy-0.8.55/benches/new_box_zeroed_with_elems_dynamic_padding.x86-64.mca	3560	1e835f5fc44f193dd2620d55179b55eae3191298e1f9209512a1ed953b6e007d
SOURCE/PRODUCT/rust/vendor/zerocopy-0.8.55/benches/new_box_zeroed_with_elems_dynamic_size.rs	247	131993ac38532a46b56b6a977f978516a91676c6ff2c46a33ed92fba73f19b1a
SOURCE/PRODUCT/rust/vendor/zerocopy-0.8.55/benches/new_box_zeroed_with_elems_dynamic_size.x86-64	431	30aaf7308bbd96e2fb724f65049275d07975f593ca0626fdc8872467da115856
SOURCE/PRODUCT/rust/vendor/zerocopy-0.8.55/benches/new_box_zeroed_with_elems_dynamic_size.x86-64.mca	3318	77ed38493c482d9cd8322dc8194530f3248eea1b0a6e047d5af2c87f539c5515
SOURCE/PRODUCT/rust/vendor/zerocopy-0.8.55/benches/new_vec_zeroed.rs	207	0dd979bccc197bb70387ae8c0ea2d7a791447bc11b2e112620275b60d67afa1f
SOURCE/PRODUCT/rust/vendor/zerocopy-0.8.55/benches/new_vec_zeroed.x86-64	767	fca948196e5586920a1f07ef9a8f122e35c437a996686379d07954dda7d14877
SOURCE/PRODUCT/rust/vendor/zerocopy-0.8.55/benches/new_vec_zeroed.x86-64.mca	5767	919c504540d1c744724aae146e15dcbd5d3db8bb43afbaea7737c7f821708b0d
SOURCE/PRODUCT/rust/vendor/zerocopy-0.8.55/benches/new_zeroed.rs	168	b36d564124f457af0925ae379de18ca32e5f7dc8a1ad9755ce0f4a9215b9fea0
SOURCE/PRODUCT/rust/vendor/zerocopy-0.8.55/benches/new_zeroed.x86-64	37	a3dbfc054e164f95c79cf3c316e433116000932575d94030002cb698a7398023
SOURCE/PRODUCT/rust/vendor/zerocopy-0.8.55/benches/new_zeroed.x86-64.mca	987	b5f0f9bf0e3242e46d23604b91ffc256641c927e394edb533da340f66977d037
SOURCE/PRODUCT/rust/vendor/zerocopy-0.8.55/benches/read_from_bytes.rs	214	cb8054655e48401b6eec9d07a3e2a1d86b6dc0ca3d0dedf8beaa659769c629ac
SOURCE/PRODUCT/rust/vendor/zerocopy-0.8.55/benches/read_from_bytes.x86-64	235	cbdf9358f44f216cdcfb75d9892401f03318ae447789b5b00b6f5f559df66c0f
SOURCE/PRODUCT/rust/vendor/zerocopy-0.8.55/benches/read_from_bytes.x86-64.mca	2389	630decf7391550c1111eb2d2c0c7233b3b7f72aa62cbcc35eec71e2651970882
SOURCE/PRODUCT/rust/vendor/zerocopy-0.8.55/benches/read_from_prefix.rs	289	e5f5df80572e647103de6173d0ca33c8776f2cfe1a417462a0fc79e1b9e39471
SOURCE/PRODUCT/rust/vendor/zerocopy-0.8.55/benches/read_from_prefix.x86-64	223	fbdbf6b88150477d10f7d2bc4186eb9cd839b2d906faa02d285b2cf65ef773a7
SOURCE/PRODUCT/rust/vendor/zerocopy-0.8.55/benches/read_from_prefix.x86-64.mca	2267	c66d38daa8aac4070f7d74d68c4f6adc897c1b9af8277c31454bad73b5afb420
SOURCE/PRODUCT/rust/vendor/zerocopy-0.8.55/benches/read_from_suffix.rs	289	3c3e3c6d68bb7b88b7ce504c9e29beb407d9dddbd2d4bd267ae054b4b00ffb16
SOURCE/PRODUCT/rust/vendor/zerocopy-0.8.55/benches/read_from_suffix.x86-64	252	8a20f508f04d2fef94eb8bd2aa28b345c746f3f1ff37b67fb03a54f1c19d8ba1
SOURCE/PRODUCT/rust/vendor/zerocopy-0.8.55/benches/read_from_suffix.x86-64.mca	2421	182f03a9956115c02d4ad8bac101f151417f9f75e892cd0929bee2a1d2854cd3
SOURCE/PRODUCT/rust/vendor/zerocopy-0.8.55/benches/ref_from_bytes_dynamic_padding.rs	221	c9d8438e068a4501a5f481eb757a64311b57c593190f177bf24a2a5b5fb0e84e
SOURCE/PRODUCT/rust/vendor/zerocopy-0.8.55/benches/ref_from_bytes_dynamic_padding.x86-64	338	8f5831ad4036de1d12e8b4dab976be51d2afd4766391f62e6a89df7326295934
SOURCE/PRODUCT/rust/vendor/zerocopy-0.8.55/benches/ref_from_bytes_dynamic_padding.x86-64.mca	3147	90347cd43b7e2def69bb26dc75cab9c1bbbd23c82e3b4ecf3ce0a17062355ddd
SOURCE/PRODUCT/rust/vendor/zerocopy-0.8.55/benches/ref_from_bytes_dynamic_size.rs	215	9f985fdae45a02e2f1b337470fcbb8e807ea764afdab515cba08354464898e19
SOURCE/PRODUCT/rust/vendor/zerocopy-0.8.55/benches/ref_from_bytes_dynamic_size.x86-64	267	53330c93db3821cc1b223133070725862f322c21a0c227079f528e442167ee06
SOURCE/PRODUCT/rust/vendor/zerocopy-0.8.55/benches/ref_from_bytes_dynamic_size.x86-64.mca	2933	91ed5ce8e2518c962399f9a1a09e6893a48fb69859e7b329110bdc0246a378d4
SOURCE/PRODUCT/rust/vendor/zerocopy-0.8.55/benches/ref_from_bytes_static_size.rs	213	00e41e4bfc6733f252a8c3574b2d35c6a5bc0c71cbc5c9cbb7640a40e58932e3
SOURCE/PRODUCT/rust/vendor/zerocopy-0.8.55/benches/ref_from_bytes_static_size.x86-64	120	3afd096d8b10e175ca221681b2bf086ca0f4e13801bb10a3dfe112aef5020eec
SOURCE/PRODUCT/rust/vendor/zerocopy-0.8.55/benches/ref_from_bytes_static_size.x86-64.mca	1601	d5ff4ff29c3608dcdfb6a1c595df7589a127ebd567e5af2a2f24e2bea49c74c3
SOURCE/PRODUCT/rust/vendor/zerocopy-0.8.55/benches/ref_from_bytes_with_elems_dynamic_padding.rs	275	74f7c09a405153198de91b66b61500dc8a5e90d8de77d73b5229af75c18e83a2
SOURCE/PRODUCT/rust/vendor/zerocopy-0.8.55/benches/ref_from_bytes_with_elems_dynamic_padding.x86-64	291	b74e5a9b0a142b852a1db3a6a078c13bc800f20150955b9f0063b19e1696d192
SOURCE/PRODUCT/rust/vendor/zerocopy-0.8.55/benches/ref_from_bytes_with_elems_dynamic_padding.x86-64.mca	2743	b72be497254ca4927d6ae5ad1d0dda860c09bbb91e29048cf2b2a73bf476758e
SOURCE/PRODUCT/rust/vendor/zerocopy-0.8.55/benches/ref_from_bytes_with_elems_dynamic_size.rs	269	120c1c126db9c5392334200836765bee78bd33c7c73ca2b6a4363e80dfa6d24f
SOURCE/PRODUCT/rust/vendor/zerocopy-0.8.55/benches/ref_from_bytes_with_elems_dynamic_size.x86-64	253	02c6bfe75b27a23180af4e2d0da33f62a9b7248261c5f42164ac5d388b4f6c69
SOURCE/PRODUCT/rust/vendor/zerocopy-0.8.55/benches/ref_from_bytes_with_elems_dynamic_size.x86-64.mca	2385	6301221ed727f2263353f70bec13ba71722b58e9687014c1dd20d6d221f53c23
SOURCE/PRODUCT/rust/vendor/zerocopy-0.8.55/benches/ref_from_prefix_dynamic_padding.rs	296	3b7efa8fde8e0157362ae4cb783dabf7031ec36c477ede21b87f904ee4e6e237
SOURCE/PRODUCT/rust/vendor/zerocopy-0.8.55/benches/ref_from_prefix_dynamic_padding.x86-64	314	4a2b82413006fa878196297c3be2843776dcc5af5b51d5a604af3c760cfd475c
SOURCE/PRODUCT/rust/vendor/zerocopy-0.8.55/benches/ref_from_prefix_dynamic_padding.x86-64.mca	3097	d388c1accdd53d71c1743c952b0bbe6a31f338c62a11c045d3d6eb946544d745
SOURCE/PRODUCT/rust/vendor/zerocopy-0.8.55/benches/ref_from_prefix_dynamic_size.rs	290	d18c123c89fdc959bd66d8c709fff975fe1c950966a3c90b720884866601f233
SOURCE/PRODUCT/rust/vendor/zerocopy-0.8.55/benches/ref_from_prefix_dynamic_size.x86-64	217	22b9971a80734664691be53dc641f218de85cbecc37a687df818a77fb57621fa
SOURCE/PRODUCT/rust/vendor/zerocopy-0.8.55/benches/ref_from_prefix_dynamic_size.x86-64.mca	2429	bf702d2d558346a30deb38ca57b0fba9bc5828dd961e0876658bf814e627c2c3
SOURCE/PRODUCT/rust/vendor/zerocopy-0.8.55/benches/ref_from_prefix_static_size.rs	288	5571b296b3dd9971ff551683f106b507a297b4074c76396313298f41b8524850
SOURCE/PRODUCT/rust/vendor/zerocopy-0.8.55/benches/ref_from_prefix_static_size.x86-64	125	af62d7e7e548d690507defffd94206529caf8c73a0d441938ad241cafafb98a4
SOURCE/PRODUCT/rust/vendor/zerocopy-0.8.55/benches/ref_from_prefix_static_size.x86-64.mca	1609	c077a745725944c0ac477f2f68ba080dcc135a9d9a8296c449f86258c4408c98
SOURCE/PRODUCT/rust/vendor/zerocopy-0.8.55/benches/ref_from_prefix_with_elems_dynamic_padding.rs	350	2a28e5cd5bcfa05873921b18b5576ad20adc564076ed01c171f389c389be5c34
SOURCE/PRODUCT/rust/vendor/zerocopy-0.8.55/benches/ref_from_prefix_with_elems_dynamic_padding.x86-64	380	4bd03a51e2518931693a4db97c01172024fc960cc2d3659c9f5bcf4a2606a0f2
SOURCE/PRODUCT/rust/vendor/zerocopy-0.8.55/benches/ref_from_prefix_with_elems_dynamic_padding.x86-64.mca	3591	a35423d84d41bc802509df25b62c0e42384901f9a99800e97ed94701f70bfa9f
SOURCE/PRODUCT/rust/vendor/zerocopy-0.8.55/benches/ref_from_prefix_with_elems_dynamic_size.rs	344	da4405a3733aa47250f5504d1ecc7aebae4efbdd8a08fd65796ccefcd10279e9
SOURCE/PRODUCT/rust/vendor/zerocopy-0.8.55/benches/ref_from_prefix_with_elems_dynamic_size.x86-64	334	f98bc594b5ad083a4d8e11c9366bebb9f79628a46795c22aba6bd2c161cb0328
SOURCE/PRODUCT/rust/vendor/zerocopy-0.8.55/benches/ref_from_prefix_with_elems_dynamic_size.x86-64.mca	3121	9a59ba7f62544dddd9c604c7c983a8cc54e4b84a5d03f6c2537b94f8cf08de46
SOURCE/PRODUCT/rust/vendor/zerocopy-0.8.55/benches/ref_from_suffix_dynamic_padding.rs	296	b92dd40e3eb9a532bc3ff1bf97553ebf4efacc2f71cc5520c039ef797a2f6052
SOURCE/PRODUCT/rust/vendor/zerocopy-0.8.55/benches/ref_from_suffix_dynamic_padding.x86-64	356	1f63f8bb138077301faef41e17c0f27ac380c56acf4b82709834f280180f9fbd
SOURCE/PRODUCT/rust/vendor/zerocopy-0.8.55/benches/ref_from_suffix_dynamic_padding.x86-64.mca	3277	5d13500dbdd608b16031f35de7d37cc0906938aeff78aa3e32b332fb8d490202
SOURCE/PRODUCT/rust/vendor/zerocopy-0.8.55/benches/ref_from_suffix_dynamic_size.rs	290	8d53eab7093403b8aec08621dc0c2e5cdf024021932821b64cd91525af32505d
SOURCE/PRODUCT/rust/vendor/zerocopy-0.8.55/benches/ref_from_suffix_dynamic_size.x86-64	197	9156cc6255b6802321bd56905218d8a9fb04c041d40357f6a02eee8cb440be97
SOURCE/PRODUCT/rust/vendor/zerocopy-0.8.55/benches/ref_from_suffix_dynamic_size.x86-64.mca	2233	6115bef636db71259dd465b1584b60709d83de48c8c84e2d28120948e233280d
SOURCE/PRODUCT/rust/vendor/zerocopy-0.8.55/benches/ref_from_suffix_static_size.rs	288	2def689a8912007a4cb38f7cddf66e5cfd0ecb76979a694e7da0018c5edc33ab
SOURCE/PRODUCT/rust/vendor/zerocopy-0.8.55/benches/ref_from_suffix_static_size.x86-64	181	c3d67e7189e048c831929008306a8c4e606d09ae080bb0599222e90cc2e71168
SOURCE/PRODUCT/rust/vendor/zerocopy-0.8.55/benches/ref_from_suffix_static_size.x86-64.mca	2089	c192700fc1e99ea9fb1ebcaf18ce032fe998777a412bb44d43ae67097a3c678c
SOURCE/PRODUCT/rust/vendor/zerocopy-0.8.55/benches/ref_from_suffix_with_elems_dynamic_padding.rs	350	4d56060e465bd915e6a530cd93526257ba4ec25b8bd57d860932844d200f0e82
SOURCE/PRODUCT/rust/vendor/zerocopy-0.8.55/benches/ref_from_suffix_with_elems_dynamic_padding.x86-64	394	0cc4dc423c20593bcd3f5ee11e17d5975782885c0dd63317c9cd134f961ea0fb
SOURCE/PRODUCT/rust/vendor/zerocopy-0.8.55/benches/ref_from_suffix_with_elems_dynamic_padding.x86-64.mca	3601	047132900dc80ecb689b7f0d805153002c942c48cb9bb7c693c624bcb3c6ecf1
SOURCE/PRODUCT/rust/vendor/zerocopy-0.8.55/benches/ref_from_suffix_with_elems_dynamic_size.rs	344	41720ba3b552516f7dfebedc3ce92cb555449ac86655cb10e19388a3074d3c6f
SOURCE/PRODUCT/rust/vendor/zerocopy-0.8.55/benches/ref_from_suffix_with_elems_dynamic_size.x86-64	348	ca1b65d60e5397410a188dd4d233d6000e5d6e46010849ca33e3e1d864a6a632
SOURCE/PRODUCT/rust/vendor/zerocopy-0.8.55/benches/ref_from_suffix_with_elems_dynamic_size.x86-64.mca	3131	c37b8165f900ac6e83d3363e39e704248f33f2edae2ca9e893f5382d2f3657ac
SOURCE/PRODUCT/rust/vendor/zerocopy-0.8.55/benches/split_at_dynamic_padding.rs	249	ffc3b0c5b1ff0f689b0ec1a9152b3f5e70e3334caea5b724e8192db94cd2696e
SOURCE/PRODUCT/rust/vendor/zerocopy-0.8.55/benches/split_at_dynamic_padding.x86-64	219	297da91d7aaa39f5a96332ec293a448fe47194920e658d0cc4756aa3269d10ee
SOURCE/PRODUCT/rust/vendor/zerocopy-0.8.55/benches/split_at_dynamic_padding.x86-64.mca	2075	2316761d26fc86957e7a4e79a0661a976228a985ff3404650d60e964ded18c11
SOURCE/PRODUCT/rust/vendor/zerocopy-0.8.55/benches/split_at_dynamic_size.rs	243	81e0efa87a166df9200b7297ffccb2e414aa37d6609f1cdb92d3f54f1a352460
SOURCE/PRODUCT/rust/vendor/zerocopy-0.8.55/benches/split_at_dynamic_size.x86-64	216	4851f90927ee5261cb82e7733beb27bc93964b2814067e47ecb7905136af84d6
SOURCE/PRODUCT/rust/vendor/zerocopy-0.8.55/benches/split_at_dynamic_size.x86-64.mca	2075	2316761d26fc86957e7a4e79a0661a976228a985ff3404650d60e964ded18c11
SOURCE/PRODUCT/rust/vendor/zerocopy-0.8.55/benches/split_at_unchecked_dynamic_padding.rs	279	193cd7d03ef707b1221dd3da93a7bbade19a3a496ed7b6f804209e6bed484850
SOURCE/PRODUCT/rust/vendor/zerocopy-0.8.55/benches/split_at_unchecked_dynamic_padding.x86-64	148	e50aba01f8359fd62ea63065d1dac955bc511f4f7e9533a3c7b49b6ea60b7a12
SOURCE/PRODUCT/rust/vendor/zerocopy-0.8.55/benches/split_at_unchecked_dynamic_padding.x86-64.mca	1449	c9d34a9e5ef8ed86340f94b3899b4429aee71614635c402e299580f372932dd5
SOURCE/PRODUCT/rust/vendor/zerocopy-0.8.55/benches/split_at_unchecked_dynamic_size.rs	273	301d640fd1e752f67f0390e65e327ce1d872c76651ec4e6f6d056ccc272b7f25
SOURCE/PRODUCT/rust/vendor/zerocopy-0.8.55/benches/split_at_unchecked_dynamic_size.x86-64	145	2e9d311a2fec8fa457337053397de970b1819d6ad6be9f7197c021773b462c7b
SOURCE/PRODUCT/rust/vendor/zerocopy-0.8.55/benches/split_at_unchecked_dynamic_size.x86-64.mca	1449	c9d34a9e5ef8ed86340f94b3899b4429aee71614635c402e299580f372932dd5
SOURCE/PRODUCT/rust/vendor/zerocopy-0.8.55/benches/split_via_immutable_dynamic_padding.rs	250	8b54b565a1936c5830521b10601989baa11c390caa653775e5cdf1dd36602c88
SOURCE/PRODUCT/rust/vendor/zerocopy-0.8.55/benches/split_via_immutable_dynamic_padding.x86-64	331	cb42e292ebda117fe218f3379ee5bedc988e15a6b990379645a041476a1a3632
SOURCE/PRODUCT/rust/vendor/zerocopy-0.8.55/benches/split_via_immutable_dynamic_padding.x86-64.mca	2583	cde4cc9f3a3fda9bb538744ea1c8eb939b6ce20a48f72fb71c86b2a139bd7a6c
SOURCE/PRODUCT/rust/vendor/zerocopy-0.8.55/benches/split_via_immutable_dynamic_size.rs	244	9ae48a6ea21161d23f86b3bb1917d7ec7b1a076d469fc38f801b4a134a639a4d
SOURCE/PRODUCT/rust/vendor/zerocopy-0.8.55/benches/split_via_immutable_dynamic_size.x86-64	314	8d96c6d900aec832843c6ffcb23b0579fabd2cbc8e746ebb093600b024c24259
SOURCE/PRODUCT/rust/vendor/zerocopy-0.8.55/benches/split_via_immutable_dynamic_size.x86-64.mca	2459	661ae9416d322ebaa5d16363c6bfe0a9a7a4cb6b0895101378022dba1eca7779
SOURCE/PRODUCT/rust/vendor/zerocopy-0.8.55/benches/split_via_runtime_check_dynamic_padding.rs	271	1d76442da00d789d9540ebb20b552eee01bd33d00afcd5942f444e18222b4c1e
SOURCE/PRODUCT/rust/vendor/zerocopy-0.8.55/benches/split_via_runtime_check_dynamic_padding.x86-64	440	9b6b254ce70213e3a05a39156fea455e257c799b099491bc5ee7dc41a74553d0
SOURCE/PRODUCT/rust/vendor/zerocopy-0.8.55/benches/split_via_runtime_check_dynamic_padding.x86-64.mca	3447	a7e8085b7bb8b9c47384b536bd39c22077c02c1689b66e6c6dfa4df79e538153
SOURCE/PRODUCT/rust/vendor/zerocopy-0.8.55/benches/split_via_runtime_check_dynamic_size.rs	265	000a3143d23dac81ed96b1e3257bea46608f1b4e6c0de98af876687c88fe458e
SOURCE/PRODUCT/rust/vendor/zerocopy-0.8.55/benches/split_via_runtime_check_dynamic_size.x86-64	318	fec062ec49973b0aae0310d564d7fc9c99ca1f3d6540f1619fdf3cc9cac08ad7
SOURCE/PRODUCT/rust/vendor/zerocopy-0.8.55/benches/split_via_runtime_check_dynamic_size.x86-64.mca	2459	661ae9416d322ebaa5d16363c6bfe0a9a7a4cb6b0895101378022dba1eca7779
SOURCE/PRODUCT/rust/vendor/zerocopy-0.8.55/benches/split_via_unchecked_dynamic_padding.rs	268	b8f6716d3cea44b53ab1de3dda87019c6df24a36a14c0a843b4c2458d7a3a9e5
SOURCE/PRODUCT/rust/vendor/zerocopy-0.8.55/benches/split_via_unchecked_dynamic_padding.x86-64	331	d7e624bda21874e1293c285ae28e6ab276e6bf25050ac0544fb6f416300c949b
SOURCE/PRODUCT/rust/vendor/zerocopy-0.8.55/benches/split_via_unchecked_dynamic_padding.x86-64.mca	2583	cde4cc9f3a3fda9bb538744ea1c8eb939b6ce20a48f72fb71c86b2a139bd7a6c
SOURCE/PRODUCT/rust/vendor/zerocopy-0.8.55/benches/split_via_unchecked_dynamic_size.rs	262	5211dacd9541803443e6d71baff5f82a18080b679ec7f958429434f94f4c3b01
SOURCE/PRODUCT/rust/vendor/zerocopy-0.8.55/benches/split_via_unchecked_dynamic_size.x86-64	314	aab14f776fe876df18e45fab72629e9f318a866de63385dff02e9b3bce631614
SOURCE/PRODUCT/rust/vendor/zerocopy-0.8.55/benches/split_via_unchecked_dynamic_size.x86-64.mca	2459	661ae9416d322ebaa5d16363c6bfe0a9a7a4cb6b0895101378022dba1eca7779
SOURCE/PRODUCT/rust/vendor/zerocopy-0.8.55/benches/transmute.rs	346	ea2626b52bdee175ec1a03d46e74772ccc4a06fe92b0f72c74c882ff77f71539
SOURCE/PRODUCT/rust/vendor/zerocopy-0.8.55/benches/transmute.x86-64	36	d96fb8dc445499c9d1e88ed43a1b8151edd10824122a34628d2b52b2b244f577
SOURCE/PRODUCT/rust/vendor/zerocopy-0.8.55/benches/transmute.x86-64.mca	987	b5265f1b25858cee38b1ee854ee77204874dba98fbf075828b86f9b7a4b7566a
SOURCE/PRODUCT/rust/vendor/zerocopy-0.8.55/benches/transmute_ref_dynamic_size.rs	373	aff55864d9f469013d123fc709ae54eefe676d0a97294e8cf77300a07b80968c
SOURCE/PRODUCT/rust/vendor/zerocopy-0.8.55/benches/transmute_ref_dynamic_size.x86-64	73	74778193a60bc56cc125a5f426d2e6554fbb2a843a5d0ca9d876f4ac51609bf8
SOURCE/PRODUCT/rust/vendor/zerocopy-0.8.55/benches/transmute_ref_dynamic_size.x86-64.mca	1123	5884528f1ecddbd613a7a1b44bb90da3155a64b9712c7bf466ae6b99590db5e8
SOURCE/PRODUCT/rust/vendor/zerocopy-0.8.55/benches/transmute_ref_static_size.rs	346	575185bc0b99e95a4334cb3852cbc20b67fc6ba784e2a251bdf2988e50087ea1
SOURCE/PRODUCT/rust/vendor/zerocopy-0.8.55/benches/transmute_ref_static_size.x86-64	52	95c70f386d817e3459e05e51b3996419e67fb62261042200d4e9bd11e7686065
SOURCE/PRODUCT/rust/vendor/zerocopy-0.8.55/benches/transmute_ref_static_size.x86-64.mca	987	b5265f1b25858cee38b1ee854ee77204874dba98fbf075828b86f9b7a4b7566a
SOURCE/PRODUCT/rust/vendor/zerocopy-0.8.55/benches/try_read_from_bytes.rs	225	5dee2be274f7a6148b1cc56d0b4728ffcac4d3bf0ad08efd91be4ee609e126bf
SOURCE/PRODUCT/rust/vendor/zerocopy-0.8.55/benches/try_read_from_bytes.x86-64	346	78da3d1420a2285bf45f7d63bffc3f586251d2bef140cbe3cfb7458f713c9ee1
SOURCE/PRODUCT/rust/vendor/zerocopy-0.8.55/benches/try_read_from_bytes.x86-64.mca	3257	cd65b57bb450e10f9d286cc3a1f68c4d36832aa2dfe2d6da13e378b39ddbb50f
SOURCE/PRODUCT/rust/vendor/zerocopy-0.8.55/benches/try_read_from_prefix.rs	300	ab58c8c22aa6598fb00ea86f5f8f47e74780ab0e3529ac65ed70c4d90fb09df3
SOURCE/PRODUCT/rust/vendor/zerocopy-0.8.55/benches/try_read_from_prefix.x86-64	272	4e0d3b06bb09d35165983352b14ed68dac983c1cec6dc07a71613304dce7ec8c
SOURCE/PRODUCT/rust/vendor/zerocopy-0.8.55/benches/try_read_from_prefix.x86-64.mca	2549	bc530626b05f2532dd41e40246a3265b52475438a73726f0dd8f5d20504761cf
SOURCE/PRODUCT/rust/vendor/zerocopy-0.8.55/benches/try_read_from_suffix.rs	300	fedef98be3bdaf1bd5b64deb769f110959ffb570a9a7a0dd243ef91daaca8810
SOURCE/PRODUCT/rust/vendor/zerocopy-0.8.55/benches/try_read_from_suffix.x86-64	310	ef2d48c617b88eb4e8937d558596e380f5d529120b48a6a4078671e402173861
SOURCE/PRODUCT/rust/vendor/zerocopy-0.8.55/benches/try_read_from_suffix.x86-64.mca	2817	5319d5efae21b3412f6f5a574424efdb3e630358bc56326b0a4776419a8641c8
SOURCE/PRODUCT/rust/vendor/zerocopy-0.8.55/benches/try_ref_from_bytes_dynamic_padding.rs	232	6f4e39222ea4c26e285a87ff17229bff7163bdbf2c339237c1f83ad54036f0d0
SOURCE/PRODUCT/rust/vendor/zerocopy-0.8.55/benches/try_ref_from_bytes_dynamic_padding.x86-64	383	2350ccb9e09b9939757da963cf527cf8efa88c40b31dac9ecd8b51863e8658a0
SOURCE/PRODUCT/rust/vendor/zerocopy-0.8.55/benches/try_ref_from_bytes_dynamic_padding.x86-64.mca	3421	8a4464e8879f06708a7913e9d7ef71d19166db1014971ffe9e3d1ce21c4358ba
SOURCE/PRODUCT/rust/vendor/zerocopy-0.8.55/benches/try_ref_from_bytes_dynamic_size.rs	226	593f29b3fa067bc4c35efd73512e8d7b5b7b6d8b14cbc3dc4b4d1a7bb5bd7616
SOURCE/PRODUCT/rust/vendor/zerocopy-0.8.55/benches/try_ref_from_bytes_dynamic_size.x86-64	307	f207873996864db03cab6566ebe23e1623409ed69e1c369cdad134c8eda6e008
SOURCE/PRODUCT/rust/vendor/zerocopy-0.8.55/benches/try_ref_from_bytes_dynamic_size.x86-64.mca	3197	0c0d22c64b003242a45e3aa08338598b287ba82f48e83e838a56c6a0fdbd14dc
SOURCE/PRODUCT/rust/vendor/zerocopy-0.8.55/benches/try_ref_from_bytes_static_size.rs	224	8927f96863b2d45585c86b60a045fb8a52fa1d5212f74f60960ecca9c954872f
SOURCE/PRODUCT/rust/vendor/zerocopy-0.8.55/benches/try_ref_from_bytes_static_size.x86-64	187	f11b5e06adb3f087577291cb58fc696eadeef07e0db757cd143a0e55bbf77720
SOURCE/PRODUCT/rust/vendor/zerocopy-0.8.55/benches/try_ref_from_bytes_static_size.x86-64.mca	1981	f5a05548b23a8c6878bf979e3ef03f19ba43be218753f9ad184b4d150a0d0baa
SOURCE/PRODUCT/rust/vendor/zerocopy-0.8.55/benches/try_ref_from_bytes_with_elems_dynamic_padding.rs	286	54096e318ae16f77df588ec0c4e28425a77c7c791f3f7fd692b0614395c05311
SOURCE/PRODUCT/rust/vendor/zerocopy-0.8.55/benches/try_ref_from_bytes_with_elems_dynamic_padding.x86-64	336	857d786d3fc5b60f1521766d309826470376e4ef16dd26f5b8ea4af0c26876c6
SOURCE/PRODUCT/rust/vendor/zerocopy-0.8.55/benches/try_ref_from_bytes_with_elems_dynamic_padding.x86-64.mca	3017	e192a1922b8ac5ee5478b77dd8b44c3f7beca5534d4e160568116b6e18d57d29
SOURCE/PRODUCT/rust/vendor/zerocopy-0.8.55/benches/try_ref_from_bytes_with_elems_dynamic_size.rs	280	f4c73003266dd256228d983b7e250da8dfb7457da9bfaf4d8e0e8e45c133f916
SOURCE/PRODUCT/rust/vendor/zerocopy-0.8.55/benches/try_ref_from_bytes_with_elems_dynamic_size.x86-64	298	ee03f8e55059f9fd33dc1830da26575e6cda24f2c71cb624b75b62320b4f2cf7
SOURCE/PRODUCT/rust/vendor/zerocopy-0.8.55/benches/try_ref_from_bytes_with_elems_dynamic_size.x86-64.mca	2659	a24a2590859af9a7383ae3ccf5791bfa0f1c24dda3c1a1686aff9f5bb477f683
SOURCE/PRODUCT/rust/vendor/zerocopy-0.8.55/benches/try_ref_from_prefix_dynamic_padding.rs	307	03113947de7a3c4158e053189ff906fbd55a14d9fadb4240d3c10dd6bd37cf20
SOURCE/PRODUCT/rust/vendor/zerocopy-0.8.55/benches/try_ref_from_prefix_dynamic_padding.x86-64	435	3b7574d7fab05c611215ad0112fc9371c89c7a8f9116926ba7759e87f56b5334
SOURCE/PRODUCT/rust/vendor/zerocopy-0.8.55/benches/try_ref_from_prefix_dynamic_padding.x86-64.mca	4003	a39b2da962a67b58f4c41c3f1a77652a6e17088f19e570405545a47b1eeb17a2
SOURCE/PRODUCT/rust/vendor/zerocopy-0.8.55/benches/try_ref_from_prefix_dynamic_size.rs	301	9bc5c20f969cddc2fe3fed38244b0478972c7e947ebfcb7bcc0712900dfec3d4
SOURCE/PRODUCT/rust/vendor/zerocopy-0.8.55/benches/try_ref_from_prefix_dynamic_size.x86-64	310	c38d672ba7d0af7a8f3ffb2537990d053a0972f16a51b43be1b56218c0e613c8
SOURCE/PRODUCT/rust/vendor/zerocopy-0.8.55/benches/try_ref_from_prefix_dynamic_size.x86-64.mca	3087	17ece20c26cf5ea28d3013e2fc6781b791e4d7fb004395ea4bbe5c22fac4e59c
SOURCE/PRODUCT/rust/vendor/zerocopy-0.8.55/benches/try_ref_from_prefix_static_size.rs	299	201de9e4d4a8534752565412fd75a5c482e5ec3db31ec193281ad205cdfd85f1
SOURCE/PRODUCT/rust/vendor/zerocopy-0.8.55/benches/try_ref_from_prefix_static_size.x86-64	217	418b9d63f2e2cf7bb84b233660dd3184f3c19e9fe0dc41798da0222dd0272971
SOURCE/PRODUCT/rust/vendor/zerocopy-0.8.55/benches/try_ref_from_prefix_static_size.x86-64.mca	2231	00f507c5ca32a2d1c5ee1f02522f66a4dc4db3cc0b82f633f4370f65cea649d1
SOURCE/PRODUCT/rust/vendor/zerocopy-0.8.55/benches/try_ref_from_prefix_with_elems_dynamic_padding.rs	361	cd469c1e83b401aa25184346f6cc2ee80c3b4dcb478f7950cc70495868435453
SOURCE/PRODUCT/rust/vendor/zerocopy-0.8.55/benches/try_ref_from_prefix_with_elems_dynamic_padding.x86-64	451	1371881016ebd06a2710f6de699c3ee48c506c10692ea83cbd8a2e33e77578c7
SOURCE/PRODUCT/rust/vendor/zerocopy-0.8.55/benches/try_ref_from_prefix_with_elems_dynamic_padding.x86-64.mca	3995	17431ebf7700898e4d71b4cd16479cf76d2182c7502c7de281fa375e67cc42c7
SOURCE/PRODUCT/rust/vendor/zerocopy-0.8.55/benches/try_ref_from_prefix_with_elems_dynamic_size.rs	355	3b5d0290fd919e582c8b696a355aaa164c1bf65aac9a063b9ee5343d4e3ffee1
SOURCE/PRODUCT/rust/vendor/zerocopy-0.8.55/benches/try_ref_from_prefix_with_elems_dynamic_size.x86-64	405	c0a97bd210438081bde5bfda99765fd9965a5155ecf7250a64286347f8035b47
SOURCE/PRODUCT/rust/vendor/zerocopy-0.8.55/benches/try_ref_from_prefix_with_elems_dynamic_size.x86-64.mca	3525	08d701ab0380bd2236f53bfa0bfe4d76ff34b39f81caff9851435ec96f8f040c
SOURCE/PRODUCT/rust/vendor/zerocopy-0.8.55/benches/try_ref_from_suffix_dynamic_padding.rs	307	7329ed7cada43f927cf8cd633563bd7cebd417c69105e28db9a06e343583c025
SOURCE/PRODUCT/rust/vendor/zerocopy-0.8.55/benches/try_ref_from_suffix_dynamic_padding.x86-64	436	5f8e084475b725672b94a6e7ae6a26096c6f67eef3611dbcfb3e38ae1ab2ab88
SOURCE/PRODUCT/rust/vendor/zerocopy-0.8.55/benches/try_ref_from_suffix_dynamic_padding.x86-64.mca	3717	773346a942e6732c31660cb96d47ec3249718e1ae23505f44440166d0f376686
SOURCE/PRODUCT/rust/vendor/zerocopy-0.8.55/benches/try_ref_from_suffix_dynamic_size.rs	301	1cd46928c72ddf37c37d9d6cc1ad39e872e46859d8ae3d02d864915c6bcab15d
SOURCE/PRODUCT/rust/vendor/zerocopy-0.8.55/benches/try_ref_from_suffix_dynamic_size.x86-64	278	700632e51bd9730aa8487510f3dc7c4a4cda2dcd00f25be44be2b857c2198b38
SOURCE/PRODUCT/rust/vendor/zerocopy-0.8.55/benches/try_ref_from_suffix_dynamic_size.x86-64.mca	2753	188970455bb58c1a8a1ede8f210932687a1e1854a8d9d7a9ee11d51868ad90c5
SOURCE/PRODUCT/rust/vendor/zerocopy-0.8.55/benches/try_ref_from_suffix_static_size.rs	299	8219d93922dc0578c369060d1bdfec73a0e3fb014a42d89edc8c160de439fad7
SOURCE/PRODUCT/rust/vendor/zerocopy-0.8.55/benches/try_ref_from_suffix_static_size.x86-64	253	67cf035f42d9edd78409998d1373aa62cd9fe1e5b7d29262940726227fa1bbf3
SOURCE/PRODUCT/rust/vendor/zerocopy-0.8.55/benches/try_ref_from_suffix_static_size.x86-64.mca	2513	44e291ab42760672d19d39532b2f46676a3d065ea6d3e8b399ba0b3970e8171b
SOURCE/PRODUCT/rust/vendor/zerocopy-0.8.55/benches/try_ref_from_suffix_with_elems_dynamic_padding.rs	361	857ef60dbf5fb30a8fc6848fb9aa9ebf7410d83691a37b3a8f473d26ef93c6ee
SOURCE/PRODUCT/rust/vendor/zerocopy-0.8.55/benches/try_ref_from_suffix_with_elems_dynamic_padding.x86-64	499	f1d1285a08c3ae8749399bf0dbdd1871659bbb927ddb24eb2f488b4ca955d712
SOURCE/PRODUCT/rust/vendor/zerocopy-0.8.55/benches/try_ref_from_suffix_with_elems_dynamic_padding.x86-64.mca	4283	48decc0d9f0259e6c925e4876a95df8d1f2397e7e48092e96518d96ba223a534
SOURCE/PRODUCT/rust/vendor/zerocopy-0.8.55/benches/try_ref_from_suffix_with_elems_dynamic_size.rs	355	31cfb930987bd3f347ed0e4092c2bbbda91ad859ca7d86435dacef0c834cbfa8
SOURCE/PRODUCT/rust/vendor/zerocopy-0.8.55/benches/try_ref_from_suffix_with_elems_dynamic_size.x86-64	453	05ac42d6432f821f17af75616616e435907106a1df58a09ce48c639ce6c8b0b9
SOURCE/PRODUCT/rust/vendor/zerocopy-0.8.55/benches/try_ref_from_suffix_with_elems_dynamic_size.x86-64.mca	3814	3d16953574488344f8decdeecaab3bc31e145c052d7ec4e57073ec4c14a87d16
SOURCE/PRODUCT/rust/vendor/zerocopy-0.8.55/benches/try_transmute.rs	367	dd44a381c54b8df4a5c826fc12787c111668533ae4174bde2e5598e1f5603c73
SOURCE/PRODUCT/rust/vendor/zerocopy-0.8.55/benches/try_transmute.x86-64	126	f49f4a9d0fef8918588607b064e28a8c3f780ff864206047ea53a8f3feb88de7
SOURCE/PRODUCT/rust/vendor/zerocopy-0.8.55/benches/try_transmute.x86-64.mca	1735	01212e9c4549e529534f1e818b32fe9f0d121731cdce3411a63a1a91fb3df050
SOURCE/PRODUCT/rust/vendor/zerocopy-0.8.55/benches/try_transmute_ref_dynamic_size.rs	401	92d973710e22733d4cb177df4f9871fe164235c07a0d968cda83c0b9c3839d9d
SOURCE/PRODUCT/rust/vendor/zerocopy-0.8.55/benches/try_transmute_ref_dynamic_size.x86-64	121	98d4e4d0e484bc216ca690878b66d7745bd0eb1331cf161322442534a22e1944
SOURCE/PRODUCT/rust/vendor/zerocopy-0.8.55/benches/try_transmute_ref_dynamic_size.x86-64.mca	1403	6ceb19a33e0e2d18f53ec70402100c47da202fcffd56d5ff996828285f340e10
SOURCE/PRODUCT/rust/vendor/zerocopy-0.8.55/benches/try_transmute_ref_static_size.rs	374	a9a93a2c565770780c3e7de76a4b8c87571f771380a80b3bda376cdd69b5f98e
SOURCE/PRODUCT/rust/vendor/zerocopy-0.8.55/benches/try_transmute_ref_static_size.x86-64	100	3ae89ab690ca15802712776d08dbcd36dba6a2bd7bfce1ef989295d0b2ce8364
SOURCE/PRODUCT/rust/vendor/zerocopy-0.8.55/benches/try_transmute_ref_static_size.x86-64.mca	1267	de3f7a20f918138bda8e74cd9789cbea6cc089e0d5d0252a72ed2a15a762f8ec
SOURCE/PRODUCT/rust/vendor/zerocopy-0.8.55/benches/write_to_dynamic_size.rs	233	6b302190ff3141ba4c600ee12726b53d26bbb2ca23ee32487e0617d1f0f05b82
SOURCE/PRODUCT/rust/vendor/zerocopy-0.8.55/benches/write_to_dynamic_size.x86-64	298	df321bcd81afb0003083dc63bc11904b9618c03e85d2cc4d989e423e3881d167
SOURCE/PRODUCT/rust/vendor/zerocopy-0.8.55/benches/write_to_dynamic_size.x86-64.mca	3104	a432c07f80293913fa10e2fbab4aa2917901752a3b94de7c33bacbe49d4155e4
SOURCE/PRODUCT/rust/vendor/zerocopy-0.8.55/benches/write_to_prefix_dynamic_size.rs	258	77fd633f005886108d94bf1d46cb75fbdf5710ff3976c0b243709351b31e7b99
SOURCE/PRODUCT/rust/vendor/zerocopy-0.8.55/benches/write_to_prefix_dynamic_size.x86-64	305	b92f89757d531453cbd8738aaa2a1613693fa3a81c80a0c504ed99895a672e0a
SOURCE/PRODUCT/rust/vendor/zerocopy-0.8.55/benches/write_to_prefix_dynamic_size.x86-64.mca	3104	e1c1eddc93caa9ae5a5542bcacff25be5910e992e52ae6701c07405bed50b055
SOURCE/PRODUCT/rust/vendor/zerocopy-0.8.55/benches/write_to_prefix_static_size.rs	256	f3e8e02e2bf9b3314bfcc3b50a3ada5fff18e1b10b895e3667dbd11bf5920cf8
SOURCE/PRODUCT/rust/vendor/zerocopy-0.8.55/benches/write_to_prefix_static_size.x86-64	206	e6181d0c3f568620b8d4b731319902fbf8c60b4087f88f9eda5a3c8197be9e04
SOURCE/PRODUCT/rust/vendor/zerocopy-0.8.55/benches/write_to_prefix_static_size.x86-64.mca	1945	290247dc36cadf17485643828dc7860a4c6a1285dc10da70f1f1f7bfce61e9a1
SOURCE/PRODUCT/rust/vendor/zerocopy-0.8.55/benches/write_to_static_size.rs	231	84e4865798576b4f988f3d071fcedbcf31c07008ec73114e1926876bc1c8af8f
SOURCE/PRODUCT/rust/vendor/zerocopy-0.8.55/benches/write_to_static_size.x86-64	199	ebdeaecbcf1a95a5f0895248eb23947e3572215c9ac38cc4da8911f119570a1e
SOURCE/PRODUCT/rust/vendor/zerocopy-0.8.55/benches/write_to_static_size.x86-64.mca	1945	a91226a32a8857374e3f8fbf8b7fc13ab7df5ade46be21113c62fdec90259e09
SOURCE/PRODUCT/rust/vendor/zerocopy-0.8.55/benches/write_to_suffix_dynamic_size.rs	258	17b526e3db8ac97b7387f4ca852a110ffa5308013723a9cc068e3b70f7719701
SOURCE/PRODUCT/rust/vendor/zerocopy-0.8.55/benches/write_to_suffix_dynamic_size.x86-64	319	86931eed41acf697f55d07a8c2d7123e3a38cbed35d7e35f808ffe3ffc35fb59
SOURCE/PRODUCT/rust/vendor/zerocopy-0.8.55/benches/write_to_suffix_dynamic_size.x86-64.mca	3228	778e0b109d5c9920d9ce797fb1a5e92a8536d32cff1094ff9e95b910dacf0ccb
SOURCE/PRODUCT/rust/vendor/zerocopy-0.8.55/benches/write_to_suffix_static_size.rs	256	9eab793af46f81d5d593b4f2ca869495c644da8c4fd21db52bf947b19c630003
SOURCE/PRODUCT/rust/vendor/zerocopy-0.8.55/benches/write_to_suffix_static_size.x86-64	222	0995d60a863e6496d6d2923f3ad25fbea98a410e5a2462620d91f48cde1ec610
SOURCE/PRODUCT/rust/vendor/zerocopy-0.8.55/benches/write_to_suffix_static_size.x86-64.mca	1977	f79144ae203fed71d924de9b131301b6a57a440e3eea64bed110b28cb8bbe070
SOURCE/PRODUCT/rust/vendor/zerocopy-0.8.55/benches/zero_dynamic_padding.rs	181	10961bb9bf932808a26387bfb71b68bc09588812748e40f7603aa62bf5c1311a
SOURCE/PRODUCT/rust/vendor/zerocopy-0.8.55/benches/zero_dynamic_padding.x86-64	165	d4fae8108c86e8c6eb6e4c7c4dd96c4525ad7b89704f8fa9f6d0beaa3db2ffd6
SOURCE/PRODUCT/rust/vendor/zerocopy-0.8.55/benches/zero_dynamic_padding.x86-64.mca	1607	b8250bb8e5f27d1dac95143fd8df961f1cf0e474bc85da659a26f9cd6319a14d
SOURCE/PRODUCT/rust/vendor/zerocopy-0.8.55/benches/zero_dynamic_size.rs	175	c1db2f54c4028bebf3474e7e39cc519cfecb816b9885811b5113570dfd27c022
SOURCE/PRODUCT/rust/vendor/zerocopy-0.8.55/benches/zero_dynamic_size.x86-64	113	55fac52a9a376078e450a661f9e8617983082efb8d6595ca0ca5b0a5b4195f4a
SOURCE/PRODUCT/rust/vendor/zerocopy-0.8.55/benches/zero_dynamic_size.x86-64.mca	1317	6d7d2627b3eff59d515775220a7d18ee179efb3ce4b884d9465d7b6ca2dd80e2
SOURCE/PRODUCT/rust/vendor/zerocopy-0.8.55/benches/zero_static_size.rs	173	74ff0743381da3935c904aac3eb6af54c6e3f653833639e2ba447e754eea7498
SOURCE/PRODUCT/rust/vendor/zerocopy-0.8.55/benches/zero_static_size.x86-64	80	2a6eef60a97730e17dca02b0f82676e030ed48c4886ad262cf9da82c6c0a1451
SOURCE/PRODUCT/rust/vendor/zerocopy-0.8.55/benches/zero_static_size.x86-64.mca	1157	3e4499c9259c7240bb37dc0e7b2f18169a3805b3274407424f6ecf6c0c0a4c2d
SOURCE/PRODUCT/rust/vendor/zerocopy-0.8.55/build.rs	10372	916639a8cc523f6b7551c946706f551b24352cd50c84a2284ca313798bc77ee5
SOURCE/PRODUCT/rust/vendor/zerocopy-0.8.55/cargo.sh	965	23b2eddb1e982dcc2228b573bb92a768e05e056e24f440d7efdf7fb1a747ac87
SOURCE/PRODUCT/rust/vendor/zerocopy-0.8.55/ci/check_all_toolchains_tested.sh	1098	979cece8aff80ff997bc317f9e48bb9f9a8c36486e7f23d7f1e869c75f03de85
SOURCE/PRODUCT/rust/vendor/zerocopy-0.8.55/ci/check_fmt.sh	733	83e6654d1b6658c6d65c8b0beb4cbe7aaaa0cbf3cd4cc4d196d40b7c21f8d9eb
SOURCE/PRODUCT/rust/vendor/zerocopy-0.8.55/ci/check_msrv_is_minimal.sh	2241	b6adac6e751ef1dd5927090b30bb098a64e9c9c50e047562088b889e25c2d5fc
SOURCE/PRODUCT/rust/vendor/zerocopy-0.8.55/ci/check_readme.sh	751	c23dc51696893e171018fb1cb86b7c606a2cd3ad4800c7a44f913a1451607c5e
SOURCE/PRODUCT/rust/vendor/zerocopy-0.8.55/ci/check_stale_stderr.sh	1655	61a25ca45e05e684c31af4f926c15c7d7f97945f90a744038ab45816799dc6d0
SOURCE/PRODUCT/rust/vendor/zerocopy-0.8.55/ci/check_versions.sh	3063	c2603621c4981c1400d946cd83b2d3af0ba7db2355779b55eab89ca2c821fe0d
SOURCE/PRODUCT/rust/vendor/zerocopy-0.8.55/ci/release_crate_version.sh	802	e5f4b957eae4251f66a9497cc596533d767d97a841556c5c18425aa7259005eb
SOURCE/PRODUCT/rust/vendor/zerocopy-0.8.55/clippy.toml	446	df67a6131fff2fe52309e797d2dfad080fc8cbdfcb1baa7f14415b3e397c291c
SOURCE/PRODUCT/rust/vendor/zerocopy-0.8.55/rustdoc/style.css	1489	2622d8f676bd9e577d67f8fd962eca950d0c6df33b4b21b3df6ff7474fcd51ca
SOURCE/PRODUCT/rust/vendor/zerocopy-0.8.55/src/byte_slice.rs	17475	c61c875a6e10aa06c44300337e7e270099a4a5ece7ddd4863de2cef4439087b4
SOURCE/PRODUCT/rust/vendor/zerocopy-0.8.55/src/byteorder.rs	55916	3631826007e5546e9d2ade6fe1269eac22245ebb020bbb9f6f3cf64c82afe0c1
SOURCE/PRODUCT/rust/vendor/zerocopy-0.8.55/src/deprecated.rs	8164	0762789a318b47fefd1d852160472d1ef91d994f2914304bd7c4544cc8368664
SOURCE/PRODUCT/rust/vendor/zerocopy-0.8.55/src/doctests.rs	5745	dcbadd8d83a676ba003d00e9ce038cb7752224fd700be4547ae7f56b17ab718d
SOURCE/PRODUCT/rust/vendor/zerocopy-0.8.55/src/error.rs	47048	c521740e956bc25fc22d60f12578235784b8ff905e8b145a3cbbe9710349252c
SOURCE/PRODUCT/rust/vendor/zerocopy-0.8.55/src/impls.rs	106151	f3c00559de44fc20790a651d264b20729081ef006dd97e7964734adb6cf3fefb
SOURCE/PRODUCT/rust/vendor/zerocopy-0.8.55/src/layout.rs	101002	e9528c0ea3dc40aee4b8a6746c158cdaf259e56ccc8173e0a86be31d5c92df09
SOURCE/PRODUCT/rust/vendor/zerocopy-0.8.55/src/lib.rs	277185	80b14f7017ba0bfd4d9ac6c12af03eb73ec3c04e4ded6a60de4fe11688337a7b
SOURCE/PRODUCT/rust/vendor/zerocopy-0.8.55/src/macros.rs	66170	c3bd3b90839f70e3ac7ad7f72ec6c5b677660438460bf6378e29b8a0426e28cb
SOURCE/PRODUCT/rust/vendor/zerocopy-0.8.55/src/pointer/inner.rs	33757	e7fbf63f695054fcebc0e353d0c1b7a75d87c30af7d64395aca86b088dd07bac
SOURCE/PRODUCT/rust/vendor/zerocopy-0.8.55/src/pointer/invariant.rs	11866	7df5d13cc79e7ad469580da8d0bf9071e37a45723e417d31c55820616660cbdc
SOURCE/PRODUCT/rust/vendor/zerocopy-0.8.55/src/pointer/mod.rs	16836	fed883833d01acb38b152b2f251acf4bda6b1b4c58be6c50edab5341f97b107c
SOURCE/PRODUCT/rust/vendor/zerocopy-0.8.55/src/pointer/ptr.rs	68898	f696788823a4b0edd03e468beb9e42218a78e6b67d55772b1bfe11e336f2894f
SOURCE/PRODUCT/rust/vendor/zerocopy-0.8.55/src/pointer/transmute.rs	20831	3b98c64ff06d0cf49170bb8dc1260538a185c4a104909f25ed0d7a303bc27dbc
SOURCE/PRODUCT/rust/vendor/zerocopy-0.8.55/src/ref.rs	53260	3898b5572753c43d19c14b4ac8c4fed57cd3d238ad6fb142b0df1a7b4cbaead5
SOURCE/PRODUCT/rust/vendor/zerocopy-0.8.55/src/split_at.rs	37990	b818a62ea96836a18b70a07fa24e1b9537ea991f9493475b1ac84adc0e149610
SOURCE/PRODUCT/rust/vendor/zerocopy-0.8.55/src/util/macro_util.rs	56266	489866940d8483d1f4ea4ce24ca64321f24d78d8f57f1e20d252961203d79535
SOURCE/PRODUCT/rust/vendor/zerocopy-0.8.55/src/util/macros.rs	40962	4c5cdf81bc7ae7bbed91ba3268b4a9989fe46a88850193a57f4f47c0888c4992
SOURCE/PRODUCT/rust/vendor/zerocopy-0.8.55/src/util/mod.rs	36179	b0252fc08c2a607123c04713d4aeb37e7edcc52b4dd8c4245080efe4ba334825
SOURCE/PRODUCT/rust/vendor/zerocopy-0.8.55/src/wrappers.rs	39851	add04d276505e9682851a5dee070d513b5db31e7b044aaf5db8b85fac478eaae
SOURCE/PRODUCT/rust/vendor/zerocopy-0.8.55/testdata/include_value/data	4	88d4266fd4e6338d13b845fcf289579d209c897823b9217da3e161936f031589
SOURCE/PRODUCT/rust/vendor/zerocopy-0.8.55/tests/codegen.rs	3944	51afd6c3e479bcff84fca340573116db6be9f1fc99c0c5a411583bd12f440c0f
SOURCE/PRODUCT/rust/vendor/zerocopy-0.8.55/tests/include.rs	2206	3cb8eb691d41d7a3eafe9136afca5cad302430f6b08c2f3d03cd7a3d25fe74ef
SOURCE/PRODUCT/rust/vendor/zerocopy-0.8.55/tests/ui.rs	1600	18a8867ac684ae60956b930e6cbcfe315782f02212c2e9b4366c55a1a7ed266c
SOURCE/PRODUCT/rust/vendor/zerocopy-0.8.55/tests/ui/diagnostic-not-implemented.msrv.stderr	4202	d8638ecfef2760737c482f0e2a0938f825b26e66d2d5495f522e546a46c9286b
SOURCE/PRODUCT/rust/vendor/zerocopy-0.8.55/tests/ui/diagnostic-not-implemented.nightly.stderr	9721	7a2fe6726edff770d0948460a4d6cd725d26e3a6d644115f17980d83fec45449
SOURCE/PRODUCT/rust/vendor/zerocopy-0.8.55/tests/ui/diagnostic-not-implemented.rs	4135	04444c8b5e902ae5d6ca95d7bf049ea4dc992df03e05209abce7ca0de261cf73
SOURCE/PRODUCT/rust/vendor/zerocopy-0.8.55/tests/ui/diagnostic-not-implemented.stable.stderr	9721	7a2fe6726edff770d0948460a4d6cd725d26e3a6d644115f17980d83fec45449
SOURCE/PRODUCT/rust/vendor/zerocopy-0.8.55/tests/ui/include_value.msrv.stderr	913	4d2da000f1093babc597cff41b117d0f53c6c92e8b88066afe0b8a4fc812e167
SOURCE/PRODUCT/rust/vendor/zerocopy-0.8.55/tests/ui/include_value.nightly.stderr	1674	02bcd0565ea0ff9e45529a1c355b5dbd36ce2e1991b47b1ccf37d1a23967059b
SOURCE/PRODUCT/rust/vendor/zerocopy-0.8.55/tests/ui/include_value.rs	703	5f9a57d10865b2daca4d0bdac56ed5d780b7cf614854b22a4a13073f5700732a
SOURCE/PRODUCT/rust/vendor/zerocopy-0.8.55/tests/ui/include_value.stable.stderr	1674	02bcd0565ea0ff9e45529a1c355b5dbd36ce2e1991b47b1ccf37d1a23967059b
SOURCE/PRODUCT/rust/vendor/zerocopy-0.8.55/tests/ui/late-compile-pass.msrv.stderr	6728	51ca8d6369a7f5c3bdf09dd8aab556f57ea754c7005706518fd5f2f27ead601e
SOURCE/PRODUCT/rust/vendor/zerocopy-0.8.55/tests/ui/late-compile-pass.nightly.stderr	8072	44e70b87be480afc32a66d69d567c9c07cf2e0baf453f3096c1d3aa413c6d97d
SOURCE/PRODUCT/rust/vendor/zerocopy-0.8.55/tests/ui/late-compile-pass.rs	4533	b4524a6c3484be51b3279d797bdbaa91171f830aab6874c794f95db1712ec22b
SOURCE/PRODUCT/rust/vendor/zerocopy-0.8.55/tests/ui/late-compile-pass.stable.stderr	8016	4cd6218c014c6c9c6f34542efc71385de0c621712adb031804508ac3848b8cbc
SOURCE/PRODUCT/rust/vendor/zerocopy-0.8.55/tests/ui/max-align.msrv.stderr	275	15dc5399d02087a7b3883da74ecb2756e5dc1a22f1eb7d4bdcb0489da6d3a125
SOURCE/PRODUCT/rust/vendor/zerocopy-0.8.55/tests/ui/max-align.nightly.stderr	276	0f39068f91e6463be59a0cb35b6c2c531329635c170d4b0dddc8bec92705d730
SOURCE/PRODUCT/rust/vendor/zerocopy-0.8.55/tests/ui/max-align.rs	1846	9866fc49d8bbeea1e4dfbfb971ed7bc6e2087857abd021b3125f487fb89788fe
SOURCE/PRODUCT/rust/vendor/zerocopy-0.8.55/tests/ui/max-align.stable.stderr	276	0f39068f91e6463be59a0cb35b6c2c531329635c170d4b0dddc8bec92705d730
SOURCE/PRODUCT/rust/vendor/zerocopy-0.8.55/tests/ui/ptr-is-invariant-over-v.msrv.stderr	836	b9ba2d9053168dff5152e408fd2ce78e82a66503e311a70da51f568090cff0a8
SOURCE/PRODUCT/rust/vendor/zerocopy-0.8.55/tests/ui/ptr-is-invariant-over-v.nightly.stderr	1660	3a245dd9d774a723db7623eb7f47918c85b2b23a23151ed51ece60bbe298c7ed
SOURCE/PRODUCT/rust/vendor/zerocopy-0.8.55/tests/ui/ptr-is-invariant-over-v.rs	1169	84e6586ebf512cfd48511dad64b06c978f459595772e33ae576a87c79ee959b0
SOURCE/PRODUCT/rust/vendor/zerocopy-0.8.55/tests/ui/ptr-is-invariant-over-v.stable.stderr	1660	3a245dd9d774a723db7623eb7f47918c85b2b23a23151ed51ece60bbe298c7ed
SOURCE/PRODUCT/rust/vendor/zerocopy-0.8.55/tests/ui/transmute-ptr-to-usize.msrv.stderr	986	2be4e6380811343cd4129fbcbb823841ee2a5c5ee230897a4b078f2b8f098490
SOURCE/PRODUCT/rust/vendor/zerocopy-0.8.55/tests/ui/transmute-ptr-to-usize.nightly.stderr	1604	d9358d4d6e77b2571def38c212534ea9e4eb603eb9aae4eb1bda00911dceffd3
SOURCE/PRODUCT/rust/vendor/zerocopy-0.8.55/tests/ui/transmute-ptr-to-usize.rs	928	2860895519d4d28b6d6d56393b6d85895022c5629bc45cdcf549786486cdeddd
SOURCE/PRODUCT/rust/vendor/zerocopy-0.8.55/tests/ui/transmute-ptr-to-usize.stable.stderr	1468	450d1fc8bb84641330db254da4cf5ce932a609b2555f91b58232b83f831958d8
SOURCE/PRODUCT/rust/vendor/zerocopy-0.8.55/tests/ui/transmute.msrv.stderr	1855	95194ad9df5a535db44633979f2ad4bfcec1e351e9af3cf925aac631f4e042ec
SOURCE/PRODUCT/rust/vendor/zerocopy-0.8.55/tests/ui/transmute.nightly.stderr	3171	5217be6ba44dd5a6d0cd0bd81c0ec67fbcd83a4bbb93709637ee475af4ab99cb
SOURCE/PRODUCT/rust/vendor/zerocopy-0.8.55/tests/ui/transmute.rs	935	49d473f40d7cdde8e42b1cc38cb2cadedb13c7148e2ef08f5119fe5bb351a851
SOURCE/PRODUCT/rust/vendor/zerocopy-0.8.55/tests/ui/transmute.stable.stderr	3171	5217be6ba44dd5a6d0cd0bd81c0ec67fbcd83a4bbb93709637ee475af4ab99cb
SOURCE/PRODUCT/rust/vendor/zerocopy-0.8.55/tests/ui/transmute_mut.msrv.stderr	5493	eae8b51586eb2de0afa38dedb2d402c0530bcd9419f6fd297a94d76e3e1d2d0c
SOURCE/PRODUCT/rust/vendor/zerocopy-0.8.55/tests/ui/transmute_mut.nightly.stderr	9525	77ee66fa707de60d65d4d2260e3ec02e6f8962b16ab65b0c70e038a2d9d8ea95
SOURCE/PRODUCT/rust/vendor/zerocopy-0.8.55/tests/ui/transmute_mut.rs	3412	6adbfef906b6f4321f8b00510e422c421378465eaab1f2d41395e178d629ac16
SOURCE/PRODUCT/rust/vendor/zerocopy-0.8.55/tests/ui/transmute_mut.stable.stderr	9412	b5d42431c6fdeac65673844fab63546334c8c7b3e458e549eb70272eb282c3c3
SOURCE/PRODUCT/rust/vendor/zerocopy-0.8.55/tests/ui/transmute_ref.msrv.stderr	11486	4ebea0a5c88ad025c8e6b8e020f75365124fc1ef52f851ff3ee1a7230d9207e0
SOURCE/PRODUCT/rust/vendor/zerocopy-0.8.55/tests/ui/transmute_ref.nightly.stderr	15675	d29c5e9725764961aa89230e9dbb2db934d8233d4e76a32329a721f5916017cc
SOURCE/PRODUCT/rust/vendor/zerocopy-0.8.55/tests/ui/transmute_ref.rs	3648	b4df55cc80bac00a05e3ab26bcd18be48901a5165d48b9bc5d35280633ce3da1
SOURCE/PRODUCT/rust/vendor/zerocopy-0.8.55/tests/ui/transmute_ref.stable.stderr	15622	3f598aec6a43e0777727543b58a09a98ba06337dedb612119b68b7d59c2290e9
SOURCE/PRODUCT/rust/vendor/zerocopy-0.8.55/tests/ui/try_transmute.msrv.stderr	2822	26d4e6bbf9b3114ea58ac837bc284ceb3acc608c86eddf1a703b50e557811da9
SOURCE/PRODUCT/rust/vendor/zerocopy-0.8.55/tests/ui/try_transmute.nightly.stderr	5803	855c6f5d43bcd6361d41e4df5a1901c1bf6b1f97633b9031d2060b36386d49e8
SOURCE/PRODUCT/rust/vendor/zerocopy-0.8.55/tests/ui/try_transmute.rs	1128	a81e8d96baca0d16e985ab9f9626f5d7d09b0dc61a5e61ccfadcc173d2a3bcfd
SOURCE/PRODUCT/rust/vendor/zerocopy-0.8.55/tests/ui/try_transmute.stable.stderr	5791	53e659d311102e4eeb2b7aef08378301ca8aa48ec21985860ecf79dbd2366e9c
SOURCE/PRODUCT/rust/vendor/zerocopy-0.8.55/tests/ui/try_transmute_mut.msrv.stderr	4292	fc38f71974c33c742af83b863fd8528b11f5ce3da808b123e1103faca3456387
SOURCE/PRODUCT/rust/vendor/zerocopy-0.8.55/tests/ui/try_transmute_mut.nightly.stderr	11973	dfe60a7639c48312cb4bc8db2c8f8411030ab1584fada30b19e1b8a225a1dc33
SOURCE/PRODUCT/rust/vendor/zerocopy-0.8.55/tests/ui/try_transmute_mut.rs	2055	9860d6d8beb0a6c553b91c6cd8c0b8143ee9dd57f80d0ad5eac90d6f0d442e67
SOURCE/PRODUCT/rust/vendor/zerocopy-0.8.55/tests/ui/try_transmute_mut.stable.stderr	11893	36817b95eb8213e35b263dbcf061569df42cc518a256bd172988a8f34e2c5d1b
SOURCE/PRODUCT/rust/vendor/zerocopy-0.8.55/tests/ui/try_transmute_ref.msrv.stderr	4657	0456af652b08e2fab6e3f71284c727baf45d7208c6661056fcbd0ca2a563dd81
SOURCE/PRODUCT/rust/vendor/zerocopy-0.8.55/tests/ui/try_transmute_ref.nightly.stderr	10242	189a4cc84b5a19f6458d1d91cc984a9d7372f2b688bbe656b499b2903948ada5
SOURCE/PRODUCT/rust/vendor/zerocopy-0.8.55/tests/ui/try_transmute_ref.rs	1772	bde79572927a2f31f40e5249bf07befb9a7e5e31b0fcb601751d916d5da39a1f
SOURCE/PRODUCT/rust/vendor/zerocopy-0.8.55/tests/ui/try_transmute_ref.stable.stderr	10196	ca0e90f5995ba18b214b02a0fad106902849c60e1f40638a2402d87bff69728e
SOURCE/PRODUCT/rust/vendor/zerocopy-0.8.55/win-cargo.bat	1171	892ced98796378161965ed3c4260fe77f4e66650051849864936877da7420f0d
SOURCE/PRODUCT/rust/vendor/zerocopy-derive-0.8.55/.cargo-checksum.json	14412	bb09ec91ec5a37da4c6cf848545ba900fc3f04bf806e66f1121f48f159b53409
SOURCE/PRODUCT/rust/vendor/zerocopy-derive-0.8.55/.cargo_vcs_info.json	118	616cb161b4da83774b5fadbf022772c66729ea1efe2cdc8cdf335e62bf5afe54
SOURCE/PRODUCT/rust/vendor/zerocopy-derive-0.8.55/Cargo.lock	2022	dbf89a618664b16c88366e885af85547a03c9b977677b94f0fc280d3d99b9165
SOURCE/PRODUCT/rust/vendor/zerocopy-derive-0.8.55/Cargo.toml	3953	db6cf81ba4f34c6f7e4c0013946b9e4d4194553385bb9a51a8df75038090692d
SOURCE/PRODUCT/rust/vendor/zerocopy-derive-0.8.55/Cargo.toml.orig	1991	e060aa84619255eb0312460292b99ed6a279ead5b73485445f347f8622e9e29d
SOURCE/PRODUCT/rust/vendor/zerocopy-derive-0.8.55/LICENSE-APACHE	11350	9d185ac6703c4b0453974c0d85e9eee43e6941009296bb1f5eb0b54e2329e9f3
SOURCE/PRODUCT/rust/vendor/zerocopy-derive-0.8.55/LICENSE-BSD	1275	83c1763356e822adde0a2cae748d938a73fdc263849ccff6b27776dff213bd32
SOURCE/PRODUCT/rust/vendor/zerocopy-derive-0.8.55/LICENSE-MIT	1060	1a2f5c12ddc934d58956aa5dbdd3255fe55fd957633ab7d0d39e4f0daa73f7df
SOURCE/PRODUCT/rust/vendor/zerocopy-derive-0.8.55/src/derive/from_bytes.rs	8656	4372ac845cdd39e4c1831bfe4f11e8e1a3e0a3ff0da414a81be7e796cf41b6be
SOURCE/PRODUCT/rust/vendor/zerocopy-derive-0.8.55/src/derive/into_bytes.rs	11777	575a1914b560ee9056596436b5b738c2a15f368829d40c545d3cbb3e058ba1bc
SOURCE/PRODUCT/rust/vendor/zerocopy-derive-0.8.55/src/derive/known_layout.rs	14746	86330367ee117d792d452f4c99364cbf74212107f99bb57cabb256d8ba0cd1ad
SOURCE/PRODUCT/rust/vendor/zerocopy-derive-0.8.55/src/derive/mod.rs	5418	ca85ded5df7301465d1c2a1dc851a459af39a4620d3ebd11d537a784cb632a95
SOURCE/PRODUCT/rust/vendor/zerocopy-derive-0.8.55/src/derive/try_from_bytes.rs	32308	f824965f82484a6f5ee85733a8d5ae09adfb2be75269376db9134874d6abcbbf
SOURCE/PRODUCT/rust/vendor/zerocopy-derive-0.8.55/src/derive/unaligned.rs	2952	59eda2d1b65cd0b54112d66a48373f7acc1c66564fb7fcf440fe9a2e07b6c0b2
SOURCE/PRODUCT/rust/vendor/zerocopy-derive-0.8.55/src/lib.rs	8722	00d855fea1b0225e2e0f253523c3b4c97442490e54e4b3bb1e7ca2445b8951f8
SOURCE/PRODUCT/rust/vendor/zerocopy-derive-0.8.55/src/output_tests/expected/eq.expected.rs	565	ca9967422f9010b330aad8e605abed5463bfea0b0eec750c65d3b7b35248565c
SOURCE/PRODUCT/rust/vendor/zerocopy-derive-0.8.55/src/output_tests/expected/from_bytes_enum.expected.rs	1863	96c84b88dc015d06e05fab2b0eb125b98346a017bbb83cb556a53fb160ff107a
SOURCE/PRODUCT/rust/vendor/zerocopy-derive-0.8.55/src/output_tests/expected/from_bytes_struct.expected.rs	1863	96c84b88dc015d06e05fab2b0eb125b98346a017bbb83cb556a53fb160ff107a
SOURCE/PRODUCT/rust/vendor/zerocopy-derive-0.8.55/src/output_tests/expected/from_bytes_union.expected.rs	4355	c57154f0303fa05f637688040ad21f79829dece5217c05e4b5ae02c83fe86f70
SOURCE/PRODUCT/rust/vendor/zerocopy-derive-0.8.55/src/output_tests/expected/from_zeros.expected.rs	1145	5227a0f08dd0857f2c5459ff179bd687ee020c00ca1c51c16d509e981585c2a5
SOURCE/PRODUCT/rust/vendor/zerocopy-derive-0.8.55/src/output_tests/expected/hash.expected.rs	742	bf33fa9d4117d12bd05e2acb86a795230d207401568910257af60c3b1fd3d70b
SOURCE/PRODUCT/rust/vendor/zerocopy-derive-0.8.55/src/output_tests/expected/immutable.expected.rs	412	18e347b77c82ca1d2a1cd27fc45c030d62cf3f6bcf629a919dfa21c2130d0317
SOURCE/PRODUCT/rust/vendor/zerocopy-derive-0.8.55/src/output_tests/expected/into_bytes_enum.repr(C).expected.rs	1333	95ba4def5b89dfd03834e589243f3f7729d4c4996d78633378c7b8b4cd23d25f
SOURCE/PRODUCT/rust/vendor/zerocopy-derive-0.8.55/src/output_tests/expected/into_bytes_enum.repr(i128).expected.rs	1336	69d25da57a2247c57a2325189d4151fbdb719bff29c965c50fef3affd872e4bb
SOURCE/PRODUCT/rust/vendor/zerocopy-derive-0.8.55/src/output_tests/expected/into_bytes_enum.repr(i16).expected.rs	1335	07271c382552aee1d2a2caaf5e76979963d67aa3d62e33e1beb45f597f075d3e
SOURCE/PRODUCT/rust/vendor/zerocopy-derive-0.8.55/src/output_tests/expected/into_bytes_enum.repr(i32).expected.rs	1335	364ee2c40886c0a9f2c7f2df35022b01a177ba63db7aa9de0df4ffa95d4c8be8
SOURCE/PRODUCT/rust/vendor/zerocopy-derive-0.8.55/src/output_tests/expected/into_bytes_enum.repr(i64).expected.rs	1335	96dc965a327d3dee11320ca09d95f2f149231fbf43b5628a4e5dbe5127e482d6
SOURCE/PRODUCT/rust/vendor/zerocopy-derive-0.8.55/src/output_tests/expected/into_bytes_enum.repr(i8).expected.rs	1334	dbdf05554e842d8d46f8a86fd48e53111d2970264740d11c37a957bbd8e36837
SOURCE/PRODUCT/rust/vendor/zerocopy-derive-0.8.55/src/output_tests/expected/into_bytes_enum.repr(isize).expected.rs	1337	b3a713f94056a83e695f4555be25e5134bc7c860851ffc0df95bb10338e448a9
SOURCE/PRODUCT/rust/vendor/zerocopy-derive-0.8.55/src/output_tests/expected/into_bytes_enum.repr(u128).expected.rs	1336	69b599455ec7aa13f2048a9ffccf28cfae6a47184f16901c0827ae28f051c8f3
SOURCE/PRODUCT/rust/vendor/zerocopy-derive-0.8.55/src/output_tests/expected/into_bytes_enum.repr(u16).expected.rs	1335	f4bfdaf0eb4ab998bffee9b89fb51db28be72b8a6e04b049b4526f51281896f2
SOURCE/PRODUCT/rust/vendor/zerocopy-derive-0.8.55/src/output_tests/expected/into_bytes_enum.repr(u32).expected.rs	1335	534df1229555319c608f3a830780b5c6fe2484ff228e0018d874e67af1da90ec
SOURCE/PRODUCT/rust/vendor/zerocopy-derive-0.8.55/src/output_tests/expected/into_bytes_enum.repr(u64).expected.rs	1335	821848d03b48ec3eb1281daaf341cf8faefd51adc6f57b05530ec4d904e40aab
SOURCE/PRODUCT/rust/vendor/zerocopy-derive-0.8.55/src/output_tests/expected/into_bytes_enum.repr(u8).expected.rs	1334	05664602d370ae97bfae120de9e52a6d3c66db4311ba2bbbb20a47b7825ac9db
SOURCE/PRODUCT/rust/vendor/zerocopy-derive-0.8.55/src/output_tests/expected/into_bytes_enum.repr(usize).expected.rs	1337	a6414b929ea0d92c4ede7b7aa2a3b9716db64d26b6259e77ac64ed1d8d665ca5
SOURCE/PRODUCT/rust/vendor/zerocopy-derive-0.8.55/src/output_tests/expected/into_bytes_struct_basic.expected.rs	1087	553bc4a48e15f77c9e378014a99afed8b587b5e5fb57060d54119c3a0cb20245
SOURCE/PRODUCT/rust/vendor/zerocopy-derive-0.8.55/src/output_tests/expected/into_bytes_struct_empty.expected.rs	412	a5acd221de00f6c09ed895c267541ae566ec88a3164d1ccf300117996fc94f06
SOURCE/PRODUCT/rust/vendor/zerocopy-derive-0.8.55/src/output_tests/expected/into_bytes_struct_homogeneous_generic.expected.rs	747	dd6a9e1aeceec0af026e926af8101647e791f4773fc9ccaf550fc45f8c855a2b
SOURCE/PRODUCT/rust/vendor/zerocopy-derive-0.8.55/src/output_tests/expected/into_bytes_struct_trailing.expected.rs	1121	55aab6b3b0d365c5c127c43da8a93f4bc346bcd3aca79932a18e67690f550f37
SOURCE/PRODUCT/rust/vendor/zerocopy-derive-0.8.55/src/output_tests/expected/into_bytes_struct_trailing_generic.expected.rs	572	43734b843fac0339f2070f2048dfa6afb0369a30963ee7c82cec42fe59dc30b9
SOURCE/PRODUCT/rust/vendor/zerocopy-derive-0.8.55/src/output_tests/expected/known_layout_repr_c_struct.expected.rs	4848	7b9cbc28b87cf8d1b523874a3c641f3a7eb6d05abd8621ec49e7f11138869708
SOURCE/PRODUCT/rust/vendor/zerocopy-derive-0.8.55/src/output_tests/expected/known_layout_struct.expected.rs	1110	a820c628e0904650974562383ae14ce4878af0652fef25978398e408755f1d71
SOURCE/PRODUCT/rust/vendor/zerocopy-derive-0.8.55/src/output_tests/expected/split_at_repr_c.expected.rs	551	7aa5abd3cd581620c59843bcecbd121ff2e13e257044afd500b61226d652fa78
SOURCE/PRODUCT/rust/vendor/zerocopy-derive-0.8.55/src/output_tests/expected/split_at_repr_transparent.expected.rs	551	7aa5abd3cd581620c59843bcecbd121ff2e13e257044afd500b61226d652fa78
SOURCE/PRODUCT/rust/vendor/zerocopy-derive-0.8.55/src/output_tests/expected/try_from_bytes.expected.rs	733	17ee55226af8b26b54272ac9a1cfdf5f37aad18e154cc67273806017d05b06be
SOURCE/PRODUCT/rust/vendor/zerocopy-derive-0.8.55/src/output_tests/expected/try_from_bytes_enum_1.expected.rs	128500	ff219b53a82c24983cfb70bbe1d45110476e7f020983503e555e1ee7b70f232f
SOURCE/PRODUCT/rust/vendor/zerocopy-derive-0.8.55/src/output_tests/expected/try_from_bytes_enum_2.expected.rs	128501	09ccfae0c99185803f1db71d862737360b655d787843fbbf7a0ee607250d0ca4
SOURCE/PRODUCT/rust/vendor/zerocopy-derive-0.8.55/src/output_tests/expected/try_from_bytes_enum_3.expected.rs	128499	c31ecf9f0f6b82ab2384cc56fa4aca1d04d1fdd075a80dc97240189cfcc6823b
SOURCE/PRODUCT/rust/vendor/zerocopy-derive-0.8.55/src/output_tests/expected/try_from_bytes_trivial_is_bit_valid_enum.expected.rs	738	aa8a7af6c08cbbae97bbc7c1d909101812c11a789dfa6ff137850f769bd7751b
SOURCE/PRODUCT/rust/vendor/zerocopy-derive-0.8.55/src/output_tests/expected/unaligned.expected.rs	412	8c833f97005b6fd84875ace51bddbb8c0185696c4435eb5cd05ce720f89a0ef7
SOURCE/PRODUCT/rust/vendor/zerocopy-derive-0.8.55/src/output_tests/mod.rs	26507	b9c70718beec548a84cacc86cb824e02098ead23a48114db4d7736645e12c9aa
SOURCE/PRODUCT/rust/vendor/zerocopy-derive-0.8.55/src/repr.rs	33073	3e7d64635a84c6f1744d0bcfa7d3f07fd2b2b30581124a1acba74cc66906cd96
SOURCE/PRODUCT/rust/vendor/zerocopy-derive-0.8.55/src/util.rs	30779	b7be6659c0f9b189214db63a93b62bdfa5c623881c5a26d51c7cecb777f18e98
SOURCE/PRODUCT/rust/vendor/zerocopy-derive-0.8.55/tests/deprecated.rs	4004	c49b92bcdd1d005ec0c4ae033c5ebaddcc300f9003170a848d9c678ecad66978
SOURCE/PRODUCT/rust/vendor/zerocopy-derive-0.8.55/tests/enum_from_zeros.rs	2610	b080fb192faf039348100ac41e666d3b19908d0312e245d77749eadd52d4a29a
SOURCE/PRODUCT/rust/vendor/zerocopy-derive-0.8.55/tests/enum_known_layout.rs	1369	ce2c7bfc3c7272d03321f7eac7217326afd515f03af7dc7a9cd0b4465e68f193
SOURCE/PRODUCT/rust/vendor/zerocopy-derive-0.8.55/tests/enum_no_cell.rs	1446	a353033f83ccec5258871a04e0ec7b4610191eba9bd024e6059a8b674165bba1
SOURCE/PRODUCT/rust/vendor/zerocopy-derive-0.8.55/tests/enum_to_bytes.rs	3118	73baf3d27a889a39dc4e82c55ab7d36339f87bc1a5b2a4850d34751a598356fe
SOURCE/PRODUCT/rust/vendor/zerocopy-derive-0.8.55/tests/enum_try_from_bytes.rs	17276	bf3126c117a03b95779c05c5102c660f78e1ce915f1924edb2da73451447a213
SOURCE/PRODUCT/rust/vendor/zerocopy-derive-0.8.55/tests/enum_unaligned.rs	1196	0aa3324a672ebd07341ec7a316d1de391be52c1ca9daf21055c74b8c67d3aac4
SOURCE/PRODUCT/rust/vendor/zerocopy-derive-0.8.55/tests/eq.rs	971	7c07d1a311478664725632da4d599d4755ac659c589f37a597c73489a3d69c26
SOURCE/PRODUCT/rust/vendor/zerocopy-derive-0.8.55/tests/hash.rs	1100	252efc53a24c92187b02a4f7cdbd9993af5ce40ac734797661308f55d4c4f591
SOURCE/PRODUCT/rust/vendor/zerocopy-derive-0.8.55/tests/hygiene.rs	1860	afeb9601a2ba1efec58aed0650bb945923273b1b4377597301943df7f832ccd2
SOURCE/PRODUCT/rust/vendor/zerocopy-derive-0.8.55/tests/include.rs	6143	35e32e30c67d7a73668b712faac24a95b552ed779bcbca34a55582f6e3e95688
SOURCE/PRODUCT/rust/vendor/zerocopy-derive-0.8.55/tests/issue_2117.rs	722	f41e8c5e021ccd7c994ae3f5468881d45d088acbfb5ab53f391cf03cf647d866
SOURCE/PRODUCT/rust/vendor/zerocopy-derive-0.8.55/tests/issue_2835.rs	656	0080e4beec745a72bf8be63882e7d0ef645b1ff5adbae6b20e1a519fcb981cfd
SOURCE/PRODUCT/rust/vendor/zerocopy-derive-0.8.55/tests/issue_2880.rs	4978	8e7268473a10f53cdf3c62753facd8065d364e0ce699a9e72a7ea49e54250217
SOURCE/PRODUCT/rust/vendor/zerocopy-derive-0.8.55/tests/issue_2915.rs	2195	9ac2729405d17176d8fa27d9b41590ac7ced232617fdcef7d181a6a89fa4cca4
SOURCE/PRODUCT/rust/vendor/zerocopy-derive-0.8.55/tests/on_error.rs	6212	ca5129c290a38bb28c13a35f4137eca96ff62012a96a9d22ed75ee8e35a8c624
SOURCE/PRODUCT/rust/vendor/zerocopy-derive-0.8.55/tests/paths_and_modules.rs	1125	b959482b7666fd1a4493c335121fb5ebf284a679a470801f162b18f8b50ce120
SOURCE/PRODUCT/rust/vendor/zerocopy-derive-0.8.55/tests/priv_in_pub.rs	1308	1f00f7a510048179939efd78ff2092b846775f8cf3ab1b6ca2d12b3b21a98e79
SOURCE/PRODUCT/rust/vendor/zerocopy-derive-0.8.55/tests/struct_from_bytes.rs	2564	b51b59bf4b4dc97acb433ff44edc1fac8fed6fa55e0b6a4be85a602cac184305
SOURCE/PRODUCT/rust/vendor/zerocopy-derive-0.8.55/tests/struct_from_zeros.rs	2112	1f4f70ce8cff4a0de9a69206eda5be7db0dfb55408ea36533bff8798463eea9c
SOURCE/PRODUCT/rust/vendor/zerocopy-derive-0.8.55/tests/struct_known_layout.rs	3571	d1b8e7804ab2886cd16ceb83a7e0eb76eab44b3315874ca1e40d4bbc326b4513
SOURCE/PRODUCT/rust/vendor/zerocopy-derive-0.8.55/tests/struct_no_cell.rs	3009	889cdbdf2e86baf2615113a1c7c205a90a150e61d093fc3ff827b2653798ac7b
SOURCE/PRODUCT/rust/vendor/zerocopy-derive-0.8.55/tests/struct_to_bytes.rs	15004	21a8c6ce9b9317774a10a1e1a4602d03b8b972f28968781184d5cd36d0c66527
SOURCE/PRODUCT/rust/vendor/zerocopy-derive-0.8.55/tests/struct_try_from_bytes.rs	7431	639b93e0b091bc39dcaca50257164c2e4eaf38008dedb6286799375ec02b9e7b
SOURCE/PRODUCT/rust/vendor/zerocopy-derive-0.8.55/tests/struct_unaligned.rs	3018	26e2ce75e599469b5bb040c14fb82cfea62a915c8760a12aa03ff8c8b6a124ca
SOURCE/PRODUCT/rust/vendor/zerocopy-derive-0.8.55/tests/ui.rs	1022	2ef81654a1c59a60f5e21ba7bd647bfa67926270f73988eb90c0237408c16620
SOURCE/PRODUCT/rust/vendor/zerocopy-derive-0.8.55/tests/ui/absence_of_deprecated_warning.msrv.stderr	352	38f5f071dd29aa087a013943ad1aeb846eb235ed30e7a17d729ee357dc31f898
SOURCE/PRODUCT/rust/vendor/zerocopy-derive-0.8.55/tests/ui/absence_of_deprecated_warning.nightly.stderr	720	8bf02c0fddd3a2f98a974185cdc5b1dd06f1c9977a5a2cf8c539d3e774c62746
SOURCE/PRODUCT/rust/vendor/zerocopy-derive-0.8.55/tests/ui/absence_of_deprecated_warning.rs	1189	bf875b4f7c7f56b01256027ec8cfbde13a282f0798ac0abe5607e1938fe55a0d
SOURCE/PRODUCT/rust/vendor/zerocopy-derive-0.8.55/tests/ui/absence_of_deprecated_warning.stable.stderr	720	8bf02c0fddd3a2f98a974185cdc5b1dd06f1c9977a5a2cf8c539d3e774c62746
SOURCE/PRODUCT/rust/vendor/zerocopy-derive-0.8.55/tests/ui/cfgs/on_error.msrv.stderr	339	2fcd93ecada07b3f3b57281fd3baad3ea761b127d1a9bcd7262ecc7748184fc8
SOURCE/PRODUCT/rust/vendor/zerocopy-derive-0.8.55/tests/ui/cfgs/on_error.nightly.stderr	341	6bc8f035b64a4234d532e9bb296320ad53437f8be31acefcf98232eb54862405
SOURCE/PRODUCT/rust/vendor/zerocopy-derive-0.8.55/tests/ui/cfgs/on_error.rs	664	0021256bbf2d64f178d1ede358b738dbfde4bbe5fc0705c7fd6cb67b713f5d9b
SOURCE/PRODUCT/rust/vendor/zerocopy-derive-0.8.55/tests/ui/cfgs/on_error.stable.stderr	341	6bc8f035b64a4234d532e9bb296320ad53437f8be31acefcf98232eb54862405
SOURCE/PRODUCT/rust/vendor/zerocopy-derive-0.8.55/tests/ui/cfgs/union_into_bytes_cfg.msrv.stderr	418	9a42c396bdcbc8c4df82e4ed3cee311a7b81997a5474b1b492c67915c7da9172
SOURCE/PRODUCT/rust/vendor/zerocopy-derive-0.8.55/tests/ui/cfgs/union_into_bytes_cfg.nightly.stderr	427	9faa253764415da5ef72fa69d060762fb62fd2b3becd6136b42b19947609c7df
SOURCE/PRODUCT/rust/vendor/zerocopy-derive-0.8.55/tests/ui/cfgs/union_into_bytes_cfg.rs	1013	8503fc71624d9924983fd4d388565a0f76e5040a7b7f32ef055769c789e1f42c
SOURCE/PRODUCT/rust/vendor/zerocopy-derive-0.8.55/tests/ui/cfgs/union_into_bytes_cfg.stable.stderr	427	9faa253764415da5ef72fa69d060762fb62fd2b3becd6136b42b19947609c7df
SOURCE/PRODUCT/rust/vendor/zerocopy-derive-0.8.55/tests/ui/derive_transparent.msrv.stderr	5567	b21a51995eb2542e494675c0f60c497a6c8917510c0de687bad797aad9bea9f8
SOURCE/PRODUCT/rust/vendor/zerocopy-derive-0.8.55/tests/ui/derive_transparent.nightly.stderr	9954	3a9f3ab390d832c98e0234d06e8569458ad2a42ef055834b29f9e480951662d4
SOURCE/PRODUCT/rust/vendor/zerocopy-derive-0.8.55/tests/ui/derive_transparent.rs	1875	66b1a1bcad4e65f66acb82acfd301411d78c84d41ac9e062d7f1cc77062b3be6
SOURCE/PRODUCT/rust/vendor/zerocopy-derive-0.8.55/tests/ui/derive_transparent.stable.stderr	8829	4692e57dc69cf491faa7818f5829504d4654701e42e1d3efed76c4dd2c58e569
SOURCE/PRODUCT/rust/vendor/zerocopy-derive-0.8.55/tests/ui/enum.msrv.stderr	14836	98c70d208a4642f9588a99afd599118dbfe8b8db594058ceb1840967dbd4ef7a
SOURCE/PRODUCT/rust/vendor/zerocopy-derive-0.8.55/tests/ui/enum.nightly.stderr	22289	ec995e3d00c15430d98485629e3772d44e43d2b1263ba4ec853b8df6201af11a
SOURCE/PRODUCT/rust/vendor/zerocopy-derive-0.8.55/tests/ui/enum.rs	15891	b1db7ca2046b8e001382ed9414546ed6ae5ca31a99921e426602a4d219a71e61
SOURCE/PRODUCT/rust/vendor/zerocopy-derive-0.8.55/tests/ui/enum.stable.stderr	21074	7889ac7fa8223a32559be0d707cabffc6f1ad4e58ee461d78671144c49c4fa0d
SOURCE/PRODUCT/rust/vendor/zerocopy-derive-0.8.55/tests/ui/enum_from_bytes_u8_too_few.msrv.stderr	307	b0177a0f3f9426b1e0bf3c35f5080d2178824481470a03f36be9c255c009a095
SOURCE/PRODUCT/rust/vendor/zerocopy-derive-0.8.55/tests/ui/enum_from_bytes_u8_too_few.nightly.stderr	309	c061d4402e44ecee7d1c5fb5892b0ba561e01c5dee058248d62cebfc542e2ac0
SOURCE/PRODUCT/rust/vendor/zerocopy-derive-0.8.55/tests/ui/enum_from_bytes_u8_too_few.rs	4586	8f9b6e8c27e109d4adc2e5c95e21211d4a7986bc6684dc70370d1a83cb791eb9
SOURCE/PRODUCT/rust/vendor/zerocopy-derive-0.8.55/tests/ui/enum_from_bytes_u8_too_few.stable.stderr	309	c061d4402e44ecee7d1c5fb5892b0ba561e01c5dee058248d62cebfc542e2ac0
SOURCE/PRODUCT/rust/vendor/zerocopy-derive-0.8.55/tests/ui/late_compile_pass.msrv.stderr	4505	1f143f685e28abeaaf813757467f9ac9dd52f3d22a84e1341bc4e059c2b8d1e0
SOURCE/PRODUCT/rust/vendor/zerocopy-derive-0.8.55/tests/ui/late_compile_pass.nightly.stderr	13442	69fa9c8b53e26ce478ac8ba105f875ba20ea52d194c0ea5afb6a1c2f8df1f16a
SOURCE/PRODUCT/rust/vendor/zerocopy-derive-0.8.55/tests/ui/late_compile_pass.rs	3531	506408159f250ed3496d4dba41ae19ee6a0084f973cd80743abed43cd3ffcfd4
SOURCE/PRODUCT/rust/vendor/zerocopy-derive-0.8.55/tests/ui/late_compile_pass.stable.stderr	12269	8c5b66671f1bcca64000bdc032a404131de0612f33fb85d6d15988e54a386874
SOURCE/PRODUCT/rust/vendor/zerocopy-derive-0.8.55/tests/ui/mid_compile_pass.msrv.stderr	4124	38a45a595f2d889b99d3f3a0c4b9e2beca2be85850c8da2f04e44272f0ab768f
SOURCE/PRODUCT/rust/vendor/zerocopy-derive-0.8.55/tests/ui/mid_compile_pass.nightly.stderr	4631	32219bb46bc9d97ed362bb46dd667817dcb3caed5fd74bddc786d8c5c76b6c7e
SOURCE/PRODUCT/rust/vendor/zerocopy-derive-0.8.55/tests/ui/mid_compile_pass.rs	2468	a3b52312c094e999b148707aa243599f2ec1ff84f47bd7dd0707cf241a4e40a8
SOURCE/PRODUCT/rust/vendor/zerocopy-derive-0.8.55/tests/ui/mid_compile_pass.stable.stderr	4631	32219bb46bc9d97ed362bb46dd667817dcb3caed5fd74bddc786d8c5c76b6c7e
SOURCE/PRODUCT/rust/vendor/zerocopy-derive-0.8.55/tests/ui/msrv_specific.msrv.stderr	1130	53354cb76b04473f291e22349189704015b4ae1154877ded50b1fc9472b24f8f
SOURCE/PRODUCT/rust/vendor/zerocopy-derive-0.8.55/tests/ui/msrv_specific.nightly.stderr	1648	56ce514833ccc62922177eccafa706e55b79b526096af19611b640c925bd0c4b
SOURCE/PRODUCT/rust/vendor/zerocopy-derive-0.8.55/tests/ui/msrv_specific.rs	1203	fa79ae13b957f458b4386117854c85cda37510d61cabde7636ebc9c8c4a28bf6
SOURCE/PRODUCT/rust/vendor/zerocopy-derive-0.8.55/tests/ui/msrv_specific.stable.stderr	1648	56ce514833ccc62922177eccafa706e55b79b526096af19611b640c925bd0c4b
SOURCE/PRODUCT/rust/vendor/zerocopy-derive-0.8.55/tests/ui/privacy.msrv.stderr	4915	caa2ac267dd3bd335466b3e69be8b0a63bd4633081a8ba0ea6ff819111f0a394
SOURCE/PRODUCT/rust/vendor/zerocopy-derive-0.8.55/tests/ui/privacy.nightly.stderr	899	4a33a0c9741c87e1ebbf687ca63ed6cbede8cccf9ca2e4152c509af095a4ccca
SOURCE/PRODUCT/rust/vendor/zerocopy-derive-0.8.55/tests/ui/privacy.rs	5717	47a6c355d28e29356a5416426c3c9d03f899fdfc7cf9331a348b45af1a930cab
SOURCE/PRODUCT/rust/vendor/zerocopy-derive-0.8.55/tests/ui/privacy.stable.stderr	899	4a33a0c9741c87e1ebbf687ca63ed6cbede8cccf9ca2e4152c509af095a4ccca
SOURCE/PRODUCT/rust/vendor/zerocopy-derive-0.8.55/tests/ui/struct.msrv.stderr	4007	83b24852de64812be0754aa6ade05a7e82602d05be812340d91080fcf9f12d49
SOURCE/PRODUCT/rust/vendor/zerocopy-derive-0.8.55/tests/ui/struct.nightly.stderr	23042	2ce796725662ddd246d50be78e718fda7b10396c07522deb8eb22361fe75eae7
SOURCE/PRODUCT/rust/vendor/zerocopy-derive-0.8.55/tests/ui/struct.rs	12512	8aa7cad3b867496c65811ffa00f36461bea614a6f031f2c7199571d21fb32c19
SOURCE/PRODUCT/rust/vendor/zerocopy-derive-0.8.55/tests/ui/struct.stable.stderr	21111	0153e34a81ee3ea986928e93e1782cd65b655c437307d34a84d9529a740c69be
SOURCE/PRODUCT/rust/vendor/zerocopy-derive-0.8.55/tests/ui/union.msrv.stderr	3277	022eac6060dbb472ed8f9d58e4d20213761afd2eee23bf57e8565c795a79a409
SOURCE/PRODUCT/rust/vendor/zerocopy-derive-0.8.55/tests/ui/union.nightly.stderr	4774	eaeb26f267c2af72c080e89b70643402c87bb57356eeeb4e004534d693e80347
SOURCE/PRODUCT/rust/vendor/zerocopy-derive-0.8.55/tests/ui/union.rs	3650	d9b76aab2e5fb1226c2608c5cfd4877540abd7292f889684a4e08c8d90053a2e
SOURCE/PRODUCT/rust/vendor/zerocopy-derive-0.8.55/tests/ui/union.stable.stderr	4642	a00d9f6fc317b7f1af2124c7a98521711c6cfa77b4baec0d1e3c5b25a59a643a
SOURCE/PRODUCT/rust/vendor/zerocopy-derive-0.8.55/tests/union_from_bytes.rs	2646	c8194d9ce55ffc756fed38b5272e738b1284ceff74dd2d07a160d8aea74447b8
SOURCE/PRODUCT/rust/vendor/zerocopy-derive-0.8.55/tests/union_from_zeros.rs	2140	dd45058a4ddc268cc2f29b1228a947276b24c94d7cb278f1acc54dac036305af
SOURCE/PRODUCT/rust/vendor/zerocopy-derive-0.8.55/tests/union_known_layout.rs	1805	6c8cc9c7901681bc02f4c986ed7d717c059474670d678dc288eef4e0c392c60f
SOURCE/PRODUCT/rust/vendor/zerocopy-derive-0.8.55/tests/union_no_cell.rs	1895	c4dd72503164e5433ded5202e02add1024c79c9a36a440783cd20d27b3406a7b
SOURCE/PRODUCT/rust/vendor/zerocopy-derive-0.8.55/tests/union_to_bytes.rs	2020	61390d98c077e3060c8cc844c3d03c3f9bb3ee6a5fe488111f72507a3bc67aea
SOURCE/PRODUCT/rust/vendor/zerocopy-derive-0.8.55/tests/union_try_from_bytes.rs	3924	1b4753d510ef3444b6375dda28a73f5e1417521d51e45d6b80f66fd22ae08064
SOURCE/PRODUCT/rust/vendor/zerocopy-derive-0.8.55/tests/union_unaligned.rs	2293	ff7deadd16e331b4a4c686033330ab9d0207b6e9279c0c3419c0a5c84ea30c94
SOURCE/PRODUCT/rust/vendor/zerocopy-derive-0.8.55/tests/unsafe_cell.rs	1342	c186d04ae7ec6f0c2e05b2b24a15b53ea97496cdb80ef9a3cb5e88c3a847407f
SOURCE/PRODUCT/rust/vendor/zmij-1.0.23/.cargo-checksum.json	1589	eb334fd166f2ca927331a2019637bcd22d379d5f3a3d9086667b771af7b682f8
SOURCE/PRODUCT/rust/vendor/zmij-1.0.23/.cargo_vcs_info.json	94	97a320dc3ca5574ec142d18738f57ffb627cf2751f373a98251db59e7a104ca1
SOURCE/PRODUCT/rust/vendor/zmij-1.0.23/.github/workflows/ci.yml	5186	2d9a2289aa97a6f267a6fef7618641f7e8162c125d15dc3d541654821dfda61b
SOURCE/PRODUCT/rust/vendor/zmij-1.0.23/Cargo.lock	14613	7b56668e9afc330a532108987c3a9823871b527a36bba1968b5d3e20043d8990
SOURCE/PRODUCT/rust/vendor/zmij-1.0.23/Cargo.toml	1952	b31420c7a806fae5b9ea2438dd4cbb99dcb3a22da67697fdf2776cc44a69527e
SOURCE/PRODUCT/rust/vendor/zmij-1.0.23/Cargo.toml.orig	964	eb5f807eae822d14db0855ecda0291410aeabba2342acab11860526378a97cd7
SOURCE/PRODUCT/rust/vendor/zmij-1.0.23/LICENSE-MIT	1023	23f18e03dc49df91622fe2a76176497404e46ced8a715d9d2b67a7446571cca3
SOURCE/PRODUCT/rust/vendor/zmij-1.0.23/README.md	1744	2ea276e5dbe105bd56dfdcf400746d07a70a20cf5f47e76d544054a78cd7e6a6
SOURCE/PRODUCT/rust/vendor/zmij-1.0.23/benches/bench.rs	1418	28d23a29046c4d50c73a19fd81ad80cc97e474af6d8c30f81dcc8c9621065cca
SOURCE/PRODUCT/rust/vendor/zmij-1.0.23/build.rs	1362	ad320bc635887879bdbbf1b9322da4a157ec2c5a4243bd7c2cf9b6884a3b2a41
SOURCE/PRODUCT/rust/vendor/zmij-1.0.23/src/lib.rs	66044	0bdb8cd6a8835af08b5ca60956df283732f1b5aa940c750b1ec5dc78bf245b61
SOURCE/PRODUCT/rust/vendor/zmij-1.0.23/src/stdarch_x86.rs	1241	b19b4c54f0c08c92f96d18c152f796d85cc17f9e6195f3e7d5612f05f28836fb
SOURCE/PRODUCT/rust/vendor/zmij-1.0.23/src/tests.rs	2308	7b4c56f3b79836ca00de82952f246a303e7a9754849a6e5939a2c5aa6d62a6fb
SOURCE/PRODUCT/rust/vendor/zmij-1.0.23/src/traits.rs	1230	c88b2b8282b423cd925f1999e2de9b03cef4d5d4d17b035d20c0708a5692a935
SOURCE/PRODUCT/rust/vendor/zmij-1.0.23/tests/exhaustive.rs	1910	272912ed5abdd2fa17c27b7323a1061b47a52c878c829f84c300243c4a78efd4
SOURCE/PRODUCT/rust/vendor/zmij-1.0.23/tests/ryu_comparison.rs	946	8bd55e9fe7a3121f124180983c319412ce87b886354f3f998da4789f9260fa06
SOURCE/PRODUCT/rust/vendor/zmij-1.0.23/tests/test.rs	4077	9cd1579f70ba9fa96cb9dcc19d0cfc88f3277878ef6ac121b481aee9cae620e2
SOURCE/PRODUCT/sbom/cyclonedx-source-v060.json	848	4ac1c224c236f05a9d0467ab72cae4ff9203787187c7e6e211aea41f65ec3b64
SOURCE/PRODUCT/schemas/a2a-agent-declaration.schema.json	817	2eb0646126f8a84851831f0dcbc50f651f8791be2483c675c4068ced2d4fee82
SOURCE/PRODUCT/schemas/ai-artifact.schema.json	742	ff106fcae3227901f9efa38b2c8d45e45ddff7fa74b08c33fe6c4998d9d3951d
SOURCE/PRODUCT/schemas/ai-context-message.schema.json	837	588e9a0a5fc01a80ff81a0f559ab91e38debf154fd53e4536fd5e43ea2568fd9
SOURCE/PRODUCT/schemas/ai-provider-profile.schema.json	1079	b587ac570975a976aa990ab0355997a824990fc063d62df8d1e66f52564a179a
SOURCE/PRODUCT/schemas/ai-source-citation.schema.json	592	33976a91b865da591e9c36fa333f00775abb222bda4400a200385ac5e477ac1e
SOURCE/PRODUCT/schemas/ai-task.schema.json	658	d4c561c4399a10cbbff3c19a573c3803ff49a737b22daf5143950c2ee20e65d9
SOURCE/PRODUCT/schemas/ai-tool-profile.schema.json	626	76b6cd1f695231352401291c25d13b7438ae2ba40b8d10571cd2f2559961bc71
SOURCE/PRODUCT/schemas/authority-daemon-config.schema.json	993	9fb99c16c76b085cb877a7492ac16733153107f0deb138977780c6bf431e166e
SOURCE/PRODUCT/schemas/authority-ipc-envelope.schema.json	1047	56b4b34d7412c6a9aef8ef4d58e47d88c4d6f9cbd1349ab9e34212489998bd91
SOURCE/PRODUCT/schemas/authority-ipc-frame.schema.json	552	32e23c31359fdfd8b814b402806e69f9e1a58aa10276f8ecc18300c3ccc3d6ea
SOURCE/PRODUCT/schemas/authority-response-v1.schema.json	1028	9bd2d990cc957e35a5a5263de265826a4afbff28c5206ca9e2f10d66e8758847
SOURCE/PRODUCT/schemas/authority-status.schema.json	689	e0f291b2409c98b1c2d9201b9f18ef1f4eca9f97afe5bb401bf9443398c1dd95
SOURCE/PRODUCT/schemas/capability-approval.schema.json	1343	445a60847659864c61bb9daac2701a576f4d35db528e2e5b50821491218411f7
SOURCE/PRODUCT/schemas/capability-execution-receipt.schema.json	1196	3e835e162536c9c2461621d40cc2ac2678c6cfbaffb4936208598252eb4dfaab
SOURCE/PRODUCT/schemas/capability-execution-request.schema.json	1968	3dfb5764d3c551258b10fe6f64491086931750be2c44f4887cff8a61a85cc99e
SOURCE/PRODUCT/schemas/capability-execution-ticket.schema.json	1110	0f71c360a2aada1e5a4e49e5afde97b29fde145fa964c85fe097075856f1efe5
SOURCE/PRODUCT/schemas/capability-ipc-envelope.schema.json	1444	3c96f62f46cf6a6954ceafcf99e72df4cdfa8caccaf6cc4e1b7de8f1671220fc
SOURCE/PRODUCT/schemas/capability-manifest.schema.json	1703	5acc863767a64e42b733dfa20fece9590b41f7196988ed1c7caa8abc4db8a251
SOURCE/PRODUCT/schemas/capability-operation.schema.json	780	21267c998cedef5279fc3bf9294420de8551209b3797dfcb5bd911f7f1ee4bb0
SOURCE/PRODUCT/schemas/capability-production-evidence.schema.json	1356	1979036fe94d5ba218113aff1c553b6d8c738d819788167235b1ccc3915c353e
SOURCE/PRODUCT/schemas/compliance-pack.schema.json	1001	4f8481dd939fbe3cf7bfd4f10b36ee374f45a1a182bbcb229bc544aeb891878d
SOURCE/PRODUCT/schemas/data-classification.schema.json	894	c48b7b10983e03aa86a27042cbab1b2e4b2f6abb23b400c3e7e978a00eb5dce1
SOURCE/PRODUCT/schemas/data-plane-status.schema.json	676	516ee12fd1619f41d20731684c41a8ea1e2e3ea612646ea32e19299f852b6f7a
SOURCE/PRODUCT/schemas/execution-authorization.schema.json	1108	c20ba8285a577e912cec83894f335550d9751546309b817a119b7647bea6c605
SOURCE/PRODUCT/schemas/grant-work-package.schema.json	950	3f11e48eecefe93080e45afad9bc8d713076883fa7108f0fb912605add373ba4
SOURCE/PRODUCT/schemas/hardware-adapter.schema.json	1403	00b7f87b5c47227e1d62baac548dcc4d5eb867a35a9207cf9ce2919b9cc00074
SOURCE/PRODUCT/schemas/identity-context.schema.json	841	b7a8c18f7521640a85fa920bef5c41b4554146b2969ef8bf41d24091c49be260
SOURCE/PRODUCT/schemas/industry-module-manifest.schema.json	1445	3be0765c79f3fd79e2e79203c11f8f42a4ac5513eeddaeea78423863512bf26a
SOURCE/PRODUCT/schemas/mcp-gateway-declaration.schema.json	1389	13210864da950c5ef0975ee68d4d2fc6088d391500a6a67d9b88f813fd56e462
SOURCE/PRODUCT/schemas/model-descriptor.schema.json	1391	f7667ffdffe88bb04de298124660c722e371d4b6d28cede3cc38627a96d60845
SOURCE/PRODUCT/schemas/owner-entitlement.schema.json	798	0d56caeb61f6d320da110f939ef459087a0a2322907d47ac697642d671e9ca0a
SOURCE/PRODUCT/schemas/postgres-production-gate.schema.json	845	b2873a3d5eb6134f5a79a7ffb75c1ec65ac3fcc8a856e9a33a76775ad785280f
SOURCE/PRODUCT/schemas/postgres-repository-status.schema.json	608	8ed0d43ddbd05282d74b5e98148e059f0d78b5fa1257ebfed7ee9c60352f25fa
SOURCE/PRODUCT/schemas/production-readiness.schema.json	743	fc0d896e81a058a45cb903bff41661d504604f688fc09adc322b3266adb606d5
SOURCE/PRODUCT/schemas/project-state.schema.json	791	b63011c2bd35b97e0fb8c073459e8da8639b618c8b72902982dd6de3100cee68
SOURCE/PRODUCT/schemas/publisher-record.schema.json	918	7274d274cd07afa3d92abd0133a8081e694586497e535012396e4b0b83964d82
SOURCE/PRODUCT/schemas/revocation-list.schema.json	483	523a8a3c1e89cd4baa1dc0746e9384e8386149e7fabe0f3b27f6dfb34f105662
SOURCE/PRODUCT/schemas/runtime-adapter.schema.json	989	f280d1f33514fb7913ae925bf17ab81466c3df4c738b83ae9fcecb98d9e46f0f
SOURCE/PRODUCT/schemas/rust-build-provenance-v1.schema.json	2089	fcbc369789bcdae1d3bf8443aef43888c23fda0aa07d16d74b3dffad31030b22
SOURCE/PRODUCT/schemas/sandbox-attestation.schema.json	4093	7b8c36f73d0f140a8d075ce2bfa3976a891342127fcbdb7a4435fe0de54fc77f
SOURCE/PRODUCT/schemas/update-metadata.schema.json	833	f1302c6af47121dec0a1989c0c42ea5a43f5ef2131e7e0ad1f0aa504e871ef1d
SOURCE/PRODUCT/scripts/run-reference.sh	148	66e948c8d497affe784ccc9506e16c2faf8e30c58222a7144e7cd745f1ee910b
SOURCE/PRODUCT/scripts/test.sh	432	a9cccaa49af7b56c5c5b02ccdcaf01e1e6d594c1def90a81db1c7901ba02ec17
SOURCE/PRODUCT/security/seccomp-noesar.json	989	87baceb2f5b1e079dc90ed4eb588283f724baedfa37343a5ba1fde94d55d2bff
SOURCE/PRODUCT/services/reference-control-plane/src/ai-workspace/agent-service.mjs	6854	78b7b0f9e212d866a950622d7dc2a605550d0d5a171308b43265530f2a8b4a93
SOURCE/PRODUCT/services/reference-control-plane/src/ai-workspace/atomic-store.mjs	2127	da52258686604e9c1c886b11c1cc2cdedd2e8472d79739236763542cae78aa70
SOURCE/PRODUCT/services/reference-control-plane/src/ai-workspace/chat-orchestrator.mjs	7036	8f862348b87cb376299661bcef56575290d435d3c4cb8f79c8e63ebaa1ea5ad4
SOURCE/PRODUCT/services/reference-control-plane/src/ai-workspace/context-graph.mjs	11208	5fe0daeb3c389c9f2c963d98227c93f41005b551b589b9dff4078b00b6f9b61b
SOURCE/PRODUCT/services/reference-control-plane/src/ai-workspace/credential-vault.mjs	1830	6f6196812cdcb868949645ec391f6b06d4ee5d4d44cd35751f1ccb642297dbfb
SOURCE/PRODUCT/services/reference-control-plane/src/ai-workspace/file-extractors.mjs	7305	b661e36c8cc254d8c70bc79924349ab1641b11bd90d39be6aa2aaca0954eb7b0
SOURCE/PRODUCT/services/reference-control-plane/src/ai-workspace/privacy-redaction.mjs	1631	9461d4b5b635074dc4545363aa82354e293fd1798f4ade598859b511855dde06
SOURCE/PRODUCT/services/reference-control-plane/src/ai-workspace/provider-gateway.mjs	20133	a07d385b7d68b544885c638abc87264156cda223c179773ce5ab51c571c836ec
SOURCE/PRODUCT/services/reference-control-plane/src/ai-workspace/search.mjs	2216	0f8f4f23bed3fc681851fc647acacd24ad67de241dd9d44f428f2016ae109010
SOURCE/PRODUCT/services/reference-control-plane/src/ai-workspace/tool-executor.mjs	5978	24ec378a472d1e7849d1aeb39e46126b9a320f4402e6aed266eab866290db53d
SOURCE/PRODUCT/services/reference-control-plane/src/ai-workspace/workspace-service.mjs	19241	fdd1c1a5560ff9d398861ec2ed69a263cf9f606b01b4f239b17c30b3cbb8a937
SOURCE/PRODUCT/services/reference-control-plane/src/audit.mjs	1408	0c8561742c44bba729c674b0698b451c0a2db27f0cd73296dfd03bc42260b20a
SOURCE/PRODUCT/services/reference-control-plane/src/auth-crypto.mjs	5070	78ceb35c41ba3a66d327e0c1d5d5d838d0eb849124006d514b068b1920bbd09e
SOURCE/PRODUCT/services/reference-control-plane/src/auth-store.mjs	1044	25023962ea2c3678b4450bfb236e06d2d5df97ccef8b9876dd97f94aaaf917d0
SOURCE/PRODUCT/services/reference-control-plane/src/auth.mjs	13331	e4242bc8924e5ea264489a9763d51ca64be64a9f729ad31d3ad6b8d68164769d
SOURCE/PRODUCT/services/reference-control-plane/src/authority-external-client.mjs	6121	cd58f69b41fa23085926175ddd2b9414451a2065f371c4d17eb2d34b33897b3b
SOURCE/PRODUCT/services/reference-control-plane/src/authority-ipc-frame.mjs	2999	a179feb4fd5b1ac894c7d5d5c6bcffd053344728daa1a139c862b6f2ce65797f
SOURCE/PRODUCT/services/reference-control-plane/src/authority-protocol.mjs	4396	50e7c40194ac9ade1623f7712ea8e61660384bb0b73f4d781e2c8615cf316bdc
SOURCE/PRODUCT/services/reference-control-plane/src/authority.mjs	2068	0e73417ee672411e0a018dd88379c073199339d7b9583b5ff0dc6e2d489c5566
SOURCE/PRODUCT/services/reference-control-plane/src/canonical-json.mjs	954	e628bc3c0ff0a291d915091ff231b36ff53774dd65df658e59f906ea44ba536c
SOURCE/PRODUCT/services/reference-control-plane/src/data-plane.mjs	1527	bb1599fcdcb02ff770f10ec7151d9f9a6ea606a3e9e08071eaa5d98d9987ca8d
SOURCE/PRODUCT/services/reference-control-plane/src/hardware.mjs	4112	db6ad641629911060cb3b9d44b4f49978ee89322c9cd35342f65c8a640986499
SOURCE/PRODUCT/services/reference-control-plane/src/http-security.mjs	1241	04fb1a30b72e50762b1ca1e37b137c82997d5083aa6c36a1969eb952924f6d80
SOURCE/PRODUCT/services/reference-control-plane/src/path-auth.mjs	3357	8c9f92d6ea540a3f9906fc905f05ef7b9a8a024f6612df9552d7873fa04900c5
SOURCE/PRODUCT/services/reference-control-plane/src/postgres-repository.mjs	8609	8cfd2e60921fefdcede89e7f83739360d1af82a99546d571d3cfb767e3adaee3
SOURCE/PRODUCT/services/reference-control-plane/src/privacy.mjs	1652	3f92fddc3bd0132dc824c42f576b4bcef2387e7567990fe4882591f1273b7799
SOURCE/PRODUCT/services/reference-control-plane/src/production-readiness.mjs	1374	8c3ceb675e464cafc10d367665f3cc1b70db28f5a6da19378a44c7ee0f6d55b0
SOURCE/PRODUCT/services/reference-control-plane/src/server.mjs	33654	20e759d418ebbd6054addf4764b461391509bbb1ee151dc86515650511c461c1
SOURCE/PRODUCT/services/reference-control-plane/src/store.mjs	772	0959d1554ed9798117accbcf1bd04a4c8c62c7df8c7d006c0ec345224dd6ff58
SOURCE/PRODUCT/services/reference-control-plane/test/ai-agent-service.test.mjs	3057	6a149a51eb419fbcdf30fae87ff71e2e0e8691cfa98807e3c36c3e24251aeba6
SOURCE/PRODUCT/services/reference-control-plane/test/ai-context-graph.test.mjs	2734	3a2a9d7076b997bfcf80dec3ffb205c53ac7eceb08c8f4dc0734b02f2ea63849
SOURCE/PRODUCT/services/reference-control-plane/test/ai-provider-gateway.test.mjs	6614	e539e5ddca34152e1c8558484d564efee8dbb07518bfa04db0cdcbf8f2fa6aba
SOURCE/PRODUCT/services/reference-control-plane/test/ai-workspace.test.mjs	7815	7d14f5858e5e8618a82eae3a5099860ff01527218311e6a05fab60d7b652f80a
SOURCE/PRODUCT/services/reference-control-plane/test/audit.test.mjs	611	0dc13db7ae924c51169c2d82bcf2b26bf0503525cc391e1f6cc1d5637b4a4810
SOURCE/PRODUCT/services/reference-control-plane/test/auth.test.mjs	4009	ecdfd138008e9b02972bc30ec04aef65ddb1f066572dbbb805784bf547734c07
SOURCE/PRODUCT/services/reference-control-plane/test/authority-external-client.test.mjs	6252	9acd6fc361ffea18f404a54973a210c543080884e7d57d10781b1d6804f14240
SOURCE/PRODUCT/services/reference-control-plane/test/authority-ipc-frame.test.mjs	2881	78269c34e5b20de956f3537fb6d0c8d04615d061f922903979c83e8afd68dc10
SOURCE/PRODUCT/services/reference-control-plane/test/authority-protocol.test.mjs	5737	0420f827bf2ffe80623b1247dd2e5a0bab5b7bae34da7bfc5f4a4d08abc8f7d9
SOURCE/PRODUCT/services/reference-control-plane/test/authority.test.mjs	1765	e0ad4ac9a964432baeaf0c1fba0f8d7f1774e50af29529d9ea92d644c3732744
SOURCE/PRODUCT/services/reference-control-plane/test/canonical-json.test.mjs	1756	8cfb06c882c1b7b7b71bc75717fcac5bcdb5e5e86fae47a0d0567add592125ca
SOURCE/PRODUCT/services/reference-control-plane/test/conformance.test.mjs	3234	054bfb394da16242439ff8bd6531e103634fe60ed2d6b1bae6bde0ec9b395c9f
SOURCE/PRODUCT/services/reference-control-plane/test/data-plane.test.mjs	1187	e66e76e475765ce51c826e93ef8fa955cc464d4b27169953a8c34f1d61707242
SOURCE/PRODUCT/services/reference-control-plane/test/hardware.test.mjs	839	c662f8af3924621e343139e6ca802f0fc109f1af94bc45a3f8980634efa42a45
SOURCE/PRODUCT/services/reference-control-plane/test/http-security.test.mjs	876	9111e210f12048e507a26fed9f1136ee33a488e8dfa2ba28d09344242d18d36e
SOURCE/PRODUCT/services/reference-control-plane/test/postgres-repository.test.mjs	12801	736a61afc730cda28ad3092edc87d3f131c0b5a1e4febbafa3401ee63cceb0c0
SOURCE/PRODUCT/services/reference-control-plane/test/production-readiness.test.mjs	2765	22e4f03cc97878ef811fd160ea6aabc53c3329f42332524fe53db7a1b8d0bcc6
SOURCE/PRODUCT/services/reference-control-plane/test/security.test.mjs	1630	d17eed773cdfc11d7310362ed8dbab1880dfa7553c29a3cab8ffa66bcc9330fb
SOURCE/PRODUCT/tests/runtime/README.md	495	e5345a00491368ac9ee02ee85818c4ff5f56cb61acfc85d017142186bc903370
SOURCE/PRODUCT/tests/runtime/migration-plan-smoke.py	1996	4e60c294ab3f628d99c60b801e8d08288c02e12b11dddc849ce1affcf58cf6dd
SOURCE/PRODUCT/tests/runtime/production-gate-smoke.py	6552	58cd8ebd388e9f4abef64eb83fed298feff38f79972993072fe4acb6dd4e5f4d
SOURCE/PRODUCT/tests/runtime/readiness-compiler-smoke.py	3203	f3d6609f442fb5042ff4fc01b9a863287133d395d460b4357e9cc93f6a98a564
SOURCE/PRODUCT/tests/runtime/runtime-v030-smoke.mjs	5067	55ba1e43d5199cb1c51058645f9594a7092851e93c2646358087463462ae5045
SOURCE/PRODUCT/tests/runtime/runtime-v040-smoke.mjs	6775	e6150a57e87c60ec6f9092c010accad20372d0a2fb20d019d658d423e1189f3a
SOURCE/PRODUCT/tests/runtime/runtime-v050-smoke.mjs	6871	0fa534f64ea2a552216550d67ec7074f2365c854818966c91706fa087d21e0e9
SOURCE/PRODUCT/tests/runtime/secure-runtime-smoke.mjs	4581	b3446602dbf96014b3dbf4b3f6384d2400144e130ddc832a56a77dafb1657a4c
SOURCE/PRODUCT/tools/__pycache__/create-rust-build-provenance.cpython-313.pyc	9185	3106bc77c881ab6632079560c1fd4dfb96db09a63455550d2e91783164ee5728
SOURCE/PRODUCT/tools/__pycache__/verify-rust-build-provenance.cpython-313.pyc	4665	92ca5dedb3613540b53c1bcdfeedce8a844b180c495f2c3c139db8256d373497
SOURCE/PRODUCT/tools/auth-http-smoke.mjs	4965	6cb7efed7c4a9d8acd957e518da67f76471424e6892ad65224adc78ce35e5544
SOURCE/PRODUCT/tools/create-rust-build-provenance.py	5879	dfe9c0ebd86b43c5f69fb74097a9a818d6c05e87b722316b5a37a62feafffde6
SOURCE/PRODUCT/tools/http-smoke.mjs	940	853930c4fb62d79428ffa82e5348cb55c7845da33d03bcdc35117fc75d461cda
SOURCE/PRODUCT/tools/test-rust-build-provenance.py	4340	c2db3112afbc3078dd9922105fa5c02c1c81e8f37af997b108a7b708eaffc67c
SOURCE/PRODUCT/tools/verify-package.py	7587	40e7ad126b328c1016dc72410b0c2a1bccac815bbe02a31dab469c0541663f79
SOURCE/PRODUCT/tools/verify-postgres-contract.py	2039	2bd6510a38f55e2752a726fe0ae4f583d09aaf8ed4be2be4bb0c203f2fc459c7
SOURCE/PRODUCT/tools/verify-postgres-migrations.py	5926	3c86f62ef5eec8700fee89b60194a25dadfe5fcc49a89196d8ce469b3666dd8a
SOURCE/PRODUCT/tools/verify-rust-authority-source.py	3380	f348bd6d9fcfec88559bac345e7735f036c68d6379e7348b592487d1e05dfd78
SOURCE/PRODUCT/tools/verify-rust-build-provenance.py	2673	6d3e25cc8b7f3d8af82c0029645edca09bc326ed28545fc223a7dfc5658099b9
SOURCE/PRODUCT/tools/verify-source.mjs	5524	9fe3fa002e69e0c1b12ad56ceeb713cff57b4f62a53e113df922a48d57cec023
SOURCE/PRODUCT/updates/README.md	443	7013d5d46e37a68770abb246efa1f5db187ba9c7f5be7875dae7144c2495c0d6
SOURCE/PRODUCT/updates/verify-offline-update.py	1546	66a954df1cbb3fff546ea3ac3dc0887ba53e2f3f225a1ee0c3791948d4a7c3ee
